repository,issue_number,issue_url,state,decision,decision_provenance
infiniflow/ragflow,193,https://github.com/infiniflow/ragflow/issues/193,closed,Exclude,Absent from final dataset; criterion-level exclusion reason was not retained
infiniflow/ragflow,202,https://github.com/infiniflow/ragflow/issues/202,closed,Exclude,Absent from final dataset; criterion-level exclusion reason was not retained
infiniflow/ragflow,207,https://github.com/infiniflow/ragflow/issues/207,closed,Exclude,Absent from final dataset; criterion-level exclusion reason was not retained
infiniflow/ragflow,208,https://github.com/infiniflow/ragflow/issues/208,closed,Exclude,Absent from final dataset; criterion-level exclusion reason was not retained
infiniflow/ragflow,209,https://github.com/infiniflow/ragflow/issues/209,closed,Include,Present in released 654-issue dataset
infiniflow/ragflow,217,https://github.com/infiniflow/ragflow/issues/217,closed,Exclude,Absent from final dataset; criterion-level exclusion reason was not retained
infiniflow/ragflow,220,https://github.com/infiniflow/ragflow/issues/220,closed,Exclude,Absent from final dataset; criterion-level exclusion reason was not retained
infiniflow/ragflow,231,https://github.com/infiniflow/ragflow/issues/231,closed,Exclude,Absent from final dataset; criterion-level exclusion reason was not retained
infiniflow/ragflow,232,https://github.com/infiniflow/ragflow/issues/232,closed,Exclude,Absent from final dataset; criterion-level exclusion reason was not retained
infiniflow/ragflow,249,https://github.com/infiniflow/ragflow/issues/249,closed,Exclude,Absent from final dataset; criterion-level exclusion reason was not retained
infiniflow/ragflow,252,https://github.com/infiniflow/ragflow/issues/252,closed,Exclude,Absent from final dataset; criterion-level exclusion reason was not retained
infiniflow/ragflow,256,https://github.com/infiniflow/ragflow/issues/256,closed,Exclude,Absent from final dataset; criterion-level exclusion reason was not retained
infiniflow/ragflow,265,https://github.com/infiniflow/ragflow/issues/265,closed,Include,Present in released 654-issue dataset
infiniflow/ragflow,279,https://github.com/infiniflow/ragflow/issues/279,closed,Exclude,Absent from final dataset; criterion-level exclusion reason was not retained
infiniflow/ragflow,281,https://github.com/infiniflow/ragflow/issues/281,closed,Exclude,Absent from final dataset; criterion-level exclusion reason was not retained
infiniflow/ragflow,284,https://github.com/infiniflow/ragflow/issues/284,closed,Exclude,Absent from final dataset; criterion-level exclusion reason was not retained
infiniflow/ragflow,295,https://github.com/infiniflow/ragflow/issues/295,closed,Exclude,Absent from final dataset; criterion-level exclusion reason was not retained
infiniflow/ragflow,323,https://github.com/infiniflow/ragflow/issues/323,closed,Exclude,Absent from final dataset; criterion-level exclusion reason was not retained
infiniflow/ragflow,325,https://github.com/infiniflow/ragflow/issues/325,closed,Exclude,Absent from final dataset; criterion-level exclusion reason was not retained
infiniflow/ragflow,331,https://github.com/infiniflow/ragflow/issues/331,closed,Exclude,Absent from final dataset; criterion-level exclusion reason was not retained
infiniflow/ragflow,341,https://github.com/infiniflow/ragflow/issues/341,closed,Exclude,Absent from final dataset; criterion-level exclusion reason was not retained
infiniflow/ragflow,346,https://github.com/infiniflow/ragflow/issues/346,closed,Exclude,Absent from final dataset; criterion-level exclusion reason was not retained
infiniflow/ragflow,366,https://github.com/infiniflow/ragflow/issues/366,closed,Exclude,Absent from final dataset; criterion-level exclusion reason was not retained
infiniflow/ragflow,384,https://github.com/infiniflow/ragflow/issues/384,closed,Exclude,Absent from final dataset; criterion-level exclusion reason was not retained
infiniflow/ragflow,386,https://github.com/infiniflow/ragflow/issues/386,closed,Exclude,Absent from final dataset; criterion-level exclusion reason was not retained
infiniflow/ragflow,401,https://github.com/infiniflow/ragflow/issues/401,closed,Exclude,Absent from final dataset; criterion-level exclusion reason was not retained
infiniflow/ragflow,402,https://github.com/infiniflow/ragflow/issues/402,closed,Exclude,Absent from final dataset; criterion-level exclusion reason was not retained
infiniflow/ragflow,405,https://github.com/infiniflow/ragflow/issues/405,closed,Exclude,Absent from final dataset; criterion-level exclusion reason was not retained
infiniflow/ragflow,423,https://github.com/infiniflow/ragflow/issues/423,closed,Include,Present in released 654-issue dataset
infiniflow/ragflow,427,https://github.com/infiniflow/ragflow/issues/427,closed,Exclude,Absent from final dataset; criterion-level exclusion reason was not retained
infiniflow/ragflow,432,https://github.com/infiniflow/ragflow/issues/432,closed,Exclude,Absent from final dataset; criterion-level exclusion reason was not retained
infiniflow/ragflow,436,https://github.com/infiniflow/ragflow/issues/436,closed,Include,Present in released 654-issue dataset
infiniflow/ragflow,437,https://github.com/infiniflow/ragflow/issues/437,closed,Exclude,Absent from final dataset; criterion-level exclusion reason was not retained
infiniflow/ragflow,444,https://github.com/infiniflow/ragflow/issues/444,closed,Exclude,Absent from final dataset; criterion-level exclusion reason was not retained
infiniflow/ragflow,446,https://github.com/infiniflow/ragflow/issues/446,closed,Exclude,Absent from final dataset; criterion-level exclusion reason was not retained
infiniflow/ragflow,451,https://github.com/infiniflow/ragflow/issues/451,closed,Exclude,Absent from final dataset; criterion-level exclusion reason was not retained
infiniflow/ragflow,474,https://github.com/infiniflow/ragflow/issues/474,closed,Exclude,Absent from final dataset; criterion-level exclusion reason was not retained
infiniflow/ragflow,476,https://github.com/infiniflow/ragflow/issues/476,closed,Exclude,Absent from final dataset; criterion-level exclusion reason was not retained
infiniflow/ragflow,477,https://github.com/infiniflow/ragflow/issues/477,closed,Include,Present in released 654-issue dataset
infiniflow/ragflow,495,https://github.com/infiniflow/ragflow/issues/495,closed,Exclude,Absent from final dataset; criterion-level exclusion reason was not retained
infiniflow/ragflow,502,https://github.com/infiniflow/ragflow/issues/502,closed,Include,Present in released 654-issue dataset
infiniflow/ragflow,509,https://github.com/infiniflow/ragflow/issues/509,closed,Include,Present in released 654-issue dataset
infiniflow/ragflow,513,https://github.com/infiniflow/ragflow/issues/513,closed,Exclude,Absent from final dataset; criterion-level exclusion reason was not retained
infiniflow/ragflow,514,https://github.com/infiniflow/ragflow/issues/514,closed,Exclude,Absent from final dataset; criterion-level exclusion reason was not retained
infiniflow/ragflow,517,https://github.com/infiniflow/ragflow/issues/517,closed,Exclude,Absent from final dataset; criterion-level exclusion reason was not retained
infiniflow/ragflow,546,https://github.com/infiniflow/ragflow/issues/546,closed,Exclude,Absent from final dataset; criterion-level exclusion reason was not retained
infiniflow/ragflow,563,https://github.com/infiniflow/ragflow/issues/563,closed,Exclude,Absent from final dataset; criterion-level exclusion reason was not retained
infiniflow/ragflow,580,https://github.com/infiniflow/ragflow/issues/580,closed,Exclude,Absent from final dataset; criterion-level exclusion reason was not retained
infiniflow/ragflow,585,https://github.com/infiniflow/ragflow/issues/585,closed,Exclude,Absent from final dataset; criterion-level exclusion reason was not retained
infiniflow/ragflow,587,https://github.com/infiniflow/ragflow/issues/587,closed,Exclude,Absent from final dataset; criterion-level exclusion reason was not retained
infiniflow/ragflow,591,https://github.com/infiniflow/ragflow/issues/591,closed,Exclude,Absent from final dataset; criterion-level exclusion reason was not retained
infiniflow/ragflow,610,https://github.com/infiniflow/ragflow/issues/610,closed,Exclude,Absent from final dataset; criterion-level exclusion reason was not retained
infiniflow/ragflow,612,https://github.com/infiniflow/ragflow/issues/612,closed,Exclude,Absent from final dataset; criterion-level exclusion reason was not retained
infiniflow/ragflow,627,https://github.com/infiniflow/ragflow/issues/627,closed,Exclude,Absent from final dataset; criterion-level exclusion reason was not retained
infiniflow/ragflow,651,https://github.com/infiniflow/ragflow/issues/651,closed,Include,Present in released 654-issue dataset
infiniflow/ragflow,655,https://github.com/infiniflow/ragflow/issues/655,closed,Exclude,Absent from final dataset; criterion-level exclusion reason was not retained
infiniflow/ragflow,661,https://github.com/infiniflow/ragflow/issues/661,closed,Exclude,Absent from final dataset; criterion-level exclusion reason was not retained
infiniflow/ragflow,703,https://github.com/infiniflow/ragflow/issues/703,closed,Exclude,Absent from final dataset; criterion-level exclusion reason was not retained
infiniflow/ragflow,715,https://github.com/infiniflow/ragflow/issues/715,closed,Exclude,Absent from final dataset; criterion-level exclusion reason was not retained
infiniflow/ragflow,721,https://github.com/infiniflow/ragflow/issues/721,closed,Exclude,Absent from final dataset; criterion-level exclusion reason was not retained
infiniflow/ragflow,729,https://github.com/infiniflow/ragflow/issues/729,closed,Exclude,Absent from final dataset; criterion-level exclusion reason was not retained
infiniflow/ragflow,734,https://github.com/infiniflow/ragflow/issues/734,closed,Exclude,Absent from final dataset; criterion-level exclusion reason was not retained
infiniflow/ragflow,802,https://github.com/infiniflow/ragflow/issues/802,closed,Exclude,Absent from final dataset; criterion-level exclusion reason was not retained
infiniflow/ragflow,832,https://github.com/infiniflow/ragflow/issues/832,closed,Exclude,Absent from final dataset; criterion-level exclusion reason was not retained
infiniflow/ragflow,834,https://github.com/infiniflow/ragflow/issues/834,closed,Include,Present in released 654-issue dataset
infiniflow/ragflow,849,https://github.com/infiniflow/ragflow/issues/849,closed,Exclude,Absent from final dataset; criterion-level exclusion reason was not retained
infiniflow/ragflow,858,https://github.com/infiniflow/ragflow/issues/858,closed,Exclude,Absent from final dataset; criterion-level exclusion reason was not retained
infiniflow/ragflow,862,https://github.com/infiniflow/ragflow/issues/862,closed,Exclude,Absent from final dataset; criterion-level exclusion reason was not retained
infiniflow/ragflow,879,https://github.com/infiniflow/ragflow/issues/879,closed,Exclude,Absent from final dataset; criterion-level exclusion reason was not retained
infiniflow/ragflow,888,https://github.com/infiniflow/ragflow/issues/888,closed,Exclude,Absent from final dataset; criterion-level exclusion reason was not retained
infiniflow/ragflow,893,https://github.com/infiniflow/ragflow/issues/893,closed,Exclude,Absent from final dataset; criterion-level exclusion reason was not retained
infiniflow/ragflow,907,https://github.com/infiniflow/ragflow/issues/907,closed,Exclude,Absent from final dataset; criterion-level exclusion reason was not retained
infiniflow/ragflow,913,https://github.com/infiniflow/ragflow/issues/913,closed,Exclude,Absent from final dataset; criterion-level exclusion reason was not retained
infiniflow/ragflow,914,https://github.com/infiniflow/ragflow/issues/914,closed,Exclude,Absent from final dataset; criterion-level exclusion reason was not retained
infiniflow/ragflow,920,https://github.com/infiniflow/ragflow/issues/920,closed,Exclude,Absent from final dataset; criterion-level exclusion reason was not retained
infiniflow/ragflow,921,https://github.com/infiniflow/ragflow/issues/921,closed,Exclude,Absent from final dataset; criterion-level exclusion reason was not retained
infiniflow/ragflow,922,https://github.com/infiniflow/ragflow/issues/922,closed,Include,Present in released 654-issue dataset
infiniflow/ragflow,927,https://github.com/infiniflow/ragflow/issues/927,closed,Exclude,Absent from final dataset; criterion-level exclusion reason was not retained
infiniflow/ragflow,932,https://github.com/infiniflow/ragflow/issues/932,closed,Exclude,Absent from final dataset; criterion-level exclusion reason was not retained
infiniflow/ragflow,933,https://github.com/infiniflow/ragflow/issues/933,closed,Exclude,Absent from final dataset; criterion-level exclusion reason was not retained
infiniflow/ragflow,947,https://github.com/infiniflow/ragflow/issues/947,closed,Exclude,Absent from final dataset; criterion-level exclusion reason was not retained
infiniflow/ragflow,951,https://github.com/infiniflow/ragflow/issues/951,closed,Exclude,Absent from final dataset; criterion-level exclusion reason was not retained
infiniflow/ragflow,953,https://github.com/infiniflow/ragflow/issues/953,closed,Exclude,Absent from final dataset; criterion-level exclusion reason was not retained
infiniflow/ragflow,955,https://github.com/infiniflow/ragflow/issues/955,closed,Exclude,Absent from final dataset; criterion-level exclusion reason was not retained
infiniflow/ragflow,963,https://github.com/infiniflow/ragflow/issues/963,closed,Include,Present in released 654-issue dataset
infiniflow/ragflow,980,https://github.com/infiniflow/ragflow/issues/980,closed,Include,Present in released 654-issue dataset
infiniflow/ragflow,991,https://github.com/infiniflow/ragflow/issues/991,closed,Include,Present in released 654-issue dataset
infiniflow/ragflow,992,https://github.com/infiniflow/ragflow/issues/992,closed,Exclude,Absent from final dataset; criterion-level exclusion reason was not retained
infiniflow/ragflow,994,https://github.com/infiniflow/ragflow/issues/994,closed,Include,Present in released 654-issue dataset
infiniflow/ragflow,995,https://github.com/infiniflow/ragflow/issues/995,closed,Include,Present in released 654-issue dataset
infiniflow/ragflow,1010,https://github.com/infiniflow/ragflow/issues/1010,closed,Exclude,Absent from final dataset; criterion-level exclusion reason was not retained
infiniflow/ragflow,1026,https://github.com/infiniflow/ragflow/issues/1026,closed,Exclude,Absent from final dataset; criterion-level exclusion reason was not retained
infiniflow/ragflow,1048,https://github.com/infiniflow/ragflow/issues/1048,closed,Exclude,Absent from final dataset; criterion-level exclusion reason was not retained
infiniflow/ragflow,1058,https://github.com/infiniflow/ragflow/issues/1058,closed,Exclude,Absent from final dataset; criterion-level exclusion reason was not retained
infiniflow/ragflow,1087,https://github.com/infiniflow/ragflow/issues/1087,closed,Exclude,Absent from final dataset; criterion-level exclusion reason was not retained
infiniflow/ragflow,1099,https://github.com/infiniflow/ragflow/issues/1099,closed,Exclude,Absent from final dataset; criterion-level exclusion reason was not retained
infiniflow/ragflow,1108,https://github.com/infiniflow/ragflow/issues/1108,closed,Exclude,Absent from final dataset; criterion-level exclusion reason was not retained
infiniflow/ragflow,1137,https://github.com/infiniflow/ragflow/issues/1137,closed,Exclude,Absent from final dataset; criterion-level exclusion reason was not retained
infiniflow/ragflow,1139,https://github.com/infiniflow/ragflow/issues/1139,closed,Exclude,Absent from final dataset; criterion-level exclusion reason was not retained
infiniflow/ragflow,1150,https://github.com/infiniflow/ragflow/issues/1150,closed,Exclude,Absent from final dataset; criterion-level exclusion reason was not retained
infiniflow/ragflow,1154,https://github.com/infiniflow/ragflow/issues/1154,closed,Exclude,Absent from final dataset; criterion-level exclusion reason was not retained
infiniflow/ragflow,1158,https://github.com/infiniflow/ragflow/issues/1158,closed,Exclude,Absent from final dataset; criterion-level exclusion reason was not retained
infiniflow/ragflow,1159,https://github.com/infiniflow/ragflow/issues/1159,closed,Include,Present in released 654-issue dataset
infiniflow/ragflow,1162,https://github.com/infiniflow/ragflow/issues/1162,closed,Exclude,Absent from final dataset; criterion-level exclusion reason was not retained
infiniflow/ragflow,1172,https://github.com/infiniflow/ragflow/issues/1172,closed,Exclude,Absent from final dataset; criterion-level exclusion reason was not retained
infiniflow/ragflow,1179,https://github.com/infiniflow/ragflow/issues/1179,closed,Exclude,Absent from final dataset; criterion-level exclusion reason was not retained
infiniflow/ragflow,1182,https://github.com/infiniflow/ragflow/issues/1182,closed,Exclude,Absent from final dataset; criterion-level exclusion reason was not retained
infiniflow/ragflow,1183,https://github.com/infiniflow/ragflow/issues/1183,closed,Exclude,Absent from final dataset; criterion-level exclusion reason was not retained
infiniflow/ragflow,1207,https://github.com/infiniflow/ragflow/issues/1207,closed,Exclude,Absent from final dataset; criterion-level exclusion reason was not retained
infiniflow/ragflow,1210,https://github.com/infiniflow/ragflow/issues/1210,closed,Include,Present in released 654-issue dataset
infiniflow/ragflow,1234,https://github.com/infiniflow/ragflow/issues/1234,closed,Exclude,Absent from final dataset; criterion-level exclusion reason was not retained
infiniflow/ragflow,1237,https://github.com/infiniflow/ragflow/issues/1237,closed,Exclude,Absent from final dataset; criterion-level exclusion reason was not retained
infiniflow/ragflow,1238,https://github.com/infiniflow/ragflow/issues/1238,closed,Exclude,Absent from final dataset; criterion-level exclusion reason was not retained
infiniflow/ragflow,1239,https://github.com/infiniflow/ragflow/issues/1239,closed,Exclude,Absent from final dataset; criterion-level exclusion reason was not retained
infiniflow/ragflow,1250,https://github.com/infiniflow/ragflow/issues/1250,closed,Include,Present in released 654-issue dataset
infiniflow/ragflow,1272,https://github.com/infiniflow/ragflow/issues/1272,closed,Exclude,Absent from final dataset; criterion-level exclusion reason was not retained
infiniflow/ragflow,1288,https://github.com/infiniflow/ragflow/issues/1288,closed,Include,Present in released 654-issue dataset
infiniflow/ragflow,1304,https://github.com/infiniflow/ragflow/issues/1304,closed,Exclude,Absent from final dataset; criterion-level exclusion reason was not retained
infiniflow/ragflow,1306,https://github.com/infiniflow/ragflow/issues/1306,closed,Exclude,Absent from final dataset; criterion-level exclusion reason was not retained
infiniflow/ragflow,1317,https://github.com/infiniflow/ragflow/issues/1317,closed,Exclude,Absent from final dataset; criterion-level exclusion reason was not retained
infiniflow/ragflow,1328,https://github.com/infiniflow/ragflow/issues/1328,closed,Exclude,Absent from final dataset; criterion-level exclusion reason was not retained
infiniflow/ragflow,1340,https://github.com/infiniflow/ragflow/issues/1340,closed,Include,Present in released 654-issue dataset
infiniflow/ragflow,1342,https://github.com/infiniflow/ragflow/issues/1342,closed,Exclude,Absent from final dataset; criterion-level exclusion reason was not retained
infiniflow/ragflow,1345,https://github.com/infiniflow/ragflow/issues/1345,closed,Exclude,Absent from final dataset; criterion-level exclusion reason was not retained
infiniflow/ragflow,1352,https://github.com/infiniflow/ragflow/issues/1352,closed,Exclude,Absent from final dataset; criterion-level exclusion reason was not retained
infiniflow/ragflow,1389,https://github.com/infiniflow/ragflow/issues/1389,closed,Exclude,Absent from final dataset; criterion-level exclusion reason was not retained
infiniflow/ragflow,1395,https://github.com/infiniflow/ragflow/issues/1395,closed,Include,Present in released 654-issue dataset
infiniflow/ragflow,1400,https://github.com/infiniflow/ragflow/issues/1400,closed,Exclude,Absent from final dataset; criterion-level exclusion reason was not retained
infiniflow/ragflow,1402,https://github.com/infiniflow/ragflow/issues/1402,closed,Include,Present in released 654-issue dataset
infiniflow/ragflow,1403,https://github.com/infiniflow/ragflow/issues/1403,closed,Include,Present in released 654-issue dataset
infiniflow/ragflow,1407,https://github.com/infiniflow/ragflow/issues/1407,closed,Include,Present in released 654-issue dataset
infiniflow/ragflow,1425,https://github.com/infiniflow/ragflow/issues/1425,closed,Exclude,Absent from final dataset; criterion-level exclusion reason was not retained
infiniflow/ragflow,1436,https://github.com/infiniflow/ragflow/issues/1436,closed,Include,Present in released 654-issue dataset
infiniflow/ragflow,1453,https://github.com/infiniflow/ragflow/issues/1453,closed,Exclude,Absent from final dataset; criterion-level exclusion reason was not retained
infiniflow/ragflow,1472,https://github.com/infiniflow/ragflow/issues/1472,closed,Include,Present in released 654-issue dataset
infiniflow/ragflow,1475,https://github.com/infiniflow/ragflow/issues/1475,closed,Include,Present in released 654-issue dataset
infiniflow/ragflow,1501,https://github.com/infiniflow/ragflow/issues/1501,closed,Exclude,Absent from final dataset; criterion-level exclusion reason was not retained
infiniflow/ragflow,1507,https://github.com/infiniflow/ragflow/issues/1507,closed,Exclude,Absent from final dataset; criterion-level exclusion reason was not retained
infiniflow/ragflow,1522,https://github.com/infiniflow/ragflow/issues/1522,closed,Include,Present in released 654-issue dataset
infiniflow/ragflow,1543,https://github.com/infiniflow/ragflow/issues/1543,closed,Exclude,Absent from final dataset; criterion-level exclusion reason was not retained
infiniflow/ragflow,1547,https://github.com/infiniflow/ragflow/issues/1547,closed,Exclude,Absent from final dataset; criterion-level exclusion reason was not retained
infiniflow/ragflow,1569,https://github.com/infiniflow/ragflow/issues/1569,closed,Exclude,Absent from final dataset; criterion-level exclusion reason was not retained
infiniflow/ragflow,1582,https://github.com/infiniflow/ragflow/issues/1582,closed,Exclude,Absent from final dataset; criterion-level exclusion reason was not retained
infiniflow/ragflow,1600,https://github.com/infiniflow/ragflow/issues/1600,closed,Exclude,Absent from final dataset; criterion-level exclusion reason was not retained
infiniflow/ragflow,1623,https://github.com/infiniflow/ragflow/issues/1623,closed,Exclude,Absent from final dataset; criterion-level exclusion reason was not retained
infiniflow/ragflow,1627,https://github.com/infiniflow/ragflow/issues/1627,closed,Include,Present in released 654-issue dataset
infiniflow/ragflow,1628,https://github.com/infiniflow/ragflow/issues/1628,closed,Exclude,Absent from final dataset; criterion-level exclusion reason was not retained
infiniflow/ragflow,1631,https://github.com/infiniflow/ragflow/issues/1631,closed,Exclude,Absent from final dataset; criterion-level exclusion reason was not retained
infiniflow/ragflow,1634,https://github.com/infiniflow/ragflow/issues/1634,closed,Exclude,Absent from final dataset; criterion-level exclusion reason was not retained
infiniflow/ragflow,1651,https://github.com/infiniflow/ragflow/issues/1651,closed,Exclude,Absent from final dataset; criterion-level exclusion reason was not retained
infiniflow/ragflow,1687,https://github.com/infiniflow/ragflow/issues/1687,closed,Exclude,Absent from final dataset; criterion-level exclusion reason was not retained
infiniflow/ragflow,1704,https://github.com/infiniflow/ragflow/issues/1704,closed,Include,Present in released 654-issue dataset
infiniflow/ragflow,1726,https://github.com/infiniflow/ragflow/issues/1726,closed,Include,Present in released 654-issue dataset
infiniflow/ragflow,1741,https://github.com/infiniflow/ragflow/issues/1741,closed,Exclude,Absent from final dataset; criterion-level exclusion reason was not retained
infiniflow/ragflow,1743,https://github.com/infiniflow/ragflow/issues/1743,closed,Exclude,Absent from final dataset; criterion-level exclusion reason was not retained
infiniflow/ragflow,1761,https://github.com/infiniflow/ragflow/issues/1761,closed,Exclude,Absent from final dataset; criterion-level exclusion reason was not retained
infiniflow/ragflow,1767,https://github.com/infiniflow/ragflow/issues/1767,closed,Exclude,Absent from final dataset; criterion-level exclusion reason was not retained
infiniflow/ragflow,1769,https://github.com/infiniflow/ragflow/issues/1769,closed,Include,Present in released 654-issue dataset
infiniflow/ragflow,1775,https://github.com/infiniflow/ragflow/issues/1775,closed,Exclude,Absent from final dataset; criterion-level exclusion reason was not retained
infiniflow/ragflow,1776,https://github.com/infiniflow/ragflow/issues/1776,closed,Exclude,Absent from final dataset; criterion-level exclusion reason was not retained
infiniflow/ragflow,1781,https://github.com/infiniflow/ragflow/issues/1781,closed,Exclude,Absent from final dataset; criterion-level exclusion reason was not retained
infiniflow/ragflow,1782,https://github.com/infiniflow/ragflow/issues/1782,closed,Exclude,Absent from final dataset; criterion-level exclusion reason was not retained
infiniflow/ragflow,1800,https://github.com/infiniflow/ragflow/issues/1800,closed,Include,Present in released 654-issue dataset
infiniflow/ragflow,1803,https://github.com/infiniflow/ragflow/issues/1803,closed,Exclude,Absent from final dataset; criterion-level exclusion reason was not retained
infiniflow/ragflow,1804,https://github.com/infiniflow/ragflow/issues/1804,closed,Exclude,Absent from final dataset; criterion-level exclusion reason was not retained
infiniflow/ragflow,1816,https://github.com/infiniflow/ragflow/issues/1816,closed,Exclude,Absent from final dataset; criterion-level exclusion reason was not retained
infiniflow/ragflow,1825,https://github.com/infiniflow/ragflow/issues/1825,closed,Exclude,Absent from final dataset; criterion-level exclusion reason was not retained
infiniflow/ragflow,1828,https://github.com/infiniflow/ragflow/issues/1828,closed,Exclude,Absent from final dataset; criterion-level exclusion reason was not retained
infiniflow/ragflow,1835,https://github.com/infiniflow/ragflow/issues/1835,closed,Include,Present in released 654-issue dataset
infiniflow/ragflow,1848,https://github.com/infiniflow/ragflow/issues/1848,closed,Include,Present in released 654-issue dataset
infiniflow/ragflow,1860,https://github.com/infiniflow/ragflow/issues/1860,closed,Exclude,Absent from final dataset; criterion-level exclusion reason was not retained
infiniflow/ragflow,1861,https://github.com/infiniflow/ragflow/issues/1861,closed,Include,Present in released 654-issue dataset
infiniflow/ragflow,1863,https://github.com/infiniflow/ragflow/issues/1863,closed,Exclude,Absent from final dataset; criterion-level exclusion reason was not retained
infiniflow/ragflow,1903,https://github.com/infiniflow/ragflow/issues/1903,closed,Exclude,Absent from final dataset; criterion-level exclusion reason was not retained
infiniflow/ragflow,1912,https://github.com/infiniflow/ragflow/issues/1912,closed,Exclude,Absent from final dataset; criterion-level exclusion reason was not retained
infiniflow/ragflow,1936,https://github.com/infiniflow/ragflow/issues/1936,closed,Exclude,Absent from final dataset; criterion-level exclusion reason was not retained
infiniflow/ragflow,1958,https://github.com/infiniflow/ragflow/issues/1958,closed,Include,Present in released 654-issue dataset
infiniflow/ragflow,1968,https://github.com/infiniflow/ragflow/issues/1968,closed,Include,Present in released 654-issue dataset
infiniflow/ragflow,1975,https://github.com/infiniflow/ragflow/issues/1975,closed,Exclude,Absent from final dataset; criterion-level exclusion reason was not retained
infiniflow/ragflow,1995,https://github.com/infiniflow/ragflow/issues/1995,closed,Exclude,Absent from final dataset; criterion-level exclusion reason was not retained
infiniflow/ragflow,2011,https://github.com/infiniflow/ragflow/issues/2011,closed,Exclude,Absent from final dataset; criterion-level exclusion reason was not retained
infiniflow/ragflow,2032,https://github.com/infiniflow/ragflow/issues/2032,closed,Exclude,Absent from final dataset; criterion-level exclusion reason was not retained
infiniflow/ragflow,2053,https://github.com/infiniflow/ragflow/issues/2053,closed,Include,Present in released 654-issue dataset
infiniflow/ragflow,2058,https://github.com/infiniflow/ragflow/issues/2058,closed,Exclude,Absent from final dataset; criterion-level exclusion reason was not retained
infiniflow/ragflow,2072,https://github.com/infiniflow/ragflow/issues/2072,closed,Exclude,Absent from final dataset; criterion-level exclusion reason was not retained
infiniflow/ragflow,2081,https://github.com/infiniflow/ragflow/issues/2081,closed,Exclude,Absent from final dataset; criterion-level exclusion reason was not retained
infiniflow/ragflow,2085,https://github.com/infiniflow/ragflow/issues/2085,closed,Include,Present in released 654-issue dataset
infiniflow/ragflow,2117,https://github.com/infiniflow/ragflow/issues/2117,closed,Exclude,Absent from final dataset; criterion-level exclusion reason was not retained
infiniflow/ragflow,2124,https://github.com/infiniflow/ragflow/issues/2124,closed,Exclude,Absent from final dataset; criterion-level exclusion reason was not retained
infiniflow/ragflow,2172,https://github.com/infiniflow/ragflow/issues/2172,closed,Exclude,Absent from final dataset; criterion-level exclusion reason was not retained
infiniflow/ragflow,2173,https://github.com/infiniflow/ragflow/issues/2173,closed,Exclude,Absent from final dataset; criterion-level exclusion reason was not retained
infiniflow/ragflow,2198,https://github.com/infiniflow/ragflow/issues/2198,closed,Include,Present in released 654-issue dataset
infiniflow/ragflow,2231,https://github.com/infiniflow/ragflow/issues/2231,closed,Include,Present in released 654-issue dataset
infiniflow/ragflow,2243,https://github.com/infiniflow/ragflow/issues/2243,closed,Exclude,Absent from final dataset; criterion-level exclusion reason was not retained
infiniflow/ragflow,2258,https://github.com/infiniflow/ragflow/issues/2258,closed,Exclude,Absent from final dataset; criterion-level exclusion reason was not retained
infiniflow/ragflow,2263,https://github.com/infiniflow/ragflow/issues/2263,closed,Exclude,Absent from final dataset; criterion-level exclusion reason was not retained
infiniflow/ragflow,2270,https://github.com/infiniflow/ragflow/issues/2270,closed,Include,Present in released 654-issue dataset
infiniflow/ragflow,2275,https://github.com/infiniflow/ragflow/issues/2275,closed,Exclude,Absent from final dataset; criterion-level exclusion reason was not retained
infiniflow/ragflow,2296,https://github.com/infiniflow/ragflow/issues/2296,closed,Exclude,Absent from final dataset; criterion-level exclusion reason was not retained
infiniflow/ragflow,2297,https://github.com/infiniflow/ragflow/issues/2297,closed,Exclude,Absent from final dataset; criterion-level exclusion reason was not retained
infiniflow/ragflow,2300,https://github.com/infiniflow/ragflow/issues/2300,closed,Exclude,Absent from final dataset; criterion-level exclusion reason was not retained
infiniflow/ragflow,2310,https://github.com/infiniflow/ragflow/issues/2310,closed,Exclude,Absent from final dataset; criterion-level exclusion reason was not retained
infiniflow/ragflow,2315,https://github.com/infiniflow/ragflow/issues/2315,closed,Exclude,Absent from final dataset; criterion-level exclusion reason was not retained
infiniflow/ragflow,2329,https://github.com/infiniflow/ragflow/issues/2329,closed,Exclude,Absent from final dataset; criterion-level exclusion reason was not retained
infiniflow/ragflow,2332,https://github.com/infiniflow/ragflow/issues/2332,closed,Exclude,Absent from final dataset; criterion-level exclusion reason was not retained
infiniflow/ragflow,2333,https://github.com/infiniflow/ragflow/issues/2333,closed,Exclude,Absent from final dataset; criterion-level exclusion reason was not retained
infiniflow/ragflow,2359,https://github.com/infiniflow/ragflow/issues/2359,closed,Include,Present in released 654-issue dataset
infiniflow/ragflow,2362,https://github.com/infiniflow/ragflow/issues/2362,closed,Include,Present in released 654-issue dataset
infiniflow/ragflow,2367,https://github.com/infiniflow/ragflow/issues/2367,closed,Exclude,Absent from final dataset; criterion-level exclusion reason was not retained
infiniflow/ragflow,2401,https://github.com/infiniflow/ragflow/issues/2401,closed,Exclude,Absent from final dataset; criterion-level exclusion reason was not retained
infiniflow/ragflow,2402,https://github.com/infiniflow/ragflow/issues/2402,closed,Include,Present in released 654-issue dataset
infiniflow/ragflow,2424,https://github.com/infiniflow/ragflow/issues/2424,closed,Exclude,Absent from final dataset; criterion-level exclusion reason was not retained
infiniflow/ragflow,2426,https://github.com/infiniflow/ragflow/issues/2426,closed,Exclude,Absent from final dataset; criterion-level exclusion reason was not retained
infiniflow/ragflow,2428,https://github.com/infiniflow/ragflow/issues/2428,closed,Exclude,Absent from final dataset; criterion-level exclusion reason was not retained
infiniflow/ragflow,2451,https://github.com/infiniflow/ragflow/issues/2451,closed,Exclude,Absent from final dataset; criterion-level exclusion reason was not retained
infiniflow/ragflow,2452,https://github.com/infiniflow/ragflow/issues/2452,closed,Exclude,Absent from final dataset; criterion-level exclusion reason was not retained
infiniflow/ragflow,2459,https://github.com/infiniflow/ragflow/issues/2459,closed,Exclude,Absent from final dataset; criterion-level exclusion reason was not retained
infiniflow/ragflow,2463,https://github.com/infiniflow/ragflow/issues/2463,closed,Include,Present in released 654-issue dataset
infiniflow/ragflow,2465,https://github.com/infiniflow/ragflow/issues/2465,closed,Exclude,Absent from final dataset; criterion-level exclusion reason was not retained
infiniflow/ragflow,2479,https://github.com/infiniflow/ragflow/issues/2479,closed,Exclude,Absent from final dataset; criterion-level exclusion reason was not retained
infiniflow/ragflow,2499,https://github.com/infiniflow/ragflow/issues/2499,closed,Exclude,Absent from final dataset; criterion-level exclusion reason was not retained
infiniflow/ragflow,2506,https://github.com/infiniflow/ragflow/issues/2506,closed,Include,Present in released 654-issue dataset
infiniflow/ragflow,2527,https://github.com/infiniflow/ragflow/issues/2527,closed,Exclude,Absent from final dataset; criterion-level exclusion reason was not retained
infiniflow/ragflow,2543,https://github.com/infiniflow/ragflow/issues/2543,closed,Exclude,Absent from final dataset; criterion-level exclusion reason was not retained
infiniflow/ragflow,2545,https://github.com/infiniflow/ragflow/issues/2545,closed,Include,Present in released 654-issue dataset
infiniflow/ragflow,2548,https://github.com/infiniflow/ragflow/issues/2548,closed,Exclude,Absent from final dataset; criterion-level exclusion reason was not retained
infiniflow/ragflow,2552,https://github.com/infiniflow/ragflow/issues/2552,closed,Include,Present in released 654-issue dataset
infiniflow/ragflow,2554,https://github.com/infiniflow/ragflow/issues/2554,closed,Exclude,Absent from final dataset; criterion-level exclusion reason was not retained
infiniflow/ragflow,2559,https://github.com/infiniflow/ragflow/issues/2559,closed,Exclude,Absent from final dataset; criterion-level exclusion reason was not retained
infiniflow/ragflow,2566,https://github.com/infiniflow/ragflow/issues/2566,closed,Exclude,Absent from final dataset; criterion-level exclusion reason was not retained
infiniflow/ragflow,2575,https://github.com/infiniflow/ragflow/issues/2575,closed,Include,Present in released 654-issue dataset
infiniflow/ragflow,2596,https://github.com/infiniflow/ragflow/issues/2596,closed,Exclude,Absent from final dataset; criterion-level exclusion reason was not retained
infiniflow/ragflow,2611,https://github.com/infiniflow/ragflow/issues/2611,closed,Exclude,Absent from final dataset; criterion-level exclusion reason was not retained
infiniflow/ragflow,2652,https://github.com/infiniflow/ragflow/issues/2652,closed,Exclude,Absent from final dataset; criterion-level exclusion reason was not retained
infiniflow/ragflow,2656,https://github.com/infiniflow/ragflow/issues/2656,closed,Exclude,Absent from final dataset; criterion-level exclusion reason was not retained
infiniflow/ragflow,2665,https://github.com/infiniflow/ragflow/issues/2665,closed,Exclude,Absent from final dataset; criterion-level exclusion reason was not retained
infiniflow/ragflow,2693,https://github.com/infiniflow/ragflow/issues/2693,closed,Exclude,Absent from final dataset; criterion-level exclusion reason was not retained
infiniflow/ragflow,2714,https://github.com/infiniflow/ragflow/issues/2714,closed,Exclude,Absent from final dataset; criterion-level exclusion reason was not retained
infiniflow/ragflow,2720,https://github.com/infiniflow/ragflow/issues/2720,closed,Include,Present in released 654-issue dataset
infiniflow/ragflow,2725,https://github.com/infiniflow/ragflow/issues/2725,closed,Exclude,Absent from final dataset; criterion-level exclusion reason was not retained
infiniflow/ragflow,2726,https://github.com/infiniflow/ragflow/issues/2726,closed,Exclude,Absent from final dataset; criterion-level exclusion reason was not retained
infiniflow/ragflow,2730,https://github.com/infiniflow/ragflow/issues/2730,closed,Exclude,Absent from final dataset; criterion-level exclusion reason was not retained
infiniflow/ragflow,2739,https://github.com/infiniflow/ragflow/issues/2739,closed,Include,Present in released 654-issue dataset
infiniflow/ragflow,2749,https://github.com/infiniflow/ragflow/issues/2749,closed,Include,Present in released 654-issue dataset
infiniflow/ragflow,2765,https://github.com/infiniflow/ragflow/issues/2765,closed,Include,Present in released 654-issue dataset
infiniflow/ragflow,2794,https://github.com/infiniflow/ragflow/issues/2794,closed,Include,Present in released 654-issue dataset
infiniflow/ragflow,2813,https://github.com/infiniflow/ragflow/issues/2813,closed,Exclude,Absent from final dataset; criterion-level exclusion reason was not retained
infiniflow/ragflow,2851,https://github.com/infiniflow/ragflow/issues/2851,closed,Exclude,Absent from final dataset; criterion-level exclusion reason was not retained
infiniflow/ragflow,2860,https://github.com/infiniflow/ragflow/issues/2860,closed,Exclude,Absent from final dataset; criterion-level exclusion reason was not retained
infiniflow/ragflow,2861,https://github.com/infiniflow/ragflow/issues/2861,closed,Exclude,Absent from final dataset; criterion-level exclusion reason was not retained
infiniflow/ragflow,2886,https://github.com/infiniflow/ragflow/issues/2886,closed,Exclude,Absent from final dataset; criterion-level exclusion reason was not retained
infiniflow/ragflow,2948,https://github.com/infiniflow/ragflow/issues/2948,closed,Include,Present in released 654-issue dataset
infiniflow/ragflow,2966,https://github.com/infiniflow/ragflow/issues/2966,closed,Exclude,Absent from final dataset; criterion-level exclusion reason was not retained
infiniflow/ragflow,2968,https://github.com/infiniflow/ragflow/issues/2968,closed,Exclude,Absent from final dataset; criterion-level exclusion reason was not retained
infiniflow/ragflow,2997,https://github.com/infiniflow/ragflow/issues/2997,closed,Include,Present in released 654-issue dataset
infiniflow/ragflow,2999,https://github.com/infiniflow/ragflow/issues/2999,closed,Exclude,Absent from final dataset; criterion-level exclusion reason was not retained
infiniflow/ragflow,3002,https://github.com/infiniflow/ragflow/issues/3002,closed,Exclude,Absent from final dataset; criterion-level exclusion reason was not retained
infiniflow/ragflow,3007,https://github.com/infiniflow/ragflow/issues/3007,closed,Exclude,Absent from final dataset; criterion-level exclusion reason was not retained
infiniflow/ragflow,3010,https://github.com/infiniflow/ragflow/issues/3010,closed,Exclude,Absent from final dataset; criterion-level exclusion reason was not retained
infiniflow/ragflow,3013,https://github.com/infiniflow/ragflow/issues/3013,closed,Exclude,Absent from final dataset; criterion-level exclusion reason was not retained
infiniflow/ragflow,3020,https://github.com/infiniflow/ragflow/issues/3020,closed,Exclude,Absent from final dataset; criterion-level exclusion reason was not retained
infiniflow/ragflow,3024,https://github.com/infiniflow/ragflow/issues/3024,closed,Include,Present in released 654-issue dataset
infiniflow/ragflow,3054,https://github.com/infiniflow/ragflow/issues/3054,closed,Exclude,Absent from final dataset; criterion-level exclusion reason was not retained
infiniflow/ragflow,3062,https://github.com/infiniflow/ragflow/issues/3062,closed,Exclude,Absent from final dataset; criterion-level exclusion reason was not retained
infiniflow/ragflow,3063,https://github.com/infiniflow/ragflow/issues/3063,closed,Exclude,Absent from final dataset; criterion-level exclusion reason was not retained
infiniflow/ragflow,3073,https://github.com/infiniflow/ragflow/issues/3073,closed,Exclude,Absent from final dataset; criterion-level exclusion reason was not retained
infiniflow/ragflow,3091,https://github.com/infiniflow/ragflow/issues/3091,closed,Exclude,Absent from final dataset; criterion-level exclusion reason was not retained
infiniflow/ragflow,3099,https://github.com/infiniflow/ragflow/issues/3099,closed,Exclude,Absent from final dataset; criterion-level exclusion reason was not retained
infiniflow/ragflow,3147,https://github.com/infiniflow/ragflow/issues/3147,closed,Exclude,Absent from final dataset; criterion-level exclusion reason was not retained
infiniflow/ragflow,3151,https://github.com/infiniflow/ragflow/issues/3151,closed,Include,Present in released 654-issue dataset
infiniflow/ragflow,3153,https://github.com/infiniflow/ragflow/issues/3153,closed,Include,Present in released 654-issue dataset
infiniflow/ragflow,3173,https://github.com/infiniflow/ragflow/issues/3173,closed,Include,Present in released 654-issue dataset
infiniflow/ragflow,3179,https://github.com/infiniflow/ragflow/issues/3179,closed,Exclude,Absent from final dataset; criterion-level exclusion reason was not retained
infiniflow/ragflow,3182,https://github.com/infiniflow/ragflow/issues/3182,closed,Exclude,Absent from final dataset; criterion-level exclusion reason was not retained
infiniflow/ragflow,3195,https://github.com/infiniflow/ragflow/issues/3195,closed,Exclude,Absent from final dataset; criterion-level exclusion reason was not retained
infiniflow/ragflow,3217,https://github.com/infiniflow/ragflow/issues/3217,closed,Exclude,Absent from final dataset; criterion-level exclusion reason was not retained
infiniflow/ragflow,3219,https://github.com/infiniflow/ragflow/issues/3219,closed,Exclude,Absent from final dataset; criterion-level exclusion reason was not retained
infiniflow/ragflow,3236,https://github.com/infiniflow/ragflow/issues/3236,closed,Exclude,Absent from final dataset; criterion-level exclusion reason was not retained
infiniflow/ragflow,3253,https://github.com/infiniflow/ragflow/issues/3253,closed,Include,Present in released 654-issue dataset
infiniflow/ragflow,3259,https://github.com/infiniflow/ragflow/issues/3259,closed,Exclude,Absent from final dataset; criterion-level exclusion reason was not retained
infiniflow/ragflow,3263,https://github.com/infiniflow/ragflow/issues/3263,closed,Include,Present in released 654-issue dataset
infiniflow/ragflow,3273,https://github.com/infiniflow/ragflow/issues/3273,closed,Include,Present in released 654-issue dataset
infiniflow/ragflow,3282,https://github.com/infiniflow/ragflow/issues/3282,closed,Exclude,Absent from final dataset; criterion-level exclusion reason was not retained
infiniflow/ragflow,3299,https://github.com/infiniflow/ragflow/issues/3299,closed,Include,Present in released 654-issue dataset
infiniflow/ragflow,3308,https://github.com/infiniflow/ragflow/issues/3308,closed,Include,Present in released 654-issue dataset
infiniflow/ragflow,3313,https://github.com/infiniflow/ragflow/issues/3313,closed,Exclude,Absent from final dataset; criterion-level exclusion reason was not retained
infiniflow/ragflow,3329,https://github.com/infiniflow/ragflow/issues/3329,closed,Exclude,Absent from final dataset; criterion-level exclusion reason was not retained
infiniflow/ragflow,3335,https://github.com/infiniflow/ragflow/issues/3335,closed,Exclude,Absent from final dataset; criterion-level exclusion reason was not retained
infiniflow/ragflow,3381,https://github.com/infiniflow/ragflow/issues/3381,closed,Exclude,Absent from final dataset; criterion-level exclusion reason was not retained
infiniflow/ragflow,3384,https://github.com/infiniflow/ragflow/issues/3384,closed,Include,Present in released 654-issue dataset
infiniflow/ragflow,3408,https://github.com/infiniflow/ragflow/issues/3408,closed,Exclude,Absent from final dataset; criterion-level exclusion reason was not retained
infiniflow/ragflow,3410,https://github.com/infiniflow/ragflow/issues/3410,closed,Exclude,Absent from final dataset; criterion-level exclusion reason was not retained
infiniflow/ragflow,3413,https://github.com/infiniflow/ragflow/issues/3413,closed,Exclude,Absent from final dataset; criterion-level exclusion reason was not retained
infiniflow/ragflow,3447,https://github.com/infiniflow/ragflow/issues/3447,closed,Exclude,Absent from final dataset; criterion-level exclusion reason was not retained
infiniflow/ragflow,3474,https://github.com/infiniflow/ragflow/issues/3474,closed,Exclude,Absent from final dataset; criterion-level exclusion reason was not retained
infiniflow/ragflow,3507,https://github.com/infiniflow/ragflow/issues/3507,closed,Exclude,Absent from final dataset; criterion-level exclusion reason was not retained
infiniflow/ragflow,3511,https://github.com/infiniflow/ragflow/issues/3511,closed,Exclude,Absent from final dataset; criterion-level exclusion reason was not retained
infiniflow/ragflow,3522,https://github.com/infiniflow/ragflow/issues/3522,closed,Exclude,Absent from final dataset; criterion-level exclusion reason was not retained
infiniflow/ragflow,3538,https://github.com/infiniflow/ragflow/issues/3538,closed,Include,Present in released 654-issue dataset
infiniflow/ragflow,3547,https://github.com/infiniflow/ragflow/issues/3547,closed,Exclude,Absent from final dataset; criterion-level exclusion reason was not retained
infiniflow/ragflow,3567,https://github.com/infiniflow/ragflow/issues/3567,closed,Exclude,Absent from final dataset; criterion-level exclusion reason was not retained
infiniflow/ragflow,3570,https://github.com/infiniflow/ragflow/issues/3570,closed,Include,Present in released 654-issue dataset
infiniflow/ragflow,3577,https://github.com/infiniflow/ragflow/issues/3577,closed,Exclude,Absent from final dataset; criterion-level exclusion reason was not retained
infiniflow/ragflow,3578,https://github.com/infiniflow/ragflow/issues/3578,closed,Exclude,Absent from final dataset; criterion-level exclusion reason was not retained
infiniflow/ragflow,3584,https://github.com/infiniflow/ragflow/issues/3584,closed,Exclude,Absent from final dataset; criterion-level exclusion reason was not retained
infiniflow/ragflow,3587,https://github.com/infiniflow/ragflow/issues/3587,closed,Exclude,Absent from final dataset; criterion-level exclusion reason was not retained
infiniflow/ragflow,3596,https://github.com/infiniflow/ragflow/issues/3596,closed,Include,Present in released 654-issue dataset
infiniflow/ragflow,3601,https://github.com/infiniflow/ragflow/issues/3601,closed,Exclude,Absent from final dataset; criterion-level exclusion reason was not retained
infiniflow/ragflow,3623,https://github.com/infiniflow/ragflow/issues/3623,closed,Include,Present in released 654-issue dataset
infiniflow/ragflow,3645,https://github.com/infiniflow/ragflow/issues/3645,closed,Exclude,Absent from final dataset; criterion-level exclusion reason was not retained
infiniflow/ragflow,3657,https://github.com/infiniflow/ragflow/issues/3657,closed,Include,Present in released 654-issue dataset
infiniflow/ragflow,3678,https://github.com/infiniflow/ragflow/issues/3678,closed,Exclude,Absent from final dataset; criterion-level exclusion reason was not retained
infiniflow/ragflow,3679,https://github.com/infiniflow/ragflow/issues/3679,closed,Include,Present in released 654-issue dataset
infiniflow/ragflow,3682,https://github.com/infiniflow/ragflow/issues/3682,closed,Exclude,Absent from final dataset; criterion-level exclusion reason was not retained
infiniflow/ragflow,3696,https://github.com/infiniflow/ragflow/issues/3696,closed,Include,Present in released 654-issue dataset
infiniflow/ragflow,3700,https://github.com/infiniflow/ragflow/issues/3700,closed,Include,Present in released 654-issue dataset
infiniflow/ragflow,3704,https://github.com/infiniflow/ragflow/issues/3704,closed,Exclude,Absent from final dataset; criterion-level exclusion reason was not retained
infiniflow/ragflow,3706,https://github.com/infiniflow/ragflow/issues/3706,closed,Exclude,Absent from final dataset; criterion-level exclusion reason was not retained
infiniflow/ragflow,3723,https://github.com/infiniflow/ragflow/issues/3723,closed,Exclude,Absent from final dataset; criterion-level exclusion reason was not retained
infiniflow/ragflow,3726,https://github.com/infiniflow/ragflow/issues/3726,closed,Exclude,Absent from final dataset; criterion-level exclusion reason was not retained
infiniflow/ragflow,3729,https://github.com/infiniflow/ragflow/issues/3729,closed,Include,Present in released 654-issue dataset
infiniflow/ragflow,3730,https://github.com/infiniflow/ragflow/issues/3730,closed,Exclude,Absent from final dataset; criterion-level exclusion reason was not retained
infiniflow/ragflow,3772,https://github.com/infiniflow/ragflow/issues/3772,closed,Include,Present in released 654-issue dataset
infiniflow/ragflow,3799,https://github.com/infiniflow/ragflow/issues/3799,closed,Include,Present in released 654-issue dataset
infiniflow/ragflow,3801,https://github.com/infiniflow/ragflow/issues/3801,closed,Exclude,Absent from final dataset; criterion-level exclusion reason was not retained
infiniflow/ragflow,3805,https://github.com/infiniflow/ragflow/issues/3805,closed,Exclude,Absent from final dataset; criterion-level exclusion reason was not retained
infiniflow/ragflow,3811,https://github.com/infiniflow/ragflow/issues/3811,closed,Include,Present in released 654-issue dataset
infiniflow/ragflow,3814,https://github.com/infiniflow/ragflow/issues/3814,closed,Include,Present in released 654-issue dataset
infiniflow/ragflow,3816,https://github.com/infiniflow/ragflow/issues/3816,closed,Include,Present in released 654-issue dataset
infiniflow/ragflow,3817,https://github.com/infiniflow/ragflow/issues/3817,closed,Exclude,Absent from final dataset; criterion-level exclusion reason was not retained
infiniflow/ragflow,3820,https://github.com/infiniflow/ragflow/issues/3820,closed,Include,Present in released 654-issue dataset
infiniflow/ragflow,3824,https://github.com/infiniflow/ragflow/issues/3824,closed,Exclude,Absent from final dataset; criterion-level exclusion reason was not retained
infiniflow/ragflow,3839,https://github.com/infiniflow/ragflow/issues/3839,closed,Exclude,Absent from final dataset; criterion-level exclusion reason was not retained
infiniflow/ragflow,3841,https://github.com/infiniflow/ragflow/issues/3841,closed,Exclude,Absent from final dataset; criterion-level exclusion reason was not retained
infiniflow/ragflow,3842,https://github.com/infiniflow/ragflow/issues/3842,closed,Exclude,Absent from final dataset; criterion-level exclusion reason was not retained
infiniflow/ragflow,3864,https://github.com/infiniflow/ragflow/issues/3864,closed,Exclude,Absent from final dataset; criterion-level exclusion reason was not retained
infiniflow/ragflow,3872,https://github.com/infiniflow/ragflow/issues/3872,closed,Exclude,Absent from final dataset; criterion-level exclusion reason was not retained
infiniflow/ragflow,3883,https://github.com/infiniflow/ragflow/issues/3883,closed,Include,Present in released 654-issue dataset
infiniflow/ragflow,3886,https://github.com/infiniflow/ragflow/issues/3886,closed,Exclude,Absent from final dataset; criterion-level exclusion reason was not retained
infiniflow/ragflow,3901,https://github.com/infiniflow/ragflow/issues/3901,closed,Exclude,Absent from final dataset; criterion-level exclusion reason was not retained
infiniflow/ragflow,3904,https://github.com/infiniflow/ragflow/issues/3904,closed,Exclude,Absent from final dataset; criterion-level exclusion reason was not retained
infiniflow/ragflow,3905,https://github.com/infiniflow/ragflow/issues/3905,closed,Include,Present in released 654-issue dataset
infiniflow/ragflow,3910,https://github.com/infiniflow/ragflow/issues/3910,closed,Include,Present in released 654-issue dataset
infiniflow/ragflow,3935,https://github.com/infiniflow/ragflow/issues/3935,closed,Exclude,Absent from final dataset; criterion-level exclusion reason was not retained
infiniflow/ragflow,3965,https://github.com/infiniflow/ragflow/issues/3965,closed,Exclude,Absent from final dataset; criterion-level exclusion reason was not retained
infiniflow/ragflow,3997,https://github.com/infiniflow/ragflow/issues/3997,closed,Exclude,Absent from final dataset; criterion-level exclusion reason was not retained
infiniflow/ragflow,4003,https://github.com/infiniflow/ragflow/issues/4003,closed,Include,Present in released 654-issue dataset
infiniflow/ragflow,4022,https://github.com/infiniflow/ragflow/issues/4022,closed,Exclude,Absent from final dataset; criterion-level exclusion reason was not retained
infiniflow/ragflow,4039,https://github.com/infiniflow/ragflow/issues/4039,closed,Exclude,Absent from final dataset; criterion-level exclusion reason was not retained
infiniflow/ragflow,4046,https://github.com/infiniflow/ragflow/issues/4046,closed,Exclude,Absent from final dataset; criterion-level exclusion reason was not retained
infiniflow/ragflow,4091,https://github.com/infiniflow/ragflow/issues/4091,closed,Exclude,Absent from final dataset; criterion-level exclusion reason was not retained
infiniflow/ragflow,4109,https://github.com/infiniflow/ragflow/issues/4109,closed,Include,Present in released 654-issue dataset
infiniflow/ragflow,4120,https://github.com/infiniflow/ragflow/issues/4120,closed,Include,Present in released 654-issue dataset
infiniflow/ragflow,4122,https://github.com/infiniflow/ragflow/issues/4122,closed,Include,Present in released 654-issue dataset
infiniflow/ragflow,4124,https://github.com/infiniflow/ragflow/issues/4124,closed,Include,Present in released 654-issue dataset
infiniflow/ragflow,4125,https://github.com/infiniflow/ragflow/issues/4125,closed,Exclude,Absent from final dataset; criterion-level exclusion reason was not retained
infiniflow/ragflow,4126,https://github.com/infiniflow/ragflow/issues/4126,closed,Include,Present in released 654-issue dataset
infiniflow/ragflow,4141,https://github.com/infiniflow/ragflow/issues/4141,closed,Include,Present in released 654-issue dataset
infiniflow/ragflow,4151,https://github.com/infiniflow/ragflow/issues/4151,closed,Exclude,Absent from final dataset; criterion-level exclusion reason was not retained
infiniflow/ragflow,4160,https://github.com/infiniflow/ragflow/issues/4160,closed,Include,Present in released 654-issue dataset
infiniflow/ragflow,4163,https://github.com/infiniflow/ragflow/issues/4163,closed,Include,Present in released 654-issue dataset
infiniflow/ragflow,4164,https://github.com/infiniflow/ragflow/issues/4164,closed,Include,Present in released 654-issue dataset
infiniflow/ragflow,4180,https://github.com/infiniflow/ragflow/issues/4180,closed,Include,Present in released 654-issue dataset
infiniflow/ragflow,4189,https://github.com/infiniflow/ragflow/issues/4189,closed,Include,Present in released 654-issue dataset
infiniflow/ragflow,4200,https://github.com/infiniflow/ragflow/issues/4200,closed,Exclude,Absent from final dataset; criterion-level exclusion reason was not retained
infiniflow/ragflow,4230,https://github.com/infiniflow/ragflow/issues/4230,closed,Include,Present in released 654-issue dataset
infiniflow/ragflow,4236,https://github.com/infiniflow/ragflow/issues/4236,closed,Exclude,Absent from final dataset; criterion-level exclusion reason was not retained
infiniflow/ragflow,4252,https://github.com/infiniflow/ragflow/issues/4252,closed,Exclude,Absent from final dataset; criterion-level exclusion reason was not retained
infiniflow/ragflow,4253,https://github.com/infiniflow/ragflow/issues/4253,closed,Exclude,Absent from final dataset; criterion-level exclusion reason was not retained
infiniflow/ragflow,4265,https://github.com/infiniflow/ragflow/issues/4265,closed,Exclude,Absent from final dataset; criterion-level exclusion reason was not retained
infiniflow/ragflow,4278,https://github.com/infiniflow/ragflow/issues/4278,closed,Include,Present in released 654-issue dataset
infiniflow/ragflow,4331,https://github.com/infiniflow/ragflow/issues/4331,closed,Include,Present in released 654-issue dataset
infiniflow/ragflow,4374,https://github.com/infiniflow/ragflow/issues/4374,closed,Include,Present in released 654-issue dataset
infiniflow/ragflow,4379,https://github.com/infiniflow/ragflow/issues/4379,closed,Include,Present in released 654-issue dataset
infiniflow/ragflow,4388,https://github.com/infiniflow/ragflow/issues/4388,closed,Exclude,Absent from final dataset; criterion-level exclusion reason was not retained
infiniflow/ragflow,4464,https://github.com/infiniflow/ragflow/issues/4464,closed,Include,Present in released 654-issue dataset
infiniflow/ragflow,4475,https://github.com/infiniflow/ragflow/issues/4475,closed,Exclude,Absent from final dataset; criterion-level exclusion reason was not retained
infiniflow/ragflow,4477,https://github.com/infiniflow/ragflow/issues/4477,closed,Exclude,Absent from final dataset; criterion-level exclusion reason was not retained
infiniflow/ragflow,4566,https://github.com/infiniflow/ragflow/issues/4566,closed,Exclude,Absent from final dataset; criterion-level exclusion reason was not retained
infiniflow/ragflow,4567,https://github.com/infiniflow/ragflow/issues/4567,closed,Include,Present in released 654-issue dataset
infiniflow/ragflow,4591,https://github.com/infiniflow/ragflow/issues/4591,closed,Exclude,Absent from final dataset; criterion-level exclusion reason was not retained
infiniflow/ragflow,4593,https://github.com/infiniflow/ragflow/issues/4593,closed,Exclude,Absent from final dataset; criterion-level exclusion reason was not retained
infiniflow/ragflow,4633,https://github.com/infiniflow/ragflow/issues/4633,closed,Include,Present in released 654-issue dataset
infiniflow/ragflow,4647,https://github.com/infiniflow/ragflow/issues/4647,closed,Include,Present in released 654-issue dataset
infiniflow/ragflow,4655,https://github.com/infiniflow/ragflow/issues/4655,closed,Exclude,Absent from final dataset; criterion-level exclusion reason was not retained
infiniflow/ragflow,4664,https://github.com/infiniflow/ragflow/issues/4664,closed,Include,Present in released 654-issue dataset
infiniflow/ragflow,4678,https://github.com/infiniflow/ragflow/issues/4678,closed,Include,Present in released 654-issue dataset
infiniflow/ragflow,4723,https://github.com/infiniflow/ragflow/issues/4723,closed,Exclude,Absent from final dataset; criterion-level exclusion reason was not retained
infiniflow/ragflow,4749,https://github.com/infiniflow/ragflow/issues/4749,closed,Include,Present in released 654-issue dataset
infiniflow/ragflow,4779,https://github.com/infiniflow/ragflow/issues/4779,closed,Exclude,Absent from final dataset; criterion-level exclusion reason was not retained
infiniflow/ragflow,4824,https://github.com/infiniflow/ragflow/issues/4824,closed,Exclude,Absent from final dataset; criterion-level exclusion reason was not retained
infiniflow/ragflow,4875,https://github.com/infiniflow/ragflow/issues/4875,closed,Exclude,Absent from final dataset; criterion-level exclusion reason was not retained
infiniflow/ragflow,4885,https://github.com/infiniflow/ragflow/issues/4885,closed,Include,Present in released 654-issue dataset
infiniflow/ragflow,4918,https://github.com/infiniflow/ragflow/issues/4918,closed,Include,Present in released 654-issue dataset
infiniflow/ragflow,4922,https://github.com/infiniflow/ragflow/issues/4922,closed,Exclude,Absent from final dataset; criterion-level exclusion reason was not retained
infiniflow/ragflow,4968,https://github.com/infiniflow/ragflow/issues/4968,closed,Include,Present in released 654-issue dataset
infiniflow/ragflow,5033,https://github.com/infiniflow/ragflow/issues/5033,closed,Exclude,Absent from final dataset; criterion-level exclusion reason was not retained
infiniflow/ragflow,5049,https://github.com/infiniflow/ragflow/issues/5049,closed,Exclude,Absent from final dataset; criterion-level exclusion reason was not retained
infiniflow/ragflow,5068,https://github.com/infiniflow/ragflow/issues/5068,closed,Exclude,Absent from final dataset; criterion-level exclusion reason was not retained
infiniflow/ragflow,5076,https://github.com/infiniflow/ragflow/issues/5076,closed,Exclude,Absent from final dataset; criterion-level exclusion reason was not retained
infiniflow/ragflow,5103,https://github.com/infiniflow/ragflow/issues/5103,closed,Exclude,Absent from final dataset; criterion-level exclusion reason was not retained
infiniflow/ragflow,5157,https://github.com/infiniflow/ragflow/issues/5157,closed,Exclude,Absent from final dataset; criterion-level exclusion reason was not retained
infiniflow/ragflow,5166,https://github.com/infiniflow/ragflow/issues/5166,closed,Include,Present in released 654-issue dataset
infiniflow/ragflow,5186,https://github.com/infiniflow/ragflow/issues/5186,closed,Exclude,Absent from final dataset; criterion-level exclusion reason was not retained
infiniflow/ragflow,5261,https://github.com/infiniflow/ragflow/issues/5261,closed,Include,Present in released 654-issue dataset
infiniflow/ragflow,5272,https://github.com/infiniflow/ragflow/issues/5272,closed,Exclude,Absent from final dataset; criterion-level exclusion reason was not retained
infiniflow/ragflow,5300,https://github.com/infiniflow/ragflow/issues/5300,closed,Exclude,Absent from final dataset; criterion-level exclusion reason was not retained
infiniflow/ragflow,5305,https://github.com/infiniflow/ragflow/issues/5305,closed,Exclude,Absent from final dataset; criterion-level exclusion reason was not retained
infiniflow/ragflow,5339,https://github.com/infiniflow/ragflow/issues/5339,closed,Exclude,Absent from final dataset; criterion-level exclusion reason was not retained
infiniflow/ragflow,5346,https://github.com/infiniflow/ragflow/issues/5346,closed,Include,Present in released 654-issue dataset
infiniflow/ragflow,5382,https://github.com/infiniflow/ragflow/issues/5382,closed,Include,Present in released 654-issue dataset
infiniflow/ragflow,5393,https://github.com/infiniflow/ragflow/issues/5393,closed,Exclude,Absent from final dataset; criterion-level exclusion reason was not retained
infiniflow/ragflow,5418,https://github.com/infiniflow/ragflow/issues/5418,closed,Include,Present in released 654-issue dataset
infiniflow/ragflow,5444,https://github.com/infiniflow/ragflow/issues/5444,closed,Exclude,Absent from final dataset; criterion-level exclusion reason was not retained
infiniflow/ragflow,5454,https://github.com/infiniflow/ragflow/issues/5454,closed,Exclude,Absent from final dataset; criterion-level exclusion reason was not retained
infiniflow/ragflow,5483,https://github.com/infiniflow/ragflow/issues/5483,closed,Exclude,Absent from final dataset; criterion-level exclusion reason was not retained
infiniflow/ragflow,5507,https://github.com/infiniflow/ragflow/issues/5507,closed,Exclude,Absent from final dataset; criterion-level exclusion reason was not retained
infiniflow/ragflow,5545,https://github.com/infiniflow/ragflow/issues/5545,closed,Exclude,Absent from final dataset; criterion-level exclusion reason was not retained
infiniflow/ragflow,5575,https://github.com/infiniflow/ragflow/issues/5575,closed,Include,Present in released 654-issue dataset
infiniflow/ragflow,5600,https://github.com/infiniflow/ragflow/issues/5600,closed,Include,Present in released 654-issue dataset
infiniflow/ragflow,5615,https://github.com/infiniflow/ragflow/issues/5615,closed,Exclude,Absent from final dataset; criterion-level exclusion reason was not retained
infiniflow/ragflow,5649,https://github.com/infiniflow/ragflow/issues/5649,closed,Exclude,Absent from final dataset; criterion-level exclusion reason was not retained
infiniflow/ragflow,5668,https://github.com/infiniflow/ragflow/issues/5668,closed,Exclude,Absent from final dataset; criterion-level exclusion reason was not retained
infiniflow/ragflow,5682,https://github.com/infiniflow/ragflow/issues/5682,closed,Exclude,Absent from final dataset; criterion-level exclusion reason was not retained
infiniflow/ragflow,5700,https://github.com/infiniflow/ragflow/issues/5700,closed,Include,Present in released 654-issue dataset
infiniflow/ragflow,5702,https://github.com/infiniflow/ragflow/issues/5702,closed,Exclude,Absent from final dataset; criterion-level exclusion reason was not retained
infiniflow/ragflow,5713,https://github.com/infiniflow/ragflow/issues/5713,closed,Include,Present in released 654-issue dataset
infiniflow/ragflow,5714,https://github.com/infiniflow/ragflow/issues/5714,closed,Exclude,Absent from final dataset; criterion-level exclusion reason was not retained
infiniflow/ragflow,5761,https://github.com/infiniflow/ragflow/issues/5761,closed,Include,Present in released 654-issue dataset
infiniflow/ragflow,5789,https://github.com/infiniflow/ragflow/issues/5789,closed,Exclude,Absent from final dataset; criterion-level exclusion reason was not retained
infiniflow/ragflow,5797,https://github.com/infiniflow/ragflow/issues/5797,closed,Exclude,Absent from final dataset; criterion-level exclusion reason was not retained
infiniflow/ragflow,5810,https://github.com/infiniflow/ragflow/issues/5810,closed,Exclude,Absent from final dataset; criterion-level exclusion reason was not retained
infiniflow/ragflow,5839,https://github.com/infiniflow/ragflow/issues/5839,closed,Include,Present in released 654-issue dataset
infiniflow/ragflow,5863,https://github.com/infiniflow/ragflow/issues/5863,closed,Exclude,Absent from final dataset; criterion-level exclusion reason was not retained
infiniflow/ragflow,5877,https://github.com/infiniflow/ragflow/issues/5877,closed,Exclude,Absent from final dataset; criterion-level exclusion reason was not retained
infiniflow/ragflow,5882,https://github.com/infiniflow/ragflow/issues/5882,closed,Exclude,Absent from final dataset; criterion-level exclusion reason was not retained
infiniflow/ragflow,5902,https://github.com/infiniflow/ragflow/issues/5902,closed,Exclude,Absent from final dataset; criterion-level exclusion reason was not retained
infiniflow/ragflow,5916,https://github.com/infiniflow/ragflow/issues/5916,closed,Exclude,Absent from final dataset; criterion-level exclusion reason was not retained
infiniflow/ragflow,5920,https://github.com/infiniflow/ragflow/issues/5920,closed,Exclude,Absent from final dataset; criterion-level exclusion reason was not retained
infiniflow/ragflow,5922,https://github.com/infiniflow/ragflow/issues/5922,closed,Exclude,Absent from final dataset; criterion-level exclusion reason was not retained
infiniflow/ragflow,5923,https://github.com/infiniflow/ragflow/issues/5923,closed,Exclude,Absent from final dataset; criterion-level exclusion reason was not retained
infiniflow/ragflow,5954,https://github.com/infiniflow/ragflow/issues/5954,closed,Exclude,Absent from final dataset; criterion-level exclusion reason was not retained
infiniflow/ragflow,5982,https://github.com/infiniflow/ragflow/issues/5982,closed,Exclude,Absent from final dataset; criterion-level exclusion reason was not retained
infiniflow/ragflow,6009,https://github.com/infiniflow/ragflow/issues/6009,closed,Exclude,Absent from final dataset; criterion-level exclusion reason was not retained
infiniflow/ragflow,6010,https://github.com/infiniflow/ragflow/issues/6010,closed,Exclude,Absent from final dataset; criterion-level exclusion reason was not retained
infiniflow/ragflow,6015,https://github.com/infiniflow/ragflow/issues/6015,closed,Exclude,Absent from final dataset; criterion-level exclusion reason was not retained
infiniflow/ragflow,6031,https://github.com/infiniflow/ragflow/issues/6031,closed,Include,Present in released 654-issue dataset
infiniflow/ragflow,6033,https://github.com/infiniflow/ragflow/issues/6033,closed,Exclude,Absent from final dataset; criterion-level exclusion reason was not retained
infiniflow/ragflow,6039,https://github.com/infiniflow/ragflow/issues/6039,closed,Exclude,Absent from final dataset; criterion-level exclusion reason was not retained
infiniflow/ragflow,6045,https://github.com/infiniflow/ragflow/issues/6045,closed,Exclude,Absent from final dataset; criterion-level exclusion reason was not retained
infiniflow/ragflow,6060,https://github.com/infiniflow/ragflow/issues/6060,closed,Exclude,Absent from final dataset; criterion-level exclusion reason was not retained
infiniflow/ragflow,6062,https://github.com/infiniflow/ragflow/issues/6062,closed,Exclude,Absent from final dataset; criterion-level exclusion reason was not retained
infiniflow/ragflow,6066,https://github.com/infiniflow/ragflow/issues/6066,closed,Include,Present in released 654-issue dataset
infiniflow/ragflow,6067,https://github.com/infiniflow/ragflow/issues/6067,closed,Exclude,Absent from final dataset; criterion-level exclusion reason was not retained
infiniflow/ragflow,6085,https://github.com/infiniflow/ragflow/issues/6085,closed,Exclude,Absent from final dataset; criterion-level exclusion reason was not retained
infiniflow/ragflow,6139,https://github.com/infiniflow/ragflow/issues/6139,closed,Exclude,Absent from final dataset; criterion-level exclusion reason was not retained
infiniflow/ragflow,6308,https://github.com/infiniflow/ragflow/issues/6308,closed,Include,Present in released 654-issue dataset
infiniflow/ragflow,6387,https://github.com/infiniflow/ragflow/issues/6387,closed,Exclude,Absent from final dataset; criterion-level exclusion reason was not retained
infiniflow/ragflow,6404,https://github.com/infiniflow/ragflow/issues/6404,closed,Exclude,Absent from final dataset; criterion-level exclusion reason was not retained
infiniflow/ragflow,6412,https://github.com/infiniflow/ragflow/issues/6412,closed,Exclude,Absent from final dataset; criterion-level exclusion reason was not retained
infiniflow/ragflow,6422,https://github.com/infiniflow/ragflow/issues/6422,closed,Exclude,Absent from final dataset; criterion-level exclusion reason was not retained
infiniflow/ragflow,6452,https://github.com/infiniflow/ragflow/issues/6452,closed,Exclude,Absent from final dataset; criterion-level exclusion reason was not retained
infiniflow/ragflow,6476,https://github.com/infiniflow/ragflow/issues/6476,closed,Exclude,Absent from final dataset; criterion-level exclusion reason was not retained
infiniflow/ragflow,6491,https://github.com/infiniflow/ragflow/issues/6491,closed,Include,Present in released 654-issue dataset
infiniflow/ragflow,6501,https://github.com/infiniflow/ragflow/issues/6501,closed,Exclude,Absent from final dataset; criterion-level exclusion reason was not retained
infiniflow/ragflow,6539,https://github.com/infiniflow/ragflow/issues/6539,closed,Exclude,Absent from final dataset; criterion-level exclusion reason was not retained
infiniflow/ragflow,6548,https://github.com/infiniflow/ragflow/issues/6548,closed,Exclude,Absent from final dataset; criterion-level exclusion reason was not retained
infiniflow/ragflow,6554,https://github.com/infiniflow/ragflow/issues/6554,closed,Exclude,Absent from final dataset; criterion-level exclusion reason was not retained
infiniflow/ragflow,6570,https://github.com/infiniflow/ragflow/issues/6570,closed,Include,Present in released 654-issue dataset
infiniflow/ragflow,6584,https://github.com/infiniflow/ragflow/issues/6584,closed,Include,Present in released 654-issue dataset
infiniflow/ragflow,6592,https://github.com/infiniflow/ragflow/issues/6592,closed,Exclude,Absent from final dataset; criterion-level exclusion reason was not retained
infiniflow/ragflow,6607,https://github.com/infiniflow/ragflow/issues/6607,closed,Include,Present in released 654-issue dataset
infiniflow/ragflow,6608,https://github.com/infiniflow/ragflow/issues/6608,closed,Exclude,Absent from final dataset; criterion-level exclusion reason was not retained
infiniflow/ragflow,6611,https://github.com/infiniflow/ragflow/issues/6611,closed,Exclude,Absent from final dataset; criterion-level exclusion reason was not retained
infiniflow/ragflow,6624,https://github.com/infiniflow/ragflow/issues/6624,closed,Include,Present in released 654-issue dataset
infiniflow/ragflow,6653,https://github.com/infiniflow/ragflow/issues/6653,closed,Include,Present in released 654-issue dataset
infiniflow/ragflow,6658,https://github.com/infiniflow/ragflow/issues/6658,closed,Exclude,Absent from final dataset; criterion-level exclusion reason was not retained
infiniflow/ragflow,6674,https://github.com/infiniflow/ragflow/issues/6674,closed,Exclude,Absent from final dataset; criterion-level exclusion reason was not retained
infiniflow/ragflow,6685,https://github.com/infiniflow/ragflow/issues/6685,closed,Include,Present in released 654-issue dataset
infiniflow/ragflow,6741,https://github.com/infiniflow/ragflow/issues/6741,closed,Include,Present in released 654-issue dataset
infiniflow/ragflow,6752,https://github.com/infiniflow/ragflow/issues/6752,closed,Include,Present in released 654-issue dataset
infiniflow/ragflow,6754,https://github.com/infiniflow/ragflow/issues/6754,closed,Exclude,Absent from final dataset; criterion-level exclusion reason was not retained
infiniflow/ragflow,6784,https://github.com/infiniflow/ragflow/issues/6784,closed,Include,Present in released 654-issue dataset
infiniflow/ragflow,6786,https://github.com/infiniflow/ragflow/issues/6786,closed,Include,Present in released 654-issue dataset
infiniflow/ragflow,6803,https://github.com/infiniflow/ragflow/issues/6803,closed,Include,Present in released 654-issue dataset
infiniflow/ragflow,6807,https://github.com/infiniflow/ragflow/issues/6807,closed,Exclude,Absent from final dataset; criterion-level exclusion reason was not retained
infiniflow/ragflow,6835,https://github.com/infiniflow/ragflow/issues/6835,closed,Include,Present in released 654-issue dataset
infiniflow/ragflow,6850,https://github.com/infiniflow/ragflow/issues/6850,closed,Exclude,Absent from final dataset; criterion-level exclusion reason was not retained
infiniflow/ragflow,6857,https://github.com/infiniflow/ragflow/issues/6857,closed,Exclude,Absent from final dataset; criterion-level exclusion reason was not retained
infiniflow/ragflow,6862,https://github.com/infiniflow/ragflow/issues/6862,closed,Include,Present in released 654-issue dataset
infiniflow/ragflow,6870,https://github.com/infiniflow/ragflow/issues/6870,closed,Exclude,Absent from final dataset; criterion-level exclusion reason was not retained
infiniflow/ragflow,6875,https://github.com/infiniflow/ragflow/issues/6875,closed,Exclude,Absent from final dataset; criterion-level exclusion reason was not retained
infiniflow/ragflow,6876,https://github.com/infiniflow/ragflow/issues/6876,closed,Exclude,Absent from final dataset; criterion-level exclusion reason was not retained
infiniflow/ragflow,6889,https://github.com/infiniflow/ragflow/issues/6889,closed,Exclude,Absent from final dataset; criterion-level exclusion reason was not retained
infiniflow/ragflow,6891,https://github.com/infiniflow/ragflow/issues/6891,closed,Exclude,Absent from final dataset; criterion-level exclusion reason was not retained
infiniflow/ragflow,6895,https://github.com/infiniflow/ragflow/issues/6895,closed,Exclude,Absent from final dataset; criterion-level exclusion reason was not retained
infiniflow/ragflow,6910,https://github.com/infiniflow/ragflow/issues/6910,closed,Exclude,Absent from final dataset; criterion-level exclusion reason was not retained
infiniflow/ragflow,6911,https://github.com/infiniflow/ragflow/issues/6911,closed,Exclude,Absent from final dataset; criterion-level exclusion reason was not retained
infiniflow/ragflow,6916,https://github.com/infiniflow/ragflow/issues/6916,closed,Exclude,Absent from final dataset; criterion-level exclusion reason was not retained
infiniflow/ragflow,6920,https://github.com/infiniflow/ragflow/issues/6920,closed,Exclude,Absent from final dataset; criterion-level exclusion reason was not retained
infiniflow/ragflow,6923,https://github.com/infiniflow/ragflow/issues/6923,closed,Exclude,Absent from final dataset; criterion-level exclusion reason was not retained
infiniflow/ragflow,6931,https://github.com/infiniflow/ragflow/issues/6931,closed,Include,Present in released 654-issue dataset
infiniflow/ragflow,6945,https://github.com/infiniflow/ragflow/issues/6945,closed,Include,Present in released 654-issue dataset
infiniflow/ragflow,6949,https://github.com/infiniflow/ragflow/issues/6949,closed,Exclude,Absent from final dataset; criterion-level exclusion reason was not retained
infiniflow/ragflow,6950,https://github.com/infiniflow/ragflow/issues/6950,closed,Exclude,Absent from final dataset; criterion-level exclusion reason was not retained
infiniflow/ragflow,6952,https://github.com/infiniflow/ragflow/issues/6952,closed,Exclude,Absent from final dataset; criterion-level exclusion reason was not retained
infiniflow/ragflow,6981,https://github.com/infiniflow/ragflow/issues/6981,closed,Exclude,Absent from final dataset; criterion-level exclusion reason was not retained
infiniflow/ragflow,7000,https://github.com/infiniflow/ragflow/issues/7000,closed,Exclude,Absent from final dataset; criterion-level exclusion reason was not retained
infiniflow/ragflow,7015,https://github.com/infiniflow/ragflow/issues/7015,closed,Exclude,Absent from final dataset; criterion-level exclusion reason was not retained
infiniflow/ragflow,7019,https://github.com/infiniflow/ragflow/issues/7019,closed,Include,Present in released 654-issue dataset
infiniflow/ragflow,7065,https://github.com/infiniflow/ragflow/issues/7065,closed,Exclude,Absent from final dataset; criterion-level exclusion reason was not retained
infiniflow/ragflow,7071,https://github.com/infiniflow/ragflow/issues/7071,closed,Exclude,Absent from final dataset; criterion-level exclusion reason was not retained
infiniflow/ragflow,7077,https://github.com/infiniflow/ragflow/issues/7077,closed,Exclude,Absent from final dataset; criterion-level exclusion reason was not retained
infiniflow/ragflow,7092,https://github.com/infiniflow/ragflow/issues/7092,closed,Exclude,Absent from final dataset; criterion-level exclusion reason was not retained
infiniflow/ragflow,7095,https://github.com/infiniflow/ragflow/issues/7095,closed,Include,Present in released 654-issue dataset
infiniflow/ragflow,7101,https://github.com/infiniflow/ragflow/issues/7101,closed,Exclude,Absent from final dataset; criterion-level exclusion reason was not retained
infiniflow/ragflow,7134,https://github.com/infiniflow/ragflow/issues/7134,closed,Exclude,Absent from final dataset; criterion-level exclusion reason was not retained
infiniflow/ragflow,7142,https://github.com/infiniflow/ragflow/issues/7142,closed,Exclude,Absent from final dataset; criterion-level exclusion reason was not retained
infiniflow/ragflow,7145,https://github.com/infiniflow/ragflow/issues/7145,closed,Exclude,Absent from final dataset; criterion-level exclusion reason was not retained
infiniflow/ragflow,7149,https://github.com/infiniflow/ragflow/issues/7149,closed,Exclude,Absent from final dataset; criterion-level exclusion reason was not retained
infiniflow/ragflow,7153,https://github.com/infiniflow/ragflow/issues/7153,closed,Include,Present in released 654-issue dataset
infiniflow/ragflow,7171,https://github.com/infiniflow/ragflow/issues/7171,closed,Exclude,Absent from final dataset; criterion-level exclusion reason was not retained
infiniflow/ragflow,7183,https://github.com/infiniflow/ragflow/issues/7183,closed,Exclude,Absent from final dataset; criterion-level exclusion reason was not retained
infiniflow/ragflow,7184,https://github.com/infiniflow/ragflow/issues/7184,closed,Include,Present in released 654-issue dataset
infiniflow/ragflow,7198,https://github.com/infiniflow/ragflow/issues/7198,closed,Include,Present in released 654-issue dataset
infiniflow/ragflow,7200,https://github.com/infiniflow/ragflow/issues/7200,closed,Exclude,Absent from final dataset; criterion-level exclusion reason was not retained
infiniflow/ragflow,7214,https://github.com/infiniflow/ragflow/issues/7214,closed,Exclude,Absent from final dataset; criterion-level exclusion reason was not retained
infiniflow/ragflow,7217,https://github.com/infiniflow/ragflow/issues/7217,closed,Exclude,Absent from final dataset; criterion-level exclusion reason was not retained
infiniflow/ragflow,7224,https://github.com/infiniflow/ragflow/issues/7224,closed,Exclude,Absent from final dataset; criterion-level exclusion reason was not retained
infiniflow/ragflow,7230,https://github.com/infiniflow/ragflow/issues/7230,closed,Exclude,Absent from final dataset; criterion-level exclusion reason was not retained
infiniflow/ragflow,7237,https://github.com/infiniflow/ragflow/issues/7237,closed,Include,Present in released 654-issue dataset
infiniflow/ragflow,7244,https://github.com/infiniflow/ragflow/issues/7244,closed,Exclude,Absent from final dataset; criterion-level exclusion reason was not retained
infiniflow/ragflow,7248,https://github.com/infiniflow/ragflow/issues/7248,closed,Exclude,Absent from final dataset; criterion-level exclusion reason was not retained
infiniflow/ragflow,7249,https://github.com/infiniflow/ragflow/issues/7249,closed,Include,Present in released 654-issue dataset
infiniflow/ragflow,7255,https://github.com/infiniflow/ragflow/issues/7255,closed,Exclude,Absent from final dataset; criterion-level exclusion reason was not retained
infiniflow/ragflow,7271,https://github.com/infiniflow/ragflow/issues/7271,closed,Exclude,Absent from final dataset; criterion-level exclusion reason was not retained
infiniflow/ragflow,7274,https://github.com/infiniflow/ragflow/issues/7274,closed,Exclude,Absent from final dataset; criterion-level exclusion reason was not retained
infiniflow/ragflow,7276,https://github.com/infiniflow/ragflow/issues/7276,closed,Exclude,Absent from final dataset; criterion-level exclusion reason was not retained
infiniflow/ragflow,7277,https://github.com/infiniflow/ragflow/issues/7277,closed,Include,Present in released 654-issue dataset
infiniflow/ragflow,7279,https://github.com/infiniflow/ragflow/issues/7279,closed,Exclude,Absent from final dataset; criterion-level exclusion reason was not retained
infiniflow/ragflow,7282,https://github.com/infiniflow/ragflow/issues/7282,closed,Include,Present in released 654-issue dataset
infiniflow/ragflow,7290,https://github.com/infiniflow/ragflow/issues/7290,closed,Exclude,Absent from final dataset; criterion-level exclusion reason was not retained
infiniflow/ragflow,7321,https://github.com/infiniflow/ragflow/issues/7321,closed,Include,Present in released 654-issue dataset
infiniflow/ragflow,7339,https://github.com/infiniflow/ragflow/issues/7339,closed,Exclude,Absent from final dataset; criterion-level exclusion reason was not retained
infiniflow/ragflow,7344,https://github.com/infiniflow/ragflow/issues/7344,closed,Exclude,Absent from final dataset; criterion-level exclusion reason was not retained
infiniflow/ragflow,7345,https://github.com/infiniflow/ragflow/issues/7345,closed,Exclude,Absent from final dataset; criterion-level exclusion reason was not retained
infiniflow/ragflow,7347,https://github.com/infiniflow/ragflow/issues/7347,closed,Include,Present in released 654-issue dataset
infiniflow/ragflow,7371,https://github.com/infiniflow/ragflow/issues/7371,closed,Include,Present in released 654-issue dataset
infiniflow/ragflow,7383,https://github.com/infiniflow/ragflow/issues/7383,closed,Exclude,Absent from final dataset; criterion-level exclusion reason was not retained
infiniflow/ragflow,7387,https://github.com/infiniflow/ragflow/issues/7387,closed,Include,Present in released 654-issue dataset
infiniflow/ragflow,7412,https://github.com/infiniflow/ragflow/issues/7412,closed,Include,Present in released 654-issue dataset
infiniflow/ragflow,7428,https://github.com/infiniflow/ragflow/issues/7428,closed,Include,Present in released 654-issue dataset
infiniflow/ragflow,7440,https://github.com/infiniflow/ragflow/issues/7440,closed,Exclude,Absent from final dataset; criterion-level exclusion reason was not retained
infiniflow/ragflow,7441,https://github.com/infiniflow/ragflow/issues/7441,closed,Exclude,Absent from final dataset; criterion-level exclusion reason was not retained
infiniflow/ragflow,7445,https://github.com/infiniflow/ragflow/issues/7445,closed,Exclude,Absent from final dataset; criterion-level exclusion reason was not retained
infiniflow/ragflow,7449,https://github.com/infiniflow/ragflow/issues/7449,closed,Include,Present in released 654-issue dataset
infiniflow/ragflow,7450,https://github.com/infiniflow/ragflow/issues/7450,closed,Exclude,Absent from final dataset; criterion-level exclusion reason was not retained
infiniflow/ragflow,7463,https://github.com/infiniflow/ragflow/issues/7463,closed,Exclude,Absent from final dataset; criterion-level exclusion reason was not retained
infiniflow/ragflow,7464,https://github.com/infiniflow/ragflow/issues/7464,closed,Exclude,Absent from final dataset; criterion-level exclusion reason was not retained
infiniflow/ragflow,7466,https://github.com/infiniflow/ragflow/issues/7466,closed,Include,Present in released 654-issue dataset
infiniflow/ragflow,7518,https://github.com/infiniflow/ragflow/issues/7518,closed,Include,Present in released 654-issue dataset
infiniflow/ragflow,7538,https://github.com/infiniflow/ragflow/issues/7538,closed,Exclude,Absent from final dataset; criterion-level exclusion reason was not retained
infiniflow/ragflow,7542,https://github.com/infiniflow/ragflow/issues/7542,closed,Include,Present in released 654-issue dataset
infiniflow/ragflow,7544,https://github.com/infiniflow/ragflow/issues/7544,closed,Exclude,Absent from final dataset; criterion-level exclusion reason was not retained
infiniflow/ragflow,7556,https://github.com/infiniflow/ragflow/issues/7556,closed,Include,Present in released 654-issue dataset
infiniflow/ragflow,7567,https://github.com/infiniflow/ragflow/issues/7567,closed,Include,Present in released 654-issue dataset
infiniflow/ragflow,7592,https://github.com/infiniflow/ragflow/issues/7592,closed,Include,Present in released 654-issue dataset
infiniflow/ragflow,7606,https://github.com/infiniflow/ragflow/issues/7606,closed,Exclude,Absent from final dataset; criterion-level exclusion reason was not retained
infiniflow/ragflow,7612,https://github.com/infiniflow/ragflow/issues/7612,closed,Exclude,Absent from final dataset; criterion-level exclusion reason was not retained
infiniflow/ragflow,7626,https://github.com/infiniflow/ragflow/issues/7626,closed,Exclude,Absent from final dataset; criterion-level exclusion reason was not retained
infiniflow/ragflow,7631,https://github.com/infiniflow/ragflow/issues/7631,closed,Exclude,Absent from final dataset; criterion-level exclusion reason was not retained
infiniflow/ragflow,7634,https://github.com/infiniflow/ragflow/issues/7634,closed,Exclude,Absent from final dataset; criterion-level exclusion reason was not retained
infiniflow/ragflow,7644,https://github.com/infiniflow/ragflow/issues/7644,closed,Include,Present in released 654-issue dataset
infiniflow/ragflow,7655,https://github.com/infiniflow/ragflow/issues/7655,closed,Exclude,Absent from final dataset; criterion-level exclusion reason was not retained
infiniflow/ragflow,7667,https://github.com/infiniflow/ragflow/issues/7667,closed,Include,Present in released 654-issue dataset
infiniflow/ragflow,7668,https://github.com/infiniflow/ragflow/issues/7668,closed,Exclude,Absent from final dataset; criterion-level exclusion reason was not retained
infiniflow/ragflow,7699,https://github.com/infiniflow/ragflow/issues/7699,closed,Exclude,Absent from final dataset; criterion-level exclusion reason was not retained
infiniflow/ragflow,7702,https://github.com/infiniflow/ragflow/issues/7702,closed,Include,Present in released 654-issue dataset
infiniflow/ragflow,7706,https://github.com/infiniflow/ragflow/issues/7706,closed,Exclude,Absent from final dataset; criterion-level exclusion reason was not retained
infiniflow/ragflow,7712,https://github.com/infiniflow/ragflow/issues/7712,closed,Exclude,Absent from final dataset; criterion-level exclusion reason was not retained
infiniflow/ragflow,7725,https://github.com/infiniflow/ragflow/issues/7725,closed,Include,Present in released 654-issue dataset
infiniflow/ragflow,7729,https://github.com/infiniflow/ragflow/issues/7729,closed,Exclude,Absent from final dataset; criterion-level exclusion reason was not retained
infiniflow/ragflow,7763,https://github.com/infiniflow/ragflow/issues/7763,closed,Exclude,Absent from final dataset; criterion-level exclusion reason was not retained
infiniflow/ragflow,7790,https://github.com/infiniflow/ragflow/issues/7790,closed,Include,Present in released 654-issue dataset
infiniflow/ragflow,7791,https://github.com/infiniflow/ragflow/issues/7791,closed,Include,Present in released 654-issue dataset
infiniflow/ragflow,7803,https://github.com/infiniflow/ragflow/issues/7803,closed,Include,Present in released 654-issue dataset
infiniflow/ragflow,7824,https://github.com/infiniflow/ragflow/issues/7824,closed,Include,Present in released 654-issue dataset
infiniflow/ragflow,7830,https://github.com/infiniflow/ragflow/issues/7830,closed,Include,Present in released 654-issue dataset
infiniflow/ragflow,7837,https://github.com/infiniflow/ragflow/issues/7837,closed,Exclude,Absent from final dataset; criterion-level exclusion reason was not retained
infiniflow/ragflow,7868,https://github.com/infiniflow/ragflow/issues/7868,closed,Include,Present in released 654-issue dataset
infiniflow/ragflow,7879,https://github.com/infiniflow/ragflow/issues/7879,closed,Include,Present in released 654-issue dataset
infiniflow/ragflow,7882,https://github.com/infiniflow/ragflow/issues/7882,closed,Exclude,Absent from final dataset; criterion-level exclusion reason was not retained
infiniflow/ragflow,7888,https://github.com/infiniflow/ragflow/issues/7888,closed,Exclude,Absent from final dataset; criterion-level exclusion reason was not retained
infiniflow/ragflow,7893,https://github.com/infiniflow/ragflow/issues/7893,closed,Exclude,Absent from final dataset; criterion-level exclusion reason was not retained
infiniflow/ragflow,7897,https://github.com/infiniflow/ragflow/issues/7897,closed,Include,Present in released 654-issue dataset
infiniflow/ragflow,7904,https://github.com/infiniflow/ragflow/issues/7904,closed,Exclude,Absent from final dataset; criterion-level exclusion reason was not retained
infiniflow/ragflow,7908,https://github.com/infiniflow/ragflow/issues/7908,closed,Include,Present in released 654-issue dataset
infiniflow/ragflow,7921,https://github.com/infiniflow/ragflow/issues/7921,closed,Exclude,Absent from final dataset; criterion-level exclusion reason was not retained
infiniflow/ragflow,7952,https://github.com/infiniflow/ragflow/issues/7952,closed,Include,Present in released 654-issue dataset
infiniflow/ragflow,7954,https://github.com/infiniflow/ragflow/issues/7954,closed,Exclude,Absent from final dataset; criterion-level exclusion reason was not retained
infiniflow/ragflow,7958,https://github.com/infiniflow/ragflow/issues/7958,closed,Exclude,Absent from final dataset; criterion-level exclusion reason was not retained
infiniflow/ragflow,7973,https://github.com/infiniflow/ragflow/issues/7973,closed,Exclude,Absent from final dataset; criterion-level exclusion reason was not retained
infiniflow/ragflow,7980,https://github.com/infiniflow/ragflow/issues/7980,closed,Include,Present in released 654-issue dataset
infiniflow/ragflow,7995,https://github.com/infiniflow/ragflow/issues/7995,closed,Exclude,Absent from final dataset; criterion-level exclusion reason was not retained
infiniflow/ragflow,8025,https://github.com/infiniflow/ragflow/issues/8025,closed,Include,Present in released 654-issue dataset
infiniflow/ragflow,8033,https://github.com/infiniflow/ragflow/issues/8033,closed,Include,Present in released 654-issue dataset
infiniflow/ragflow,8043,https://github.com/infiniflow/ragflow/issues/8043,closed,Exclude,Absent from final dataset; criterion-level exclusion reason was not retained
infiniflow/ragflow,8049,https://github.com/infiniflow/ragflow/issues/8049,closed,Exclude,Absent from final dataset; criterion-level exclusion reason was not retained
infiniflow/ragflow,8057,https://github.com/infiniflow/ragflow/issues/8057,closed,Include,Present in released 654-issue dataset
infiniflow/ragflow,8059,https://github.com/infiniflow/ragflow/issues/8059,closed,Include,Present in released 654-issue dataset
infiniflow/ragflow,8065,https://github.com/infiniflow/ragflow/issues/8065,closed,Exclude,Absent from final dataset; criterion-level exclusion reason was not retained
infiniflow/ragflow,8067,https://github.com/infiniflow/ragflow/issues/8067,closed,Exclude,Absent from final dataset; criterion-level exclusion reason was not retained
infiniflow/ragflow,8070,https://github.com/infiniflow/ragflow/issues/8070,closed,Exclude,Absent from final dataset; criterion-level exclusion reason was not retained
infiniflow/ragflow,8075,https://github.com/infiniflow/ragflow/issues/8075,closed,Exclude,Absent from final dataset; criterion-level exclusion reason was not retained
infiniflow/ragflow,8088,https://github.com/infiniflow/ragflow/issues/8088,closed,Exclude,Absent from final dataset; criterion-level exclusion reason was not retained
infiniflow/ragflow,8097,https://github.com/infiniflow/ragflow/issues/8097,closed,Include,Present in released 654-issue dataset
infiniflow/ragflow,8109,https://github.com/infiniflow/ragflow/issues/8109,closed,Include,Present in released 654-issue dataset
infiniflow/ragflow,8110,https://github.com/infiniflow/ragflow/issues/8110,closed,Exclude,Absent from final dataset; criterion-level exclusion reason was not retained
infiniflow/ragflow,8118,https://github.com/infiniflow/ragflow/issues/8118,closed,Exclude,Absent from final dataset; criterion-level exclusion reason was not retained
infiniflow/ragflow,8134,https://github.com/infiniflow/ragflow/issues/8134,closed,Include,Present in released 654-issue dataset
infiniflow/ragflow,8143,https://github.com/infiniflow/ragflow/issues/8143,closed,Include,Present in released 654-issue dataset
infiniflow/ragflow,8164,https://github.com/infiniflow/ragflow/issues/8164,closed,Exclude,Absent from final dataset; criterion-level exclusion reason was not retained
infiniflow/ragflow,8166,https://github.com/infiniflow/ragflow/issues/8166,closed,Exclude,Absent from final dataset; criterion-level exclusion reason was not retained
infiniflow/ragflow,8189,https://github.com/infiniflow/ragflow/issues/8189,closed,Include,Present in released 654-issue dataset
infiniflow/ragflow,8193,https://github.com/infiniflow/ragflow/issues/8193,closed,Include,Present in released 654-issue dataset
infiniflow/ragflow,8196,https://github.com/infiniflow/ragflow/issues/8196,closed,Exclude,Absent from final dataset; criterion-level exclusion reason was not retained
infiniflow/ragflow,8208,https://github.com/infiniflow/ragflow/issues/8208,closed,Include,Present in released 654-issue dataset
infiniflow/ragflow,8211,https://github.com/infiniflow/ragflow/issues/8211,closed,Exclude,Absent from final dataset; criterion-level exclusion reason was not retained
infiniflow/ragflow,8226,https://github.com/infiniflow/ragflow/issues/8226,closed,Include,Present in released 654-issue dataset
infiniflow/ragflow,8227,https://github.com/infiniflow/ragflow/issues/8227,closed,Include,Present in released 654-issue dataset
infiniflow/ragflow,8235,https://github.com/infiniflow/ragflow/issues/8235,closed,Exclude,Absent from final dataset; criterion-level exclusion reason was not retained
infiniflow/ragflow,8270,https://github.com/infiniflow/ragflow/issues/8270,closed,Exclude,Absent from final dataset; criterion-level exclusion reason was not retained
infiniflow/ragflow,8271,https://github.com/infiniflow/ragflow/issues/8271,closed,Exclude,Absent from final dataset; criterion-level exclusion reason was not retained
infiniflow/ragflow,8272,https://github.com/infiniflow/ragflow/issues/8272,closed,Exclude,Absent from final dataset; criterion-level exclusion reason was not retained
infiniflow/ragflow,8275,https://github.com/infiniflow/ragflow/issues/8275,closed,Exclude,Absent from final dataset; criterion-level exclusion reason was not retained
infiniflow/ragflow,8286,https://github.com/infiniflow/ragflow/issues/8286,closed,Exclude,Absent from final dataset; criterion-level exclusion reason was not retained
infiniflow/ragflow,8294,https://github.com/infiniflow/ragflow/issues/8294,closed,Exclude,Absent from final dataset; criterion-level exclusion reason was not retained
infiniflow/ragflow,8297,https://github.com/infiniflow/ragflow/issues/8297,closed,Include,Present in released 654-issue dataset
infiniflow/ragflow,8306,https://github.com/infiniflow/ragflow/issues/8306,closed,Exclude,Absent from final dataset; criterion-level exclusion reason was not retained
infiniflow/ragflow,8316,https://github.com/infiniflow/ragflow/issues/8316,closed,Exclude,Absent from final dataset; criterion-level exclusion reason was not retained
infiniflow/ragflow,8319,https://github.com/infiniflow/ragflow/issues/8319,closed,Include,Present in released 654-issue dataset
infiniflow/ragflow,8355,https://github.com/infiniflow/ragflow/issues/8355,closed,Exclude,Absent from final dataset; criterion-level exclusion reason was not retained
infiniflow/ragflow,8360,https://github.com/infiniflow/ragflow/issues/8360,closed,Include,Present in released 654-issue dataset
infiniflow/ragflow,8369,https://github.com/infiniflow/ragflow/issues/8369,closed,Include,Present in released 654-issue dataset
infiniflow/ragflow,8392,https://github.com/infiniflow/ragflow/issues/8392,closed,Exclude,Absent from final dataset; criterion-level exclusion reason was not retained
infiniflow/ragflow,8419,https://github.com/infiniflow/ragflow/issues/8419,closed,Include,Present in released 654-issue dataset
infiniflow/ragflow,8443,https://github.com/infiniflow/ragflow/issues/8443,closed,Include,Present in released 654-issue dataset
infiniflow/ragflow,8455,https://github.com/infiniflow/ragflow/issues/8455,closed,Include,Present in released 654-issue dataset
infiniflow/ragflow,8462,https://github.com/infiniflow/ragflow/issues/8462,closed,Include,Present in released 654-issue dataset
infiniflow/ragflow,8467,https://github.com/infiniflow/ragflow/issues/8467,closed,Include,Present in released 654-issue dataset
infiniflow/ragflow,8472,https://github.com/infiniflow/ragflow/issues/8472,closed,Exclude,Absent from final dataset; criterion-level exclusion reason was not retained
infiniflow/ragflow,8497,https://github.com/infiniflow/ragflow/issues/8497,closed,Include,Present in released 654-issue dataset
infiniflow/ragflow,8503,https://github.com/infiniflow/ragflow/issues/8503,closed,Include,Present in released 654-issue dataset
infiniflow/ragflow,8527,https://github.com/infiniflow/ragflow/issues/8527,closed,Exclude,Absent from final dataset; criterion-level exclusion reason was not retained
infiniflow/ragflow,8556,https://github.com/infiniflow/ragflow/issues/8556,closed,Include,Present in released 654-issue dataset
infiniflow/ragflow,8571,https://github.com/infiniflow/ragflow/issues/8571,closed,Exclude,Absent from final dataset; criterion-level exclusion reason was not retained
infiniflow/ragflow,8588,https://github.com/infiniflow/ragflow/issues/8588,closed,Include,Present in released 654-issue dataset
infiniflow/ragflow,8594,https://github.com/infiniflow/ragflow/issues/8594,closed,Exclude,Absent from final dataset; criterion-level exclusion reason was not retained
infiniflow/ragflow,8602,https://github.com/infiniflow/ragflow/issues/8602,closed,Include,Present in released 654-issue dataset
infiniflow/ragflow,8618,https://github.com/infiniflow/ragflow/issues/8618,closed,Exclude,Absent from final dataset; criterion-level exclusion reason was not retained
infiniflow/ragflow,8630,https://github.com/infiniflow/ragflow/issues/8630,closed,Include,Present in released 654-issue dataset
infiniflow/ragflow,8656,https://github.com/infiniflow/ragflow/issues/8656,closed,Include,Present in released 654-issue dataset
infiniflow/ragflow,8677,https://github.com/infiniflow/ragflow/issues/8677,closed,Exclude,Absent from final dataset; criterion-level exclusion reason was not retained
infiniflow/ragflow,8704,https://github.com/infiniflow/ragflow/issues/8704,closed,Exclude,Absent from final dataset; criterion-level exclusion reason was not retained
infiniflow/ragflow,8719,https://github.com/infiniflow/ragflow/issues/8719,closed,Include,Present in released 654-issue dataset
infiniflow/ragflow,8738,https://github.com/infiniflow/ragflow/issues/8738,closed,Exclude,Absent from final dataset; criterion-level exclusion reason was not retained
infiniflow/ragflow,8744,https://github.com/infiniflow/ragflow/issues/8744,closed,Exclude,Absent from final dataset; criterion-level exclusion reason was not retained
infiniflow/ragflow,8764,https://github.com/infiniflow/ragflow/issues/8764,closed,Exclude,Absent from final dataset; criterion-level exclusion reason was not retained
infiniflow/ragflow,8791,https://github.com/infiniflow/ragflow/issues/8791,closed,Exclude,Absent from final dataset; criterion-level exclusion reason was not retained
infiniflow/ragflow,8804,https://github.com/infiniflow/ragflow/issues/8804,closed,Include,Present in released 654-issue dataset
infiniflow/ragflow,8815,https://github.com/infiniflow/ragflow/issues/8815,closed,Exclude,Absent from final dataset; criterion-level exclusion reason was not retained
infiniflow/ragflow,8840,https://github.com/infiniflow/ragflow/issues/8840,closed,Include,Present in released 654-issue dataset
infiniflow/ragflow,8852,https://github.com/infiniflow/ragflow/issues/8852,closed,Exclude,Absent from final dataset; criterion-level exclusion reason was not retained
infiniflow/ragflow,8890,https://github.com/infiniflow/ragflow/issues/8890,closed,Exclude,Absent from final dataset; criterion-level exclusion reason was not retained
infiniflow/ragflow,8901,https://github.com/infiniflow/ragflow/issues/8901,closed,Exclude,Absent from final dataset; criterion-level exclusion reason was not retained
infiniflow/ragflow,8909,https://github.com/infiniflow/ragflow/issues/8909,closed,Include,Present in released 654-issue dataset
infiniflow/ragflow,8926,https://github.com/infiniflow/ragflow/issues/8926,closed,Include,Present in released 654-issue dataset
infiniflow/ragflow,8944,https://github.com/infiniflow/ragflow/issues/8944,closed,Exclude,Absent from final dataset; criterion-level exclusion reason was not retained
infiniflow/ragflow,8960,https://github.com/infiniflow/ragflow/issues/8960,closed,Include,Present in released 654-issue dataset
infiniflow/ragflow,8965,https://github.com/infiniflow/ragflow/issues/8965,closed,Include,Present in released 654-issue dataset
infiniflow/ragflow,9008,https://github.com/infiniflow/ragflow/issues/9008,closed,Exclude,Absent from final dataset; criterion-level exclusion reason was not retained
infiniflow/ragflow,9062,https://github.com/infiniflow/ragflow/issues/9062,closed,Exclude,Absent from final dataset; criterion-level exclusion reason was not retained
infiniflow/ragflow,9069,https://github.com/infiniflow/ragflow/issues/9069,closed,Exclude,Absent from final dataset; criterion-level exclusion reason was not retained
infiniflow/ragflow,9070,https://github.com/infiniflow/ragflow/issues/9070,closed,Exclude,Absent from final dataset; criterion-level exclusion reason was not retained
infiniflow/ragflow,9089,https://github.com/infiniflow/ragflow/issues/9089,closed,Include,Present in released 654-issue dataset
eosphoros-ai/DB-GPT,67,https://github.com/eosphoros-ai/DB-GPT/issues/67,closed,Exclude,Absent from final dataset; criterion-level exclusion reason was not retained
eosphoros-ai/DB-GPT,103,https://github.com/eosphoros-ai/DB-GPT/issues/103,closed,Exclude,Absent from final dataset; criterion-level exclusion reason was not retained
eosphoros-ai/DB-GPT,127,https://github.com/eosphoros-ai/DB-GPT/issues/127,closed,Exclude,Absent from final dataset; criterion-level exclusion reason was not retained
eosphoros-ai/DB-GPT,137,https://github.com/eosphoros-ai/DB-GPT/issues/137,closed,Exclude,Absent from final dataset; criterion-level exclusion reason was not retained
eosphoros-ai/DB-GPT,145,https://github.com/eosphoros-ai/DB-GPT/issues/145,closed,Exclude,Absent from final dataset; criterion-level exclusion reason was not retained
eosphoros-ai/DB-GPT,152,https://github.com/eosphoros-ai/DB-GPT/issues/152,closed,Exclude,Absent from final dataset; criterion-level exclusion reason was not retained
eosphoros-ai/DB-GPT,252,https://github.com/eosphoros-ai/DB-GPT/issues/252,closed,Include,Present in released 654-issue dataset
eosphoros-ai/DB-GPT,255,https://github.com/eosphoros-ai/DB-GPT/issues/255,closed,Exclude,Absent from final dataset; criterion-level exclusion reason was not retained
eosphoros-ai/DB-GPT,266,https://github.com/eosphoros-ai/DB-GPT/issues/266,closed,Exclude,Absent from final dataset; criterion-level exclusion reason was not retained
eosphoros-ai/DB-GPT,289,https://github.com/eosphoros-ai/DB-GPT/issues/289,closed,Exclude,Absent from final dataset; criterion-level exclusion reason was not retained
eosphoros-ai/DB-GPT,301,https://github.com/eosphoros-ai/DB-GPT/issues/301,closed,Include,Present in released 654-issue dataset
eosphoros-ai/DB-GPT,443,https://github.com/eosphoros-ai/DB-GPT/issues/443,closed,Include,Present in released 654-issue dataset
eosphoros-ai/DB-GPT,551,https://github.com/eosphoros-ai/DB-GPT/issues/551,closed,Exclude,Absent from final dataset; criterion-level exclusion reason was not retained
eosphoros-ai/DB-GPT,557,https://github.com/eosphoros-ai/DB-GPT/issues/557,closed,Exclude,Absent from final dataset; criterion-level exclusion reason was not retained
eosphoros-ai/DB-GPT,561,https://github.com/eosphoros-ai/DB-GPT/issues/561,closed,Include,Present in released 654-issue dataset
eosphoros-ai/DB-GPT,563,https://github.com/eosphoros-ai/DB-GPT/issues/563,closed,Include,Present in released 654-issue dataset
eosphoros-ai/DB-GPT,564,https://github.com/eosphoros-ai/DB-GPT/issues/564,closed,Exclude,Absent from final dataset; criterion-level exclusion reason was not retained
eosphoros-ai/DB-GPT,569,https://github.com/eosphoros-ai/DB-GPT/issues/569,closed,Exclude,Absent from final dataset; criterion-level exclusion reason was not retained
eosphoros-ai/DB-GPT,572,https://github.com/eosphoros-ai/DB-GPT/issues/572,closed,Exclude,Absent from final dataset; criterion-level exclusion reason was not retained
eosphoros-ai/DB-GPT,577,https://github.com/eosphoros-ai/DB-GPT/issues/577,closed,Exclude,Absent from final dataset; criterion-level exclusion reason was not retained
eosphoros-ai/DB-GPT,594,https://github.com/eosphoros-ai/DB-GPT/issues/594,closed,Exclude,Absent from final dataset; criterion-level exclusion reason was not retained
eosphoros-ai/DB-GPT,597,https://github.com/eosphoros-ai/DB-GPT/issues/597,closed,Include,Present in released 654-issue dataset
eosphoros-ai/DB-GPT,598,https://github.com/eosphoros-ai/DB-GPT/issues/598,closed,Exclude,Absent from final dataset; criterion-level exclusion reason was not retained
eosphoros-ai/DB-GPT,605,https://github.com/eosphoros-ai/DB-GPT/issues/605,closed,Exclude,Absent from final dataset; criterion-level exclusion reason was not retained
eosphoros-ai/DB-GPT,614,https://github.com/eosphoros-ai/DB-GPT/issues/614,closed,Exclude,Absent from final dataset; criterion-level exclusion reason was not retained
eosphoros-ai/DB-GPT,615,https://github.com/eosphoros-ai/DB-GPT/issues/615,closed,Exclude,Absent from final dataset; criterion-level exclusion reason was not retained
eosphoros-ai/DB-GPT,617,https://github.com/eosphoros-ai/DB-GPT/issues/617,closed,Include,Present in released 654-issue dataset
eosphoros-ai/DB-GPT,618,https://github.com/eosphoros-ai/DB-GPT/issues/618,closed,Exclude,Absent from final dataset; criterion-level exclusion reason was not retained
eosphoros-ai/DB-GPT,621,https://github.com/eosphoros-ai/DB-GPT/issues/621,closed,Exclude,Absent from final dataset; criterion-level exclusion reason was not retained
eosphoros-ai/DB-GPT,622,https://github.com/eosphoros-ai/DB-GPT/issues/622,closed,Exclude,Absent from final dataset; criterion-level exclusion reason was not retained
eosphoros-ai/DB-GPT,630,https://github.com/eosphoros-ai/DB-GPT/issues/630,closed,Include,Present in released 654-issue dataset
eosphoros-ai/DB-GPT,632,https://github.com/eosphoros-ai/DB-GPT/issues/632,closed,Exclude,Absent from final dataset; criterion-level exclusion reason was not retained
eosphoros-ai/DB-GPT,638,https://github.com/eosphoros-ai/DB-GPT/issues/638,closed,Exclude,Absent from final dataset; criterion-level exclusion reason was not retained
eosphoros-ai/DB-GPT,644,https://github.com/eosphoros-ai/DB-GPT/issues/644,closed,Include,Present in released 654-issue dataset
eosphoros-ai/DB-GPT,645,https://github.com/eosphoros-ai/DB-GPT/issues/645,closed,Exclude,Absent from final dataset; criterion-level exclusion reason was not retained
eosphoros-ai/DB-GPT,653,https://github.com/eosphoros-ai/DB-GPT/issues/653,closed,Exclude,Absent from final dataset; criterion-level exclusion reason was not retained
eosphoros-ai/DB-GPT,654,https://github.com/eosphoros-ai/DB-GPT/issues/654,closed,Include,Present in released 654-issue dataset
eosphoros-ai/DB-GPT,655,https://github.com/eosphoros-ai/DB-GPT/issues/655,closed,Include,Present in released 654-issue dataset
eosphoros-ai/DB-GPT,660,https://github.com/eosphoros-ai/DB-GPT/issues/660,closed,Include,Present in released 654-issue dataset
eosphoros-ai/DB-GPT,676,https://github.com/eosphoros-ai/DB-GPT/issues/676,closed,Exclude,Absent from final dataset; criterion-level exclusion reason was not retained
eosphoros-ai/DB-GPT,677,https://github.com/eosphoros-ai/DB-GPT/issues/677,closed,Exclude,Absent from final dataset; criterion-level exclusion reason was not retained
eosphoros-ai/DB-GPT,678,https://github.com/eosphoros-ai/DB-GPT/issues/678,closed,Exclude,Absent from final dataset; criterion-level exclusion reason was not retained
eosphoros-ai/DB-GPT,691,https://github.com/eosphoros-ai/DB-GPT/issues/691,closed,Exclude,Absent from final dataset; criterion-level exclusion reason was not retained
eosphoros-ai/DB-GPT,701,https://github.com/eosphoros-ai/DB-GPT/issues/701,closed,Exclude,Absent from final dataset; criterion-level exclusion reason was not retained
eosphoros-ai/DB-GPT,714,https://github.com/eosphoros-ai/DB-GPT/issues/714,closed,Exclude,Absent from final dataset; criterion-level exclusion reason was not retained
eosphoros-ai/DB-GPT,715,https://github.com/eosphoros-ai/DB-GPT/issues/715,closed,Exclude,Absent from final dataset; criterion-level exclusion reason was not retained
eosphoros-ai/DB-GPT,719,https://github.com/eosphoros-ai/DB-GPT/issues/719,closed,Include,Present in released 654-issue dataset
eosphoros-ai/DB-GPT,721,https://github.com/eosphoros-ai/DB-GPT/issues/721,closed,Exclude,Absent from final dataset; criterion-level exclusion reason was not retained
eosphoros-ai/DB-GPT,727,https://github.com/eosphoros-ai/DB-GPT/issues/727,closed,Exclude,Absent from final dataset; criterion-level exclusion reason was not retained
eosphoros-ai/DB-GPT,728,https://github.com/eosphoros-ai/DB-GPT/issues/728,closed,Exclude,Absent from final dataset; criterion-level exclusion reason was not retained
eosphoros-ai/DB-GPT,736,https://github.com/eosphoros-ai/DB-GPT/issues/736,closed,Exclude,Absent from final dataset; criterion-level exclusion reason was not retained
eosphoros-ai/DB-GPT,737,https://github.com/eosphoros-ai/DB-GPT/issues/737,closed,Exclude,Absent from final dataset; criterion-level exclusion reason was not retained
eosphoros-ai/DB-GPT,753,https://github.com/eosphoros-ai/DB-GPT/issues/753,closed,Exclude,Absent from final dataset; criterion-level exclusion reason was not retained
eosphoros-ai/DB-GPT,756,https://github.com/eosphoros-ai/DB-GPT/issues/756,closed,Include,Present in released 654-issue dataset
eosphoros-ai/DB-GPT,758,https://github.com/eosphoros-ai/DB-GPT/issues/758,closed,Exclude,Absent from final dataset; criterion-level exclusion reason was not retained
eosphoros-ai/DB-GPT,766,https://github.com/eosphoros-ai/DB-GPT/issues/766,closed,Include,Present in released 654-issue dataset
eosphoros-ai/DB-GPT,769,https://github.com/eosphoros-ai/DB-GPT/issues/769,closed,Exclude,Absent from final dataset; criterion-level exclusion reason was not retained
eosphoros-ai/DB-GPT,770,https://github.com/eosphoros-ai/DB-GPT/issues/770,closed,Exclude,Absent from final dataset; criterion-level exclusion reason was not retained
eosphoros-ai/DB-GPT,771,https://github.com/eosphoros-ai/DB-GPT/issues/771,closed,Exclude,Absent from final dataset; criterion-level exclusion reason was not retained
eosphoros-ai/DB-GPT,776,https://github.com/eosphoros-ai/DB-GPT/issues/776,closed,Exclude,Absent from final dataset; criterion-level exclusion reason was not retained
eosphoros-ai/DB-GPT,779,https://github.com/eosphoros-ai/DB-GPT/issues/779,closed,Exclude,Absent from final dataset; criterion-level exclusion reason was not retained
eosphoros-ai/DB-GPT,789,https://github.com/eosphoros-ai/DB-GPT/issues/789,closed,Exclude,Absent from final dataset; criterion-level exclusion reason was not retained
eosphoros-ai/DB-GPT,792,https://github.com/eosphoros-ai/DB-GPT/issues/792,closed,Exclude,Absent from final dataset; criterion-level exclusion reason was not retained
eosphoros-ai/DB-GPT,798,https://github.com/eosphoros-ai/DB-GPT/issues/798,closed,Include,Present in released 654-issue dataset
eosphoros-ai/DB-GPT,799,https://github.com/eosphoros-ai/DB-GPT/issues/799,closed,Exclude,Absent from final dataset; criterion-level exclusion reason was not retained
eosphoros-ai/DB-GPT,800,https://github.com/eosphoros-ai/DB-GPT/issues/800,closed,Include,Present in released 654-issue dataset
eosphoros-ai/DB-GPT,802,https://github.com/eosphoros-ai/DB-GPT/issues/802,closed,Exclude,Absent from final dataset; criterion-level exclusion reason was not retained
eosphoros-ai/DB-GPT,806,https://github.com/eosphoros-ai/DB-GPT/issues/806,closed,Exclude,Absent from final dataset; criterion-level exclusion reason was not retained
eosphoros-ai/DB-GPT,812,https://github.com/eosphoros-ai/DB-GPT/issues/812,closed,Exclude,Absent from final dataset; criterion-level exclusion reason was not retained
eosphoros-ai/DB-GPT,816,https://github.com/eosphoros-ai/DB-GPT/issues/816,closed,Exclude,Absent from final dataset; criterion-level exclusion reason was not retained
eosphoros-ai/DB-GPT,819,https://github.com/eosphoros-ai/DB-GPT/issues/819,closed,Exclude,Absent from final dataset; criterion-level exclusion reason was not retained
eosphoros-ai/DB-GPT,821,https://github.com/eosphoros-ai/DB-GPT/issues/821,closed,Include,Present in released 654-issue dataset
eosphoros-ai/DB-GPT,826,https://github.com/eosphoros-ai/DB-GPT/issues/826,closed,Exclude,Absent from final dataset; criterion-level exclusion reason was not retained
eosphoros-ai/DB-GPT,827,https://github.com/eosphoros-ai/DB-GPT/issues/827,closed,Include,Present in released 654-issue dataset
eosphoros-ai/DB-GPT,829,https://github.com/eosphoros-ai/DB-GPT/issues/829,closed,Exclude,Absent from final dataset; criterion-level exclusion reason was not retained
eosphoros-ai/DB-GPT,831,https://github.com/eosphoros-ai/DB-GPT/issues/831,closed,Exclude,Absent from final dataset; criterion-level exclusion reason was not retained
eosphoros-ai/DB-GPT,834,https://github.com/eosphoros-ai/DB-GPT/issues/834,closed,Exclude,Absent from final dataset; criterion-level exclusion reason was not retained
eosphoros-ai/DB-GPT,839,https://github.com/eosphoros-ai/DB-GPT/issues/839,closed,Exclude,Absent from final dataset; criterion-level exclusion reason was not retained
eosphoros-ai/DB-GPT,840,https://github.com/eosphoros-ai/DB-GPT/issues/840,closed,Include,Present in released 654-issue dataset
eosphoros-ai/DB-GPT,841,https://github.com/eosphoros-ai/DB-GPT/issues/841,closed,Exclude,Absent from final dataset; criterion-level exclusion reason was not retained
eosphoros-ai/DB-GPT,842,https://github.com/eosphoros-ai/DB-GPT/issues/842,closed,Exclude,Absent from final dataset; criterion-level exclusion reason was not retained
eosphoros-ai/DB-GPT,844,https://github.com/eosphoros-ai/DB-GPT/issues/844,closed,Exclude,Absent from final dataset; criterion-level exclusion reason was not retained
eosphoros-ai/DB-GPT,847,https://github.com/eosphoros-ai/DB-GPT/issues/847,closed,Exclude,Absent from final dataset; criterion-level exclusion reason was not retained
eosphoros-ai/DB-GPT,863,https://github.com/eosphoros-ai/DB-GPT/issues/863,closed,Include,Present in released 654-issue dataset
eosphoros-ai/DB-GPT,865,https://github.com/eosphoros-ai/DB-GPT/issues/865,closed,Exclude,Absent from final dataset; criterion-level exclusion reason was not retained
eosphoros-ai/DB-GPT,867,https://github.com/eosphoros-ai/DB-GPT/issues/867,closed,Include,Present in released 654-issue dataset
eosphoros-ai/DB-GPT,870,https://github.com/eosphoros-ai/DB-GPT/issues/870,closed,Exclude,Absent from final dataset; criterion-level exclusion reason was not retained
eosphoros-ai/DB-GPT,874,https://github.com/eosphoros-ai/DB-GPT/issues/874,closed,Exclude,Absent from final dataset; criterion-level exclusion reason was not retained
eosphoros-ai/DB-GPT,875,https://github.com/eosphoros-ai/DB-GPT/issues/875,closed,Include,Present in released 654-issue dataset
eosphoros-ai/DB-GPT,876,https://github.com/eosphoros-ai/DB-GPT/issues/876,closed,Exclude,Absent from final dataset; criterion-level exclusion reason was not retained
eosphoros-ai/DB-GPT,877,https://github.com/eosphoros-ai/DB-GPT/issues/877,closed,Exclude,Absent from final dataset; criterion-level exclusion reason was not retained
eosphoros-ai/DB-GPT,879,https://github.com/eosphoros-ai/DB-GPT/issues/879,closed,Exclude,Absent from final dataset; criterion-level exclusion reason was not retained
eosphoros-ai/DB-GPT,886,https://github.com/eosphoros-ai/DB-GPT/issues/886,closed,Exclude,Absent from final dataset; criterion-level exclusion reason was not retained
eosphoros-ai/DB-GPT,888,https://github.com/eosphoros-ai/DB-GPT/issues/888,closed,Exclude,Absent from final dataset; criterion-level exclusion reason was not retained
eosphoros-ai/DB-GPT,889,https://github.com/eosphoros-ai/DB-GPT/issues/889,closed,Exclude,Absent from final dataset; criterion-level exclusion reason was not retained
eosphoros-ai/DB-GPT,891,https://github.com/eosphoros-ai/DB-GPT/issues/891,closed,Exclude,Absent from final dataset; criterion-level exclusion reason was not retained
eosphoros-ai/DB-GPT,894,https://github.com/eosphoros-ai/DB-GPT/issues/894,closed,Exclude,Absent from final dataset; criterion-level exclusion reason was not retained
eosphoros-ai/DB-GPT,895,https://github.com/eosphoros-ai/DB-GPT/issues/895,closed,Exclude,Absent from final dataset; criterion-level exclusion reason was not retained
eosphoros-ai/DB-GPT,899,https://github.com/eosphoros-ai/DB-GPT/issues/899,closed,Exclude,Absent from final dataset; criterion-level exclusion reason was not retained
eosphoros-ai/DB-GPT,905,https://github.com/eosphoros-ai/DB-GPT/issues/905,closed,Exclude,Absent from final dataset; criterion-level exclusion reason was not retained
eosphoros-ai/DB-GPT,915,https://github.com/eosphoros-ai/DB-GPT/issues/915,closed,Exclude,Absent from final dataset; criterion-level exclusion reason was not retained
eosphoros-ai/DB-GPT,920,https://github.com/eosphoros-ai/DB-GPT/issues/920,closed,Exclude,Absent from final dataset; criterion-level exclusion reason was not retained
eosphoros-ai/DB-GPT,921,https://github.com/eosphoros-ai/DB-GPT/issues/921,closed,Exclude,Absent from final dataset; criterion-level exclusion reason was not retained
eosphoros-ai/DB-GPT,922,https://github.com/eosphoros-ai/DB-GPT/issues/922,closed,Exclude,Absent from final dataset; criterion-level exclusion reason was not retained
eosphoros-ai/DB-GPT,924,https://github.com/eosphoros-ai/DB-GPT/issues/924,closed,Exclude,Absent from final dataset; criterion-level exclusion reason was not retained
eosphoros-ai/DB-GPT,925,https://github.com/eosphoros-ai/DB-GPT/issues/925,closed,Exclude,Absent from final dataset; criterion-level exclusion reason was not retained
eosphoros-ai/DB-GPT,926,https://github.com/eosphoros-ai/DB-GPT/issues/926,closed,Exclude,Absent from final dataset; criterion-level exclusion reason was not retained
eosphoros-ai/DB-GPT,930,https://github.com/eosphoros-ai/DB-GPT/issues/930,closed,Exclude,Absent from final dataset; criterion-level exclusion reason was not retained
eosphoros-ai/DB-GPT,935,https://github.com/eosphoros-ai/DB-GPT/issues/935,closed,Exclude,Absent from final dataset; criterion-level exclusion reason was not retained
eosphoros-ai/DB-GPT,942,https://github.com/eosphoros-ai/DB-GPT/issues/942,closed,Exclude,Absent from final dataset; criterion-level exclusion reason was not retained
eosphoros-ai/DB-GPT,943,https://github.com/eosphoros-ai/DB-GPT/issues/943,closed,Exclude,Absent from final dataset; criterion-level exclusion reason was not retained
eosphoros-ai/DB-GPT,944,https://github.com/eosphoros-ai/DB-GPT/issues/944,closed,Exclude,Absent from final dataset; criterion-level exclusion reason was not retained
eosphoros-ai/DB-GPT,945,https://github.com/eosphoros-ai/DB-GPT/issues/945,closed,Exclude,Absent from final dataset; criterion-level exclusion reason was not retained
eosphoros-ai/DB-GPT,951,https://github.com/eosphoros-ai/DB-GPT/issues/951,closed,Exclude,Absent from final dataset; criterion-level exclusion reason was not retained
eosphoros-ai/DB-GPT,968,https://github.com/eosphoros-ai/DB-GPT/issues/968,closed,Include,Present in released 654-issue dataset
eosphoros-ai/DB-GPT,969,https://github.com/eosphoros-ai/DB-GPT/issues/969,closed,Exclude,Absent from final dataset; criterion-level exclusion reason was not retained
eosphoros-ai/DB-GPT,974,https://github.com/eosphoros-ai/DB-GPT/issues/974,closed,Exclude,Absent from final dataset; criterion-level exclusion reason was not retained
eosphoros-ai/DB-GPT,975,https://github.com/eosphoros-ai/DB-GPT/issues/975,closed,Exclude,Absent from final dataset; criterion-level exclusion reason was not retained
eosphoros-ai/DB-GPT,979,https://github.com/eosphoros-ai/DB-GPT/issues/979,closed,Exclude,Absent from final dataset; criterion-level exclusion reason was not retained
eosphoros-ai/DB-GPT,981,https://github.com/eosphoros-ai/DB-GPT/issues/981,closed,Exclude,Absent from final dataset; criterion-level exclusion reason was not retained
eosphoros-ai/DB-GPT,982,https://github.com/eosphoros-ai/DB-GPT/issues/982,closed,Exclude,Absent from final dataset; criterion-level exclusion reason was not retained
eosphoros-ai/DB-GPT,983,https://github.com/eosphoros-ai/DB-GPT/issues/983,closed,Exclude,Absent from final dataset; criterion-level exclusion reason was not retained
eosphoros-ai/DB-GPT,984,https://github.com/eosphoros-ai/DB-GPT/issues/984,closed,Exclude,Absent from final dataset; criterion-level exclusion reason was not retained
eosphoros-ai/DB-GPT,990,https://github.com/eosphoros-ai/DB-GPT/issues/990,closed,Exclude,Absent from final dataset; criterion-level exclusion reason was not retained
eosphoros-ai/DB-GPT,992,https://github.com/eosphoros-ai/DB-GPT/issues/992,closed,Exclude,Absent from final dataset; criterion-level exclusion reason was not retained
eosphoros-ai/DB-GPT,997,https://github.com/eosphoros-ai/DB-GPT/issues/997,closed,Exclude,Absent from final dataset; criterion-level exclusion reason was not retained
eosphoros-ai/DB-GPT,998,https://github.com/eosphoros-ai/DB-GPT/issues/998,closed,Exclude,Absent from final dataset; criterion-level exclusion reason was not retained
eosphoros-ai/DB-GPT,1004,https://github.com/eosphoros-ai/DB-GPT/issues/1004,closed,Exclude,Absent from final dataset; criterion-level exclusion reason was not retained
eosphoros-ai/DB-GPT,1017,https://github.com/eosphoros-ai/DB-GPT/issues/1017,closed,Exclude,Absent from final dataset; criterion-level exclusion reason was not retained
eosphoros-ai/DB-GPT,1021,https://github.com/eosphoros-ai/DB-GPT/issues/1021,closed,Include,Present in released 654-issue dataset
eosphoros-ai/DB-GPT,1036,https://github.com/eosphoros-ai/DB-GPT/issues/1036,closed,Exclude,Absent from final dataset; criterion-level exclusion reason was not retained
eosphoros-ai/DB-GPT,1040,https://github.com/eosphoros-ai/DB-GPT/issues/1040,closed,Exclude,Absent from final dataset; criterion-level exclusion reason was not retained
eosphoros-ai/DB-GPT,1041,https://github.com/eosphoros-ai/DB-GPT/issues/1041,closed,Exclude,Absent from final dataset; criterion-level exclusion reason was not retained
eosphoros-ai/DB-GPT,1043,https://github.com/eosphoros-ai/DB-GPT/issues/1043,closed,Exclude,Absent from final dataset; criterion-level exclusion reason was not retained
eosphoros-ai/DB-GPT,1047,https://github.com/eosphoros-ai/DB-GPT/issues/1047,closed,Exclude,Absent from final dataset; criterion-level exclusion reason was not retained
eosphoros-ai/DB-GPT,1049,https://github.com/eosphoros-ai/DB-GPT/issues/1049,closed,Include,Present in released 654-issue dataset
eosphoros-ai/DB-GPT,1051,https://github.com/eosphoros-ai/DB-GPT/issues/1051,closed,Exclude,Absent from final dataset; criterion-level exclusion reason was not retained
eosphoros-ai/DB-GPT,1052,https://github.com/eosphoros-ai/DB-GPT/issues/1052,closed,Exclude,Absent from final dataset; criterion-level exclusion reason was not retained
eosphoros-ai/DB-GPT,1055,https://github.com/eosphoros-ai/DB-GPT/issues/1055,closed,Exclude,Absent from final dataset; criterion-level exclusion reason was not retained
eosphoros-ai/DB-GPT,1065,https://github.com/eosphoros-ai/DB-GPT/issues/1065,closed,Exclude,Absent from final dataset; criterion-level exclusion reason was not retained
eosphoros-ai/DB-GPT,1066,https://github.com/eosphoros-ai/DB-GPT/issues/1066,closed,Exclude,Absent from final dataset; criterion-level exclusion reason was not retained
eosphoros-ai/DB-GPT,1067,https://github.com/eosphoros-ai/DB-GPT/issues/1067,closed,Exclude,Absent from final dataset; criterion-level exclusion reason was not retained
eosphoros-ai/DB-GPT,1070,https://github.com/eosphoros-ai/DB-GPT/issues/1070,closed,Exclude,Absent from final dataset; criterion-level exclusion reason was not retained
eosphoros-ai/DB-GPT,1071,https://github.com/eosphoros-ai/DB-GPT/issues/1071,closed,Exclude,Absent from final dataset; criterion-level exclusion reason was not retained
eosphoros-ai/DB-GPT,1078,https://github.com/eosphoros-ai/DB-GPT/issues/1078,closed,Exclude,Absent from final dataset; criterion-level exclusion reason was not retained
eosphoros-ai/DB-GPT,1080,https://github.com/eosphoros-ai/DB-GPT/issues/1080,closed,Exclude,Absent from final dataset; criterion-level exclusion reason was not retained
eosphoros-ai/DB-GPT,1084,https://github.com/eosphoros-ai/DB-GPT/issues/1084,closed,Exclude,Absent from final dataset; criterion-level exclusion reason was not retained
eosphoros-ai/DB-GPT,1087,https://github.com/eosphoros-ai/DB-GPT/issues/1087,closed,Exclude,Absent from final dataset; criterion-level exclusion reason was not retained
eosphoros-ai/DB-GPT,1089,https://github.com/eosphoros-ai/DB-GPT/issues/1089,closed,Exclude,Absent from final dataset; criterion-level exclusion reason was not retained
eosphoros-ai/DB-GPT,1090,https://github.com/eosphoros-ai/DB-GPT/issues/1090,closed,Exclude,Absent from final dataset; criterion-level exclusion reason was not retained
eosphoros-ai/DB-GPT,1094,https://github.com/eosphoros-ai/DB-GPT/issues/1094,closed,Include,Present in released 654-issue dataset
eosphoros-ai/DB-GPT,1103,https://github.com/eosphoros-ai/DB-GPT/issues/1103,closed,Exclude,Absent from final dataset; criterion-level exclusion reason was not retained
eosphoros-ai/DB-GPT,1104,https://github.com/eosphoros-ai/DB-GPT/issues/1104,closed,Exclude,Absent from final dataset; criterion-level exclusion reason was not retained
eosphoros-ai/DB-GPT,1106,https://github.com/eosphoros-ai/DB-GPT/issues/1106,closed,Exclude,Absent from final dataset; criterion-level exclusion reason was not retained
eosphoros-ai/DB-GPT,1107,https://github.com/eosphoros-ai/DB-GPT/issues/1107,closed,Exclude,Absent from final dataset; criterion-level exclusion reason was not retained
eosphoros-ai/DB-GPT,1108,https://github.com/eosphoros-ai/DB-GPT/issues/1108,closed,Exclude,Absent from final dataset; criterion-level exclusion reason was not retained
eosphoros-ai/DB-GPT,1109,https://github.com/eosphoros-ai/DB-GPT/issues/1109,closed,Exclude,Absent from final dataset; criterion-level exclusion reason was not retained
eosphoros-ai/DB-GPT,1115,https://github.com/eosphoros-ai/DB-GPT/issues/1115,closed,Exclude,Absent from final dataset; criterion-level exclusion reason was not retained
eosphoros-ai/DB-GPT,1116,https://github.com/eosphoros-ai/DB-GPT/issues/1116,closed,Include,Present in released 654-issue dataset
eosphoros-ai/DB-GPT,1118,https://github.com/eosphoros-ai/DB-GPT/issues/1118,closed,Exclude,Absent from final dataset; criterion-level exclusion reason was not retained
eosphoros-ai/DB-GPT,1119,https://github.com/eosphoros-ai/DB-GPT/issues/1119,closed,Exclude,Absent from final dataset; criterion-level exclusion reason was not retained
eosphoros-ai/DB-GPT,1121,https://github.com/eosphoros-ai/DB-GPT/issues/1121,closed,Exclude,Absent from final dataset; criterion-level exclusion reason was not retained
eosphoros-ai/DB-GPT,1124,https://github.com/eosphoros-ai/DB-GPT/issues/1124,closed,Exclude,Absent from final dataset; criterion-level exclusion reason was not retained
eosphoros-ai/DB-GPT,1126,https://github.com/eosphoros-ai/DB-GPT/issues/1126,closed,Exclude,Absent from final dataset; criterion-level exclusion reason was not retained
eosphoros-ai/DB-GPT,1127,https://github.com/eosphoros-ai/DB-GPT/issues/1127,closed,Exclude,Absent from final dataset; criterion-level exclusion reason was not retained
eosphoros-ai/DB-GPT,1131,https://github.com/eosphoros-ai/DB-GPT/issues/1131,closed,Exclude,Absent from final dataset; criterion-level exclusion reason was not retained
eosphoros-ai/DB-GPT,1132,https://github.com/eosphoros-ai/DB-GPT/issues/1132,closed,Exclude,Absent from final dataset; criterion-level exclusion reason was not retained
eosphoros-ai/DB-GPT,1134,https://github.com/eosphoros-ai/DB-GPT/issues/1134,closed,Exclude,Absent from final dataset; criterion-level exclusion reason was not retained
eosphoros-ai/DB-GPT,1139,https://github.com/eosphoros-ai/DB-GPT/issues/1139,closed,Exclude,Absent from final dataset; criterion-level exclusion reason was not retained
eosphoros-ai/DB-GPT,1140,https://github.com/eosphoros-ai/DB-GPT/issues/1140,closed,Exclude,Absent from final dataset; criterion-level exclusion reason was not retained
eosphoros-ai/DB-GPT,1142,https://github.com/eosphoros-ai/DB-GPT/issues/1142,closed,Exclude,Absent from final dataset; criterion-level exclusion reason was not retained
eosphoros-ai/DB-GPT,1143,https://github.com/eosphoros-ai/DB-GPT/issues/1143,closed,Include,Present in released 654-issue dataset
eosphoros-ai/DB-GPT,1144,https://github.com/eosphoros-ai/DB-GPT/issues/1144,closed,Exclude,Absent from final dataset; criterion-level exclusion reason was not retained
eosphoros-ai/DB-GPT,1146,https://github.com/eosphoros-ai/DB-GPT/issues/1146,closed,Exclude,Absent from final dataset; criterion-level exclusion reason was not retained
eosphoros-ai/DB-GPT,1148,https://github.com/eosphoros-ai/DB-GPT/issues/1148,closed,Exclude,Absent from final dataset; criterion-level exclusion reason was not retained
eosphoros-ai/DB-GPT,1150,https://github.com/eosphoros-ai/DB-GPT/issues/1150,closed,Exclude,Absent from final dataset; criterion-level exclusion reason was not retained
eosphoros-ai/DB-GPT,1153,https://github.com/eosphoros-ai/DB-GPT/issues/1153,closed,Exclude,Absent from final dataset; criterion-level exclusion reason was not retained
eosphoros-ai/DB-GPT,1158,https://github.com/eosphoros-ai/DB-GPT/issues/1158,closed,Exclude,Absent from final dataset; criterion-level exclusion reason was not retained
eosphoros-ai/DB-GPT,1159,https://github.com/eosphoros-ai/DB-GPT/issues/1159,closed,Exclude,Absent from final dataset; criterion-level exclusion reason was not retained
eosphoros-ai/DB-GPT,1160,https://github.com/eosphoros-ai/DB-GPT/issues/1160,closed,Include,Present in released 654-issue dataset
eosphoros-ai/DB-GPT,1168,https://github.com/eosphoros-ai/DB-GPT/issues/1168,closed,Exclude,Absent from final dataset; criterion-level exclusion reason was not retained
eosphoros-ai/DB-GPT,1179,https://github.com/eosphoros-ai/DB-GPT/issues/1179,closed,Exclude,Absent from final dataset; criterion-level exclusion reason was not retained
eosphoros-ai/DB-GPT,1188,https://github.com/eosphoros-ai/DB-GPT/issues/1188,closed,Exclude,Absent from final dataset; criterion-level exclusion reason was not retained
eosphoros-ai/DB-GPT,1189,https://github.com/eosphoros-ai/DB-GPT/issues/1189,closed,Exclude,Absent from final dataset; criterion-level exclusion reason was not retained
eosphoros-ai/DB-GPT,1193,https://github.com/eosphoros-ai/DB-GPT/issues/1193,closed,Exclude,Absent from final dataset; criterion-level exclusion reason was not retained
eosphoros-ai/DB-GPT,1194,https://github.com/eosphoros-ai/DB-GPT/issues/1194,closed,Exclude,Absent from final dataset; criterion-level exclusion reason was not retained
eosphoros-ai/DB-GPT,1195,https://github.com/eosphoros-ai/DB-GPT/issues/1195,closed,Exclude,Absent from final dataset; criterion-level exclusion reason was not retained
eosphoros-ai/DB-GPT,1197,https://github.com/eosphoros-ai/DB-GPT/issues/1197,closed,Exclude,Absent from final dataset; criterion-level exclusion reason was not retained
eosphoros-ai/DB-GPT,1203,https://github.com/eosphoros-ai/DB-GPT/issues/1203,closed,Exclude,Absent from final dataset; criterion-level exclusion reason was not retained
eosphoros-ai/DB-GPT,1205,https://github.com/eosphoros-ai/DB-GPT/issues/1205,closed,Exclude,Absent from final dataset; criterion-level exclusion reason was not retained
eosphoros-ai/DB-GPT,1206,https://github.com/eosphoros-ai/DB-GPT/issues/1206,closed,Exclude,Absent from final dataset; criterion-level exclusion reason was not retained
eosphoros-ai/DB-GPT,1207,https://github.com/eosphoros-ai/DB-GPT/issues/1207,closed,Exclude,Absent from final dataset; criterion-level exclusion reason was not retained
eosphoros-ai/DB-GPT,1208,https://github.com/eosphoros-ai/DB-GPT/issues/1208,closed,Exclude,Absent from final dataset; criterion-level exclusion reason was not retained
eosphoros-ai/DB-GPT,1210,https://github.com/eosphoros-ai/DB-GPT/issues/1210,closed,Include,Present in released 654-issue dataset
eosphoros-ai/DB-GPT,1213,https://github.com/eosphoros-ai/DB-GPT/issues/1213,closed,Exclude,Absent from final dataset; criterion-level exclusion reason was not retained
eosphoros-ai/DB-GPT,1218,https://github.com/eosphoros-ai/DB-GPT/issues/1218,closed,Exclude,Absent from final dataset; criterion-level exclusion reason was not retained
eosphoros-ai/DB-GPT,1220,https://github.com/eosphoros-ai/DB-GPT/issues/1220,closed,Exclude,Absent from final dataset; criterion-level exclusion reason was not retained
eosphoros-ai/DB-GPT,1221,https://github.com/eosphoros-ai/DB-GPT/issues/1221,closed,Exclude,Absent from final dataset; criterion-level exclusion reason was not retained
eosphoros-ai/DB-GPT,1222,https://github.com/eosphoros-ai/DB-GPT/issues/1222,closed,Exclude,Absent from final dataset; criterion-level exclusion reason was not retained
eosphoros-ai/DB-GPT,1223,https://github.com/eosphoros-ai/DB-GPT/issues/1223,closed,Exclude,Absent from final dataset; criterion-level exclusion reason was not retained
eosphoros-ai/DB-GPT,1226,https://github.com/eosphoros-ai/DB-GPT/issues/1226,closed,Exclude,Absent from final dataset; criterion-level exclusion reason was not retained
eosphoros-ai/DB-GPT,1227,https://github.com/eosphoros-ai/DB-GPT/issues/1227,closed,Exclude,Absent from final dataset; criterion-level exclusion reason was not retained
eosphoros-ai/DB-GPT,1229,https://github.com/eosphoros-ai/DB-GPT/issues/1229,closed,Exclude,Absent from final dataset; criterion-level exclusion reason was not retained
eosphoros-ai/DB-GPT,1231,https://github.com/eosphoros-ai/DB-GPT/issues/1231,closed,Exclude,Absent from final dataset; criterion-level exclusion reason was not retained
eosphoros-ai/DB-GPT,1235,https://github.com/eosphoros-ai/DB-GPT/issues/1235,closed,Exclude,Absent from final dataset; criterion-level exclusion reason was not retained
eosphoros-ai/DB-GPT,1236,https://github.com/eosphoros-ai/DB-GPT/issues/1236,closed,Exclude,Absent from final dataset; criterion-level exclusion reason was not retained
eosphoros-ai/DB-GPT,1240,https://github.com/eosphoros-ai/DB-GPT/issues/1240,closed,Include,Present in released 654-issue dataset
eosphoros-ai/DB-GPT,1241,https://github.com/eosphoros-ai/DB-GPT/issues/1241,closed,Exclude,Absent from final dataset; criterion-level exclusion reason was not retained
eosphoros-ai/DB-GPT,1242,https://github.com/eosphoros-ai/DB-GPT/issues/1242,closed,Exclude,Absent from final dataset; criterion-level exclusion reason was not retained
eosphoros-ai/DB-GPT,1243,https://github.com/eosphoros-ai/DB-GPT/issues/1243,closed,Include,Present in released 654-issue dataset
eosphoros-ai/DB-GPT,1247,https://github.com/eosphoros-ai/DB-GPT/issues/1247,closed,Exclude,Absent from final dataset; criterion-level exclusion reason was not retained
eosphoros-ai/DB-GPT,1248,https://github.com/eosphoros-ai/DB-GPT/issues/1248,closed,Exclude,Absent from final dataset; criterion-level exclusion reason was not retained
eosphoros-ai/DB-GPT,1249,https://github.com/eosphoros-ai/DB-GPT/issues/1249,closed,Exclude,Absent from final dataset; criterion-level exclusion reason was not retained
eosphoros-ai/DB-GPT,1252,https://github.com/eosphoros-ai/DB-GPT/issues/1252,closed,Exclude,Absent from final dataset; criterion-level exclusion reason was not retained
eosphoros-ai/DB-GPT,1253,https://github.com/eosphoros-ai/DB-GPT/issues/1253,closed,Exclude,Absent from final dataset; criterion-level exclusion reason was not retained
eosphoros-ai/DB-GPT,1255,https://github.com/eosphoros-ai/DB-GPT/issues/1255,closed,Exclude,Absent from final dataset; criterion-level exclusion reason was not retained
eosphoros-ai/DB-GPT,1257,https://github.com/eosphoros-ai/DB-GPT/issues/1257,closed,Exclude,Absent from final dataset; criterion-level exclusion reason was not retained
eosphoros-ai/DB-GPT,1262,https://github.com/eosphoros-ai/DB-GPT/issues/1262,closed,Exclude,Absent from final dataset; criterion-level exclusion reason was not retained
eosphoros-ai/DB-GPT,1264,https://github.com/eosphoros-ai/DB-GPT/issues/1264,closed,Exclude,Absent from final dataset; criterion-level exclusion reason was not retained
eosphoros-ai/DB-GPT,1268,https://github.com/eosphoros-ai/DB-GPT/issues/1268,closed,Exclude,Absent from final dataset; criterion-level exclusion reason was not retained
eosphoros-ai/DB-GPT,1269,https://github.com/eosphoros-ai/DB-GPT/issues/1269,closed,Exclude,Absent from final dataset; criterion-level exclusion reason was not retained
eosphoros-ai/DB-GPT,1271,https://github.com/eosphoros-ai/DB-GPT/issues/1271,closed,Exclude,Absent from final dataset; criterion-level exclusion reason was not retained
eosphoros-ai/DB-GPT,1274,https://github.com/eosphoros-ai/DB-GPT/issues/1274,closed,Exclude,Absent from final dataset; criterion-level exclusion reason was not retained
eosphoros-ai/DB-GPT,1277,https://github.com/eosphoros-ai/DB-GPT/issues/1277,closed,Exclude,Absent from final dataset; criterion-level exclusion reason was not retained
eosphoros-ai/DB-GPT,1279,https://github.com/eosphoros-ai/DB-GPT/issues/1279,closed,Exclude,Absent from final dataset; criterion-level exclusion reason was not retained
eosphoros-ai/DB-GPT,1280,https://github.com/eosphoros-ai/DB-GPT/issues/1280,closed,Exclude,Absent from final dataset; criterion-level exclusion reason was not retained
eosphoros-ai/DB-GPT,1284,https://github.com/eosphoros-ai/DB-GPT/issues/1284,closed,Exclude,Absent from final dataset; criterion-level exclusion reason was not retained
eosphoros-ai/DB-GPT,1287,https://github.com/eosphoros-ai/DB-GPT/issues/1287,closed,Exclude,Absent from final dataset; criterion-level exclusion reason was not retained
eosphoros-ai/DB-GPT,1288,https://github.com/eosphoros-ai/DB-GPT/issues/1288,closed,Exclude,Absent from final dataset; criterion-level exclusion reason was not retained
eosphoros-ai/DB-GPT,1295,https://github.com/eosphoros-ai/DB-GPT/issues/1295,closed,Exclude,Absent from final dataset; criterion-level exclusion reason was not retained
eosphoros-ai/DB-GPT,1296,https://github.com/eosphoros-ai/DB-GPT/issues/1296,closed,Exclude,Absent from final dataset; criterion-level exclusion reason was not retained
eosphoros-ai/DB-GPT,1297,https://github.com/eosphoros-ai/DB-GPT/issues/1297,closed,Exclude,Absent from final dataset; criterion-level exclusion reason was not retained
eosphoros-ai/DB-GPT,1301,https://github.com/eosphoros-ai/DB-GPT/issues/1301,closed,Exclude,Absent from final dataset; criterion-level exclusion reason was not retained
eosphoros-ai/DB-GPT,1302,https://github.com/eosphoros-ai/DB-GPT/issues/1302,closed,Exclude,Absent from final dataset; criterion-level exclusion reason was not retained
eosphoros-ai/DB-GPT,1304,https://github.com/eosphoros-ai/DB-GPT/issues/1304,closed,Exclude,Absent from final dataset; criterion-level exclusion reason was not retained
eosphoros-ai/DB-GPT,1306,https://github.com/eosphoros-ai/DB-GPT/issues/1306,closed,Exclude,Absent from final dataset; criterion-level exclusion reason was not retained
eosphoros-ai/DB-GPT,1307,https://github.com/eosphoros-ai/DB-GPT/issues/1307,closed,Include,Present in released 654-issue dataset
eosphoros-ai/DB-GPT,1310,https://github.com/eosphoros-ai/DB-GPT/issues/1310,closed,Exclude,Absent from final dataset; criterion-level exclusion reason was not retained
eosphoros-ai/DB-GPT,1313,https://github.com/eosphoros-ai/DB-GPT/issues/1313,closed,Exclude,Absent from final dataset; criterion-level exclusion reason was not retained
eosphoros-ai/DB-GPT,1315,https://github.com/eosphoros-ai/DB-GPT/issues/1315,closed,Exclude,Absent from final dataset; criterion-level exclusion reason was not retained
eosphoros-ai/DB-GPT,1318,https://github.com/eosphoros-ai/DB-GPT/issues/1318,closed,Exclude,Absent from final dataset; criterion-level exclusion reason was not retained
eosphoros-ai/DB-GPT,1320,https://github.com/eosphoros-ai/DB-GPT/issues/1320,closed,Exclude,Absent from final dataset; criterion-level exclusion reason was not retained
eosphoros-ai/DB-GPT,1321,https://github.com/eosphoros-ai/DB-GPT/issues/1321,closed,Exclude,Absent from final dataset; criterion-level exclusion reason was not retained
eosphoros-ai/DB-GPT,1324,https://github.com/eosphoros-ai/DB-GPT/issues/1324,closed,Exclude,Absent from final dataset; criterion-level exclusion reason was not retained
eosphoros-ai/DB-GPT,1328,https://github.com/eosphoros-ai/DB-GPT/issues/1328,closed,Exclude,Absent from final dataset; criterion-level exclusion reason was not retained
eosphoros-ai/DB-GPT,1334,https://github.com/eosphoros-ai/DB-GPT/issues/1334,closed,Exclude,Absent from final dataset; criterion-level exclusion reason was not retained
eosphoros-ai/DB-GPT,1335,https://github.com/eosphoros-ai/DB-GPT/issues/1335,closed,Exclude,Absent from final dataset; criterion-level exclusion reason was not retained
eosphoros-ai/DB-GPT,1336,https://github.com/eosphoros-ai/DB-GPT/issues/1336,closed,Exclude,Absent from final dataset; criterion-level exclusion reason was not retained
eosphoros-ai/DB-GPT,1337,https://github.com/eosphoros-ai/DB-GPT/issues/1337,closed,Exclude,Absent from final dataset; criterion-level exclusion reason was not retained
eosphoros-ai/DB-GPT,1338,https://github.com/eosphoros-ai/DB-GPT/issues/1338,closed,Exclude,Absent from final dataset; criterion-level exclusion reason was not retained
eosphoros-ai/DB-GPT,1340,https://github.com/eosphoros-ai/DB-GPT/issues/1340,closed,Exclude,Absent from final dataset; criterion-level exclusion reason was not retained
eosphoros-ai/DB-GPT,1342,https://github.com/eosphoros-ai/DB-GPT/issues/1342,closed,Exclude,Absent from final dataset; criterion-level exclusion reason was not retained
eosphoros-ai/DB-GPT,1348,https://github.com/eosphoros-ai/DB-GPT/issues/1348,closed,Exclude,Absent from final dataset; criterion-level exclusion reason was not retained
eosphoros-ai/DB-GPT,1349,https://github.com/eosphoros-ai/DB-GPT/issues/1349,closed,Exclude,Absent from final dataset; criterion-level exclusion reason was not retained
eosphoros-ai/DB-GPT,1352,https://github.com/eosphoros-ai/DB-GPT/issues/1352,closed,Include,Present in released 654-issue dataset
eosphoros-ai/DB-GPT,1356,https://github.com/eosphoros-ai/DB-GPT/issues/1356,closed,Exclude,Absent from final dataset; criterion-level exclusion reason was not retained
eosphoros-ai/DB-GPT,1357,https://github.com/eosphoros-ai/DB-GPT/issues/1357,closed,Exclude,Absent from final dataset; criterion-level exclusion reason was not retained
eosphoros-ai/DB-GPT,1362,https://github.com/eosphoros-ai/DB-GPT/issues/1362,closed,Exclude,Absent from final dataset; criterion-level exclusion reason was not retained
eosphoros-ai/DB-GPT,1364,https://github.com/eosphoros-ai/DB-GPT/issues/1364,closed,Exclude,Absent from final dataset; criterion-level exclusion reason was not retained
eosphoros-ai/DB-GPT,1365,https://github.com/eosphoros-ai/DB-GPT/issues/1365,closed,Exclude,Absent from final dataset; criterion-level exclusion reason was not retained
eosphoros-ai/DB-GPT,1367,https://github.com/eosphoros-ai/DB-GPT/issues/1367,closed,Exclude,Absent from final dataset; criterion-level exclusion reason was not retained
eosphoros-ai/DB-GPT,1371,https://github.com/eosphoros-ai/DB-GPT/issues/1371,closed,Exclude,Absent from final dataset; criterion-level exclusion reason was not retained
eosphoros-ai/DB-GPT,1372,https://github.com/eosphoros-ai/DB-GPT/issues/1372,closed,Exclude,Absent from final dataset; criterion-level exclusion reason was not retained
eosphoros-ai/DB-GPT,1375,https://github.com/eosphoros-ai/DB-GPT/issues/1375,closed,Exclude,Absent from final dataset; criterion-level exclusion reason was not retained
eosphoros-ai/DB-GPT,1376,https://github.com/eosphoros-ai/DB-GPT/issues/1376,closed,Exclude,Absent from final dataset; criterion-level exclusion reason was not retained
eosphoros-ai/DB-GPT,1379,https://github.com/eosphoros-ai/DB-GPT/issues/1379,closed,Exclude,Absent from final dataset; criterion-level exclusion reason was not retained
eosphoros-ai/DB-GPT,1389,https://github.com/eosphoros-ai/DB-GPT/issues/1389,closed,Include,Present in released 654-issue dataset
eosphoros-ai/DB-GPT,1390,https://github.com/eosphoros-ai/DB-GPT/issues/1390,closed,Include,Present in released 654-issue dataset
eosphoros-ai/DB-GPT,1394,https://github.com/eosphoros-ai/DB-GPT/issues/1394,closed,Include,Present in released 654-issue dataset
eosphoros-ai/DB-GPT,1397,https://github.com/eosphoros-ai/DB-GPT/issues/1397,closed,Exclude,Absent from final dataset; criterion-level exclusion reason was not retained
eosphoros-ai/DB-GPT,1398,https://github.com/eosphoros-ai/DB-GPT/issues/1398,closed,Exclude,Absent from final dataset; criterion-level exclusion reason was not retained
eosphoros-ai/DB-GPT,1399,https://github.com/eosphoros-ai/DB-GPT/issues/1399,closed,Exclude,Absent from final dataset; criterion-level exclusion reason was not retained
eosphoros-ai/DB-GPT,1400,https://github.com/eosphoros-ai/DB-GPT/issues/1400,closed,Exclude,Absent from final dataset; criterion-level exclusion reason was not retained
eosphoros-ai/DB-GPT,1401,https://github.com/eosphoros-ai/DB-GPT/issues/1401,closed,Exclude,Absent from final dataset; criterion-level exclusion reason was not retained
eosphoros-ai/DB-GPT,1402,https://github.com/eosphoros-ai/DB-GPT/issues/1402,closed,Exclude,Absent from final dataset; criterion-level exclusion reason was not retained
eosphoros-ai/DB-GPT,1406,https://github.com/eosphoros-ai/DB-GPT/issues/1406,closed,Exclude,Absent from final dataset; criterion-level exclusion reason was not retained
eosphoros-ai/DB-GPT,1415,https://github.com/eosphoros-ai/DB-GPT/issues/1415,closed,Exclude,Absent from final dataset; criterion-level exclusion reason was not retained
eosphoros-ai/DB-GPT,1418,https://github.com/eosphoros-ai/DB-GPT/issues/1418,closed,Exclude,Absent from final dataset; criterion-level exclusion reason was not retained
eosphoros-ai/DB-GPT,1420,https://github.com/eosphoros-ai/DB-GPT/issues/1420,closed,Exclude,Absent from final dataset; criterion-level exclusion reason was not retained
eosphoros-ai/DB-GPT,1421,https://github.com/eosphoros-ai/DB-GPT/issues/1421,closed,Exclude,Absent from final dataset; criterion-level exclusion reason was not retained
eosphoros-ai/DB-GPT,1422,https://github.com/eosphoros-ai/DB-GPT/issues/1422,closed,Exclude,Absent from final dataset; criterion-level exclusion reason was not retained
eosphoros-ai/DB-GPT,1425,https://github.com/eosphoros-ai/DB-GPT/issues/1425,closed,Exclude,Absent from final dataset; criterion-level exclusion reason was not retained
eosphoros-ai/DB-GPT,1426,https://github.com/eosphoros-ai/DB-GPT/issues/1426,closed,Include,Present in released 654-issue dataset
eosphoros-ai/DB-GPT,1441,https://github.com/eosphoros-ai/DB-GPT/issues/1441,closed,Include,Present in released 654-issue dataset
eosphoros-ai/DB-GPT,1444,https://github.com/eosphoros-ai/DB-GPT/issues/1444,closed,Exclude,Absent from final dataset; criterion-level exclusion reason was not retained
eosphoros-ai/DB-GPT,1445,https://github.com/eosphoros-ai/DB-GPT/issues/1445,closed,Exclude,Absent from final dataset; criterion-level exclusion reason was not retained
eosphoros-ai/DB-GPT,1446,https://github.com/eosphoros-ai/DB-GPT/issues/1446,closed,Exclude,Absent from final dataset; criterion-level exclusion reason was not retained
eosphoros-ai/DB-GPT,1450,https://github.com/eosphoros-ai/DB-GPT/issues/1450,closed,Exclude,Absent from final dataset; criterion-level exclusion reason was not retained
eosphoros-ai/DB-GPT,1452,https://github.com/eosphoros-ai/DB-GPT/issues/1452,closed,Exclude,Absent from final dataset; criterion-level exclusion reason was not retained
eosphoros-ai/DB-GPT,1453,https://github.com/eosphoros-ai/DB-GPT/issues/1453,closed,Include,Present in released 654-issue dataset
eosphoros-ai/DB-GPT,1455,https://github.com/eosphoros-ai/DB-GPT/issues/1455,closed,Exclude,Absent from final dataset; criterion-level exclusion reason was not retained
eosphoros-ai/DB-GPT,1457,https://github.com/eosphoros-ai/DB-GPT/issues/1457,closed,Exclude,Absent from final dataset; criterion-level exclusion reason was not retained
eosphoros-ai/DB-GPT,1458,https://github.com/eosphoros-ai/DB-GPT/issues/1458,closed,Exclude,Absent from final dataset; criterion-level exclusion reason was not retained
eosphoros-ai/DB-GPT,1459,https://github.com/eosphoros-ai/DB-GPT/issues/1459,closed,Include,Present in released 654-issue dataset
eosphoros-ai/DB-GPT,1460,https://github.com/eosphoros-ai/DB-GPT/issues/1460,closed,Exclude,Absent from final dataset; criterion-level exclusion reason was not retained
eosphoros-ai/DB-GPT,1461,https://github.com/eosphoros-ai/DB-GPT/issues/1461,closed,Exclude,Absent from final dataset; criterion-level exclusion reason was not retained
eosphoros-ai/DB-GPT,1462,https://github.com/eosphoros-ai/DB-GPT/issues/1462,closed,Include,Present in released 654-issue dataset
eosphoros-ai/DB-GPT,1464,https://github.com/eosphoros-ai/DB-GPT/issues/1464,closed,Exclude,Absent from final dataset; criterion-level exclusion reason was not retained
eosphoros-ai/DB-GPT,1467,https://github.com/eosphoros-ai/DB-GPT/issues/1467,closed,Exclude,Absent from final dataset; criterion-level exclusion reason was not retained
eosphoros-ai/DB-GPT,1476,https://github.com/eosphoros-ai/DB-GPT/issues/1476,closed,Exclude,Absent from final dataset; criterion-level exclusion reason was not retained
eosphoros-ai/DB-GPT,1479,https://github.com/eosphoros-ai/DB-GPT/issues/1479,closed,Exclude,Absent from final dataset; criterion-level exclusion reason was not retained
eosphoros-ai/DB-GPT,1481,https://github.com/eosphoros-ai/DB-GPT/issues/1481,closed,Exclude,Absent from final dataset; criterion-level exclusion reason was not retained
eosphoros-ai/DB-GPT,1488,https://github.com/eosphoros-ai/DB-GPT/issues/1488,closed,Exclude,Absent from final dataset; criterion-level exclusion reason was not retained
eosphoros-ai/DB-GPT,1492,https://github.com/eosphoros-ai/DB-GPT/issues/1492,closed,Exclude,Absent from final dataset; criterion-level exclusion reason was not retained
eosphoros-ai/DB-GPT,1493,https://github.com/eosphoros-ai/DB-GPT/issues/1493,closed,Exclude,Absent from final dataset; criterion-level exclusion reason was not retained
eosphoros-ai/DB-GPT,1494,https://github.com/eosphoros-ai/DB-GPT/issues/1494,closed,Exclude,Absent from final dataset; criterion-level exclusion reason was not retained
eosphoros-ai/DB-GPT,1497,https://github.com/eosphoros-ai/DB-GPT/issues/1497,closed,Exclude,Absent from final dataset; criterion-level exclusion reason was not retained
eosphoros-ai/DB-GPT,1498,https://github.com/eosphoros-ai/DB-GPT/issues/1498,closed,Include,Present in released 654-issue dataset
eosphoros-ai/DB-GPT,1503,https://github.com/eosphoros-ai/DB-GPT/issues/1503,closed,Exclude,Absent from final dataset; criterion-level exclusion reason was not retained
eosphoros-ai/DB-GPT,1521,https://github.com/eosphoros-ai/DB-GPT/issues/1521,closed,Exclude,Absent from final dataset; criterion-level exclusion reason was not retained
eosphoros-ai/DB-GPT,1523,https://github.com/eosphoros-ai/DB-GPT/issues/1523,closed,Include,Present in released 654-issue dataset
eosphoros-ai/DB-GPT,1535,https://github.com/eosphoros-ai/DB-GPT/issues/1535,closed,Exclude,Absent from final dataset; criterion-level exclusion reason was not retained
eosphoros-ai/DB-GPT,1536,https://github.com/eosphoros-ai/DB-GPT/issues/1536,closed,Exclude,Absent from final dataset; criterion-level exclusion reason was not retained
eosphoros-ai/DB-GPT,1539,https://github.com/eosphoros-ai/DB-GPT/issues/1539,closed,Exclude,Absent from final dataset; criterion-level exclusion reason was not retained
eosphoros-ai/DB-GPT,1541,https://github.com/eosphoros-ai/DB-GPT/issues/1541,closed,Exclude,Absent from final dataset; criterion-level exclusion reason was not retained
eosphoros-ai/DB-GPT,1546,https://github.com/eosphoros-ai/DB-GPT/issues/1546,closed,Include,Present in released 654-issue dataset
eosphoros-ai/DB-GPT,1551,https://github.com/eosphoros-ai/DB-GPT/issues/1551,closed,Exclude,Absent from final dataset; criterion-level exclusion reason was not retained
eosphoros-ai/DB-GPT,1553,https://github.com/eosphoros-ai/DB-GPT/issues/1553,closed,Exclude,Absent from final dataset; criterion-level exclusion reason was not retained
eosphoros-ai/DB-GPT,1555,https://github.com/eosphoros-ai/DB-GPT/issues/1555,closed,Exclude,Absent from final dataset; criterion-level exclusion reason was not retained
eosphoros-ai/DB-GPT,1556,https://github.com/eosphoros-ai/DB-GPT/issues/1556,closed,Exclude,Absent from final dataset; criterion-level exclusion reason was not retained
eosphoros-ai/DB-GPT,1558,https://github.com/eosphoros-ai/DB-GPT/issues/1558,closed,Exclude,Absent from final dataset; criterion-level exclusion reason was not retained
eosphoros-ai/DB-GPT,1562,https://github.com/eosphoros-ai/DB-GPT/issues/1562,closed,Include,Present in released 654-issue dataset
eosphoros-ai/DB-GPT,1565,https://github.com/eosphoros-ai/DB-GPT/issues/1565,closed,Exclude,Absent from final dataset; criterion-level exclusion reason was not retained
eosphoros-ai/DB-GPT,1567,https://github.com/eosphoros-ai/DB-GPT/issues/1567,closed,Exclude,Absent from final dataset; criterion-level exclusion reason was not retained
eosphoros-ai/DB-GPT,1568,https://github.com/eosphoros-ai/DB-GPT/issues/1568,closed,Exclude,Absent from final dataset; criterion-level exclusion reason was not retained
eosphoros-ai/DB-GPT,1569,https://github.com/eosphoros-ai/DB-GPT/issues/1569,closed,Exclude,Absent from final dataset; criterion-level exclusion reason was not retained
eosphoros-ai/DB-GPT,1570,https://github.com/eosphoros-ai/DB-GPT/issues/1570,closed,Exclude,Absent from final dataset; criterion-level exclusion reason was not retained
eosphoros-ai/DB-GPT,1571,https://github.com/eosphoros-ai/DB-GPT/issues/1571,closed,Include,Present in released 654-issue dataset
eosphoros-ai/DB-GPT,1574,https://github.com/eosphoros-ai/DB-GPT/issues/1574,closed,Exclude,Absent from final dataset; criterion-level exclusion reason was not retained
eosphoros-ai/DB-GPT,1575,https://github.com/eosphoros-ai/DB-GPT/issues/1575,closed,Exclude,Absent from final dataset; criterion-level exclusion reason was not retained
eosphoros-ai/DB-GPT,1576,https://github.com/eosphoros-ai/DB-GPT/issues/1576,closed,Exclude,Absent from final dataset; criterion-level exclusion reason was not retained
eosphoros-ai/DB-GPT,1581,https://github.com/eosphoros-ai/DB-GPT/issues/1581,closed,Include,Present in released 654-issue dataset
eosphoros-ai/DB-GPT,1583,https://github.com/eosphoros-ai/DB-GPT/issues/1583,closed,Exclude,Absent from final dataset; criterion-level exclusion reason was not retained
eosphoros-ai/DB-GPT,1587,https://github.com/eosphoros-ai/DB-GPT/issues/1587,closed,Exclude,Absent from final dataset; criterion-level exclusion reason was not retained
eosphoros-ai/DB-GPT,1589,https://github.com/eosphoros-ai/DB-GPT/issues/1589,closed,Exclude,Absent from final dataset; criterion-level exclusion reason was not retained
eosphoros-ai/DB-GPT,1595,https://github.com/eosphoros-ai/DB-GPT/issues/1595,closed,Exclude,Absent from final dataset; criterion-level exclusion reason was not retained
eosphoros-ai/DB-GPT,1600,https://github.com/eosphoros-ai/DB-GPT/issues/1600,closed,Include,Present in released 654-issue dataset
eosphoros-ai/DB-GPT,1613,https://github.com/eosphoros-ai/DB-GPT/issues/1613,closed,Exclude,Absent from final dataset; criterion-level exclusion reason was not retained
eosphoros-ai/DB-GPT,1621,https://github.com/eosphoros-ai/DB-GPT/issues/1621,closed,Include,Present in released 654-issue dataset
eosphoros-ai/DB-GPT,1631,https://github.com/eosphoros-ai/DB-GPT/issues/1631,closed,Exclude,Absent from final dataset; criterion-level exclusion reason was not retained
eosphoros-ai/DB-GPT,1633,https://github.com/eosphoros-ai/DB-GPT/issues/1633,closed,Exclude,Absent from final dataset; criterion-level exclusion reason was not retained
eosphoros-ai/DB-GPT,1635,https://github.com/eosphoros-ai/DB-GPT/issues/1635,closed,Exclude,Absent from final dataset; criterion-level exclusion reason was not retained
eosphoros-ai/DB-GPT,1636,https://github.com/eosphoros-ai/DB-GPT/issues/1636,closed,Include,Present in released 654-issue dataset
eosphoros-ai/DB-GPT,1641,https://github.com/eosphoros-ai/DB-GPT/issues/1641,closed,Exclude,Absent from final dataset; criterion-level exclusion reason was not retained
eosphoros-ai/DB-GPT,1642,https://github.com/eosphoros-ai/DB-GPT/issues/1642,closed,Include,Present in released 654-issue dataset
eosphoros-ai/DB-GPT,1643,https://github.com/eosphoros-ai/DB-GPT/issues/1643,closed,Exclude,Absent from final dataset; criterion-level exclusion reason was not retained
eosphoros-ai/DB-GPT,1645,https://github.com/eosphoros-ai/DB-GPT/issues/1645,closed,Exclude,Absent from final dataset; criterion-level exclusion reason was not retained
eosphoros-ai/DB-GPT,1646,https://github.com/eosphoros-ai/DB-GPT/issues/1646,closed,Exclude,Absent from final dataset; criterion-level exclusion reason was not retained
eosphoros-ai/DB-GPT,1647,https://github.com/eosphoros-ai/DB-GPT/issues/1647,closed,Exclude,Absent from final dataset; criterion-level exclusion reason was not retained
eosphoros-ai/DB-GPT,1649,https://github.com/eosphoros-ai/DB-GPT/issues/1649,closed,Exclude,Absent from final dataset; criterion-level exclusion reason was not retained
eosphoros-ai/DB-GPT,1650,https://github.com/eosphoros-ai/DB-GPT/issues/1650,closed,Exclude,Absent from final dataset; criterion-level exclusion reason was not retained
eosphoros-ai/DB-GPT,1654,https://github.com/eosphoros-ai/DB-GPT/issues/1654,closed,Exclude,Absent from final dataset; criterion-level exclusion reason was not retained
eosphoros-ai/DB-GPT,1657,https://github.com/eosphoros-ai/DB-GPT/issues/1657,closed,Exclude,Absent from final dataset; criterion-level exclusion reason was not retained
eosphoros-ai/DB-GPT,1660,https://github.com/eosphoros-ai/DB-GPT/issues/1660,closed,Include,Present in released 654-issue dataset
eosphoros-ai/DB-GPT,1661,https://github.com/eosphoros-ai/DB-GPT/issues/1661,closed,Exclude,Absent from final dataset; criterion-level exclusion reason was not retained
eosphoros-ai/DB-GPT,1664,https://github.com/eosphoros-ai/DB-GPT/issues/1664,closed,Exclude,Absent from final dataset; criterion-level exclusion reason was not retained
eosphoros-ai/DB-GPT,1666,https://github.com/eosphoros-ai/DB-GPT/issues/1666,closed,Exclude,Absent from final dataset; criterion-level exclusion reason was not retained
eosphoros-ai/DB-GPT,1667,https://github.com/eosphoros-ai/DB-GPT/issues/1667,closed,Exclude,Absent from final dataset; criterion-level exclusion reason was not retained
eosphoros-ai/DB-GPT,1668,https://github.com/eosphoros-ai/DB-GPT/issues/1668,closed,Exclude,Absent from final dataset; criterion-level exclusion reason was not retained
eosphoros-ai/DB-GPT,1669,https://github.com/eosphoros-ai/DB-GPT/issues/1669,closed,Include,Present in released 654-issue dataset
eosphoros-ai/DB-GPT,1671,https://github.com/eosphoros-ai/DB-GPT/issues/1671,closed,Exclude,Absent from final dataset; criterion-level exclusion reason was not retained
eosphoros-ai/DB-GPT,1676,https://github.com/eosphoros-ai/DB-GPT/issues/1676,closed,Exclude,Absent from final dataset; criterion-level exclusion reason was not retained
eosphoros-ai/DB-GPT,1677,https://github.com/eosphoros-ai/DB-GPT/issues/1677,closed,Exclude,Absent from final dataset; criterion-level exclusion reason was not retained
eosphoros-ai/DB-GPT,1679,https://github.com/eosphoros-ai/DB-GPT/issues/1679,closed,Exclude,Absent from final dataset; criterion-level exclusion reason was not retained
eosphoros-ai/DB-GPT,1682,https://github.com/eosphoros-ai/DB-GPT/issues/1682,closed,Exclude,Absent from final dataset; criterion-level exclusion reason was not retained
eosphoros-ai/DB-GPT,1683,https://github.com/eosphoros-ai/DB-GPT/issues/1683,closed,Exclude,Absent from final dataset; criterion-level exclusion reason was not retained
eosphoros-ai/DB-GPT,1689,https://github.com/eosphoros-ai/DB-GPT/issues/1689,closed,Exclude,Absent from final dataset; criterion-level exclusion reason was not retained
eosphoros-ai/DB-GPT,1693,https://github.com/eosphoros-ai/DB-GPT/issues/1693,closed,Exclude,Absent from final dataset; criterion-level exclusion reason was not retained
eosphoros-ai/DB-GPT,1694,https://github.com/eosphoros-ai/DB-GPT/issues/1694,closed,Exclude,Absent from final dataset; criterion-level exclusion reason was not retained
eosphoros-ai/DB-GPT,1695,https://github.com/eosphoros-ai/DB-GPT/issues/1695,closed,Exclude,Absent from final dataset; criterion-level exclusion reason was not retained
eosphoros-ai/DB-GPT,1696,https://github.com/eosphoros-ai/DB-GPT/issues/1696,closed,Exclude,Absent from final dataset; criterion-level exclusion reason was not retained
eosphoros-ai/DB-GPT,1700,https://github.com/eosphoros-ai/DB-GPT/issues/1700,closed,Exclude,Absent from final dataset; criterion-level exclusion reason was not retained
eosphoros-ai/DB-GPT,1703,https://github.com/eosphoros-ai/DB-GPT/issues/1703,closed,Exclude,Absent from final dataset; criterion-level exclusion reason was not retained
eosphoros-ai/DB-GPT,1704,https://github.com/eosphoros-ai/DB-GPT/issues/1704,closed,Include,Present in released 654-issue dataset
eosphoros-ai/DB-GPT,1707,https://github.com/eosphoros-ai/DB-GPT/issues/1707,closed,Include,Present in released 654-issue dataset
eosphoros-ai/DB-GPT,1708,https://github.com/eosphoros-ai/DB-GPT/issues/1708,closed,Exclude,Absent from final dataset; criterion-level exclusion reason was not retained
eosphoros-ai/DB-GPT,1709,https://github.com/eosphoros-ai/DB-GPT/issues/1709,closed,Exclude,Absent from final dataset; criterion-level exclusion reason was not retained
eosphoros-ai/DB-GPT,1712,https://github.com/eosphoros-ai/DB-GPT/issues/1712,closed,Exclude,Absent from final dataset; criterion-level exclusion reason was not retained
eosphoros-ai/DB-GPT,1713,https://github.com/eosphoros-ai/DB-GPT/issues/1713,closed,Exclude,Absent from final dataset; criterion-level exclusion reason was not retained
eosphoros-ai/DB-GPT,1714,https://github.com/eosphoros-ai/DB-GPT/issues/1714,closed,Include,Present in released 654-issue dataset
eosphoros-ai/DB-GPT,1715,https://github.com/eosphoros-ai/DB-GPT/issues/1715,closed,Exclude,Absent from final dataset; criterion-level exclusion reason was not retained
eosphoros-ai/DB-GPT,1716,https://github.com/eosphoros-ai/DB-GPT/issues/1716,closed,Exclude,Absent from final dataset; criterion-level exclusion reason was not retained
eosphoros-ai/DB-GPT,1722,https://github.com/eosphoros-ai/DB-GPT/issues/1722,closed,Exclude,Absent from final dataset; criterion-level exclusion reason was not retained
eosphoros-ai/DB-GPT,1723,https://github.com/eosphoros-ai/DB-GPT/issues/1723,closed,Include,Present in released 654-issue dataset
eosphoros-ai/DB-GPT,1726,https://github.com/eosphoros-ai/DB-GPT/issues/1726,closed,Exclude,Absent from final dataset; criterion-level exclusion reason was not retained
eosphoros-ai/DB-GPT,1728,https://github.com/eosphoros-ai/DB-GPT/issues/1728,closed,Exclude,Absent from final dataset; criterion-level exclusion reason was not retained
eosphoros-ai/DB-GPT,1729,https://github.com/eosphoros-ai/DB-GPT/issues/1729,closed,Exclude,Absent from final dataset; criterion-level exclusion reason was not retained
eosphoros-ai/DB-GPT,1733,https://github.com/eosphoros-ai/DB-GPT/issues/1733,closed,Exclude,Absent from final dataset; criterion-level exclusion reason was not retained
eosphoros-ai/DB-GPT,1739,https://github.com/eosphoros-ai/DB-GPT/issues/1739,closed,Exclude,Absent from final dataset; criterion-level exclusion reason was not retained
eosphoros-ai/DB-GPT,1745,https://github.com/eosphoros-ai/DB-GPT/issues/1745,closed,Exclude,Absent from final dataset; criterion-level exclusion reason was not retained
eosphoros-ai/DB-GPT,1746,https://github.com/eosphoros-ai/DB-GPT/issues/1746,closed,Exclude,Absent from final dataset; criterion-level exclusion reason was not retained
eosphoros-ai/DB-GPT,1748,https://github.com/eosphoros-ai/DB-GPT/issues/1748,closed,Include,Present in released 654-issue dataset
eosphoros-ai/DB-GPT,1751,https://github.com/eosphoros-ai/DB-GPT/issues/1751,closed,Include,Present in released 654-issue dataset
eosphoros-ai/DB-GPT,1752,https://github.com/eosphoros-ai/DB-GPT/issues/1752,closed,Exclude,Absent from final dataset; criterion-level exclusion reason was not retained
eosphoros-ai/DB-GPT,1756,https://github.com/eosphoros-ai/DB-GPT/issues/1756,closed,Exclude,Absent from final dataset; criterion-level exclusion reason was not retained
eosphoros-ai/DB-GPT,1761,https://github.com/eosphoros-ai/DB-GPT/issues/1761,closed,Exclude,Absent from final dataset; criterion-level exclusion reason was not retained
eosphoros-ai/DB-GPT,1762,https://github.com/eosphoros-ai/DB-GPT/issues/1762,closed,Exclude,Absent from final dataset; criterion-level exclusion reason was not retained
eosphoros-ai/DB-GPT,1764,https://github.com/eosphoros-ai/DB-GPT/issues/1764,closed,Exclude,Absent from final dataset; criterion-level exclusion reason was not retained
eosphoros-ai/DB-GPT,1768,https://github.com/eosphoros-ai/DB-GPT/issues/1768,closed,Exclude,Absent from final dataset; criterion-level exclusion reason was not retained
eosphoros-ai/DB-GPT,1770,https://github.com/eosphoros-ai/DB-GPT/issues/1770,closed,Exclude,Absent from final dataset; criterion-level exclusion reason was not retained
eosphoros-ai/DB-GPT,1774,https://github.com/eosphoros-ai/DB-GPT/issues/1774,closed,Exclude,Absent from final dataset; criterion-level exclusion reason was not retained
eosphoros-ai/DB-GPT,1775,https://github.com/eosphoros-ai/DB-GPT/issues/1775,closed,Exclude,Absent from final dataset; criterion-level exclusion reason was not retained
eosphoros-ai/DB-GPT,1776,https://github.com/eosphoros-ai/DB-GPT/issues/1776,closed,Exclude,Absent from final dataset; criterion-level exclusion reason was not retained
eosphoros-ai/DB-GPT,1777,https://github.com/eosphoros-ai/DB-GPT/issues/1777,closed,Exclude,Absent from final dataset; criterion-level exclusion reason was not retained
eosphoros-ai/DB-GPT,1778,https://github.com/eosphoros-ai/DB-GPT/issues/1778,closed,Exclude,Absent from final dataset; criterion-level exclusion reason was not retained
eosphoros-ai/DB-GPT,1779,https://github.com/eosphoros-ai/DB-GPT/issues/1779,closed,Exclude,Absent from final dataset; criterion-level exclusion reason was not retained
eosphoros-ai/DB-GPT,1783,https://github.com/eosphoros-ai/DB-GPT/issues/1783,closed,Exclude,Absent from final dataset; criterion-level exclusion reason was not retained
eosphoros-ai/DB-GPT,1785,https://github.com/eosphoros-ai/DB-GPT/issues/1785,closed,Exclude,Absent from final dataset; criterion-level exclusion reason was not retained
eosphoros-ai/DB-GPT,1788,https://github.com/eosphoros-ai/DB-GPT/issues/1788,closed,Exclude,Absent from final dataset; criterion-level exclusion reason was not retained
eosphoros-ai/DB-GPT,1790,https://github.com/eosphoros-ai/DB-GPT/issues/1790,closed,Exclude,Absent from final dataset; criterion-level exclusion reason was not retained
eosphoros-ai/DB-GPT,1793,https://github.com/eosphoros-ai/DB-GPT/issues/1793,closed,Exclude,Absent from final dataset; criterion-level exclusion reason was not retained
eosphoros-ai/DB-GPT,1795,https://github.com/eosphoros-ai/DB-GPT/issues/1795,closed,Exclude,Absent from final dataset; criterion-level exclusion reason was not retained
eosphoros-ai/DB-GPT,1798,https://github.com/eosphoros-ai/DB-GPT/issues/1798,closed,Exclude,Absent from final dataset; criterion-level exclusion reason was not retained
eosphoros-ai/DB-GPT,1809,https://github.com/eosphoros-ai/DB-GPT/issues/1809,closed,Exclude,Absent from final dataset; criterion-level exclusion reason was not retained
eosphoros-ai/DB-GPT,1815,https://github.com/eosphoros-ai/DB-GPT/issues/1815,closed,Exclude,Absent from final dataset; criterion-level exclusion reason was not retained
eosphoros-ai/DB-GPT,1835,https://github.com/eosphoros-ai/DB-GPT/issues/1835,closed,Exclude,Absent from final dataset; criterion-level exclusion reason was not retained
eosphoros-ai/DB-GPT,1838,https://github.com/eosphoros-ai/DB-GPT/issues/1838,closed,Exclude,Absent from final dataset; criterion-level exclusion reason was not retained
eosphoros-ai/DB-GPT,1842,https://github.com/eosphoros-ai/DB-GPT/issues/1842,closed,Exclude,Absent from final dataset; criterion-level exclusion reason was not retained
eosphoros-ai/DB-GPT,1844,https://github.com/eosphoros-ai/DB-GPT/issues/1844,closed,Exclude,Absent from final dataset; criterion-level exclusion reason was not retained
eosphoros-ai/DB-GPT,1864,https://github.com/eosphoros-ai/DB-GPT/issues/1864,closed,Exclude,Absent from final dataset; criterion-level exclusion reason was not retained
eosphoros-ai/DB-GPT,1865,https://github.com/eosphoros-ai/DB-GPT/issues/1865,closed,Exclude,Absent from final dataset; criterion-level exclusion reason was not retained
eosphoros-ai/DB-GPT,1872,https://github.com/eosphoros-ai/DB-GPT/issues/1872,closed,Exclude,Absent from final dataset; criterion-level exclusion reason was not retained
eosphoros-ai/DB-GPT,1885,https://github.com/eosphoros-ai/DB-GPT/issues/1885,closed,Exclude,Absent from final dataset; criterion-level exclusion reason was not retained
eosphoros-ai/DB-GPT,1886,https://github.com/eosphoros-ai/DB-GPT/issues/1886,closed,Exclude,Absent from final dataset; criterion-level exclusion reason was not retained
eosphoros-ai/DB-GPT,1896,https://github.com/eosphoros-ai/DB-GPT/issues/1896,closed,Exclude,Absent from final dataset; criterion-level exclusion reason was not retained
eosphoros-ai/DB-GPT,1927,https://github.com/eosphoros-ai/DB-GPT/issues/1927,closed,Exclude,Absent from final dataset; criterion-level exclusion reason was not retained
eosphoros-ai/DB-GPT,1939,https://github.com/eosphoros-ai/DB-GPT/issues/1939,closed,Exclude,Absent from final dataset; criterion-level exclusion reason was not retained
eosphoros-ai/DB-GPT,1986,https://github.com/eosphoros-ai/DB-GPT/issues/1986,closed,Exclude,Absent from final dataset; criterion-level exclusion reason was not retained
eosphoros-ai/DB-GPT,1990,https://github.com/eosphoros-ai/DB-GPT/issues/1990,closed,Include,Present in released 654-issue dataset
eosphoros-ai/DB-GPT,1996,https://github.com/eosphoros-ai/DB-GPT/issues/1996,closed,Exclude,Absent from final dataset; criterion-level exclusion reason was not retained
eosphoros-ai/DB-GPT,2012,https://github.com/eosphoros-ai/DB-GPT/issues/2012,closed,Exclude,Absent from final dataset; criterion-level exclusion reason was not retained
eosphoros-ai/DB-GPT,2013,https://github.com/eosphoros-ai/DB-GPT/issues/2013,closed,Exclude,Absent from final dataset; criterion-level exclusion reason was not retained
eosphoros-ai/DB-GPT,2017,https://github.com/eosphoros-ai/DB-GPT/issues/2017,closed,Exclude,Absent from final dataset; criterion-level exclusion reason was not retained
eosphoros-ai/DB-GPT,2020,https://github.com/eosphoros-ai/DB-GPT/issues/2020,closed,Exclude,Absent from final dataset; criterion-level exclusion reason was not retained
eosphoros-ai/DB-GPT,2031,https://github.com/eosphoros-ai/DB-GPT/issues/2031,closed,Exclude,Absent from final dataset; criterion-level exclusion reason was not retained
eosphoros-ai/DB-GPT,2042,https://github.com/eosphoros-ai/DB-GPT/issues/2042,closed,Exclude,Absent from final dataset; criterion-level exclusion reason was not retained
eosphoros-ai/DB-GPT,2065,https://github.com/eosphoros-ai/DB-GPT/issues/2065,closed,Include,Present in released 654-issue dataset
eosphoros-ai/DB-GPT,2068,https://github.com/eosphoros-ai/DB-GPT/issues/2068,closed,Include,Present in released 654-issue dataset
eosphoros-ai/DB-GPT,2078,https://github.com/eosphoros-ai/DB-GPT/issues/2078,closed,Exclude,Absent from final dataset; criterion-level exclusion reason was not retained
eosphoros-ai/DB-GPT,2097,https://github.com/eosphoros-ai/DB-GPT/issues/2097,closed,Exclude,Absent from final dataset; criterion-level exclusion reason was not retained
eosphoros-ai/DB-GPT,2102,https://github.com/eosphoros-ai/DB-GPT/issues/2102,closed,Exclude,Absent from final dataset; criterion-level exclusion reason was not retained
eosphoros-ai/DB-GPT,2105,https://github.com/eosphoros-ai/DB-GPT/issues/2105,closed,Exclude,Absent from final dataset; criterion-level exclusion reason was not retained
eosphoros-ai/DB-GPT,2116,https://github.com/eosphoros-ai/DB-GPT/issues/2116,closed,Include,Present in released 654-issue dataset
eosphoros-ai/DB-GPT,2127,https://github.com/eosphoros-ai/DB-GPT/issues/2127,closed,Exclude,Absent from final dataset; criterion-level exclusion reason was not retained
eosphoros-ai/DB-GPT,2136,https://github.com/eosphoros-ai/DB-GPT/issues/2136,closed,Include,Present in released 654-issue dataset
eosphoros-ai/DB-GPT,2140,https://github.com/eosphoros-ai/DB-GPT/issues/2140,closed,Include,Present in released 654-issue dataset
eosphoros-ai/DB-GPT,2163,https://github.com/eosphoros-ai/DB-GPT/issues/2163,closed,Include,Present in released 654-issue dataset
eosphoros-ai/DB-GPT,2165,https://github.com/eosphoros-ai/DB-GPT/issues/2165,closed,Exclude,Absent from final dataset; criterion-level exclusion reason was not retained
eosphoros-ai/DB-GPT,2166,https://github.com/eosphoros-ai/DB-GPT/issues/2166,closed,Exclude,Absent from final dataset; criterion-level exclusion reason was not retained
eosphoros-ai/DB-GPT,2168,https://github.com/eosphoros-ai/DB-GPT/issues/2168,closed,Exclude,Absent from final dataset; criterion-level exclusion reason was not retained
eosphoros-ai/DB-GPT,2173,https://github.com/eosphoros-ai/DB-GPT/issues/2173,closed,Exclude,Absent from final dataset; criterion-level exclusion reason was not retained
eosphoros-ai/DB-GPT,2176,https://github.com/eosphoros-ai/DB-GPT/issues/2176,closed,Exclude,Absent from final dataset; criterion-level exclusion reason was not retained
eosphoros-ai/DB-GPT,2177,https://github.com/eosphoros-ai/DB-GPT/issues/2177,closed,Exclude,Absent from final dataset; criterion-level exclusion reason was not retained
eosphoros-ai/DB-GPT,2182,https://github.com/eosphoros-ai/DB-GPT/issues/2182,closed,Exclude,Absent from final dataset; criterion-level exclusion reason was not retained
eosphoros-ai/DB-GPT,2184,https://github.com/eosphoros-ai/DB-GPT/issues/2184,closed,Include,Present in released 654-issue dataset
eosphoros-ai/DB-GPT,2191,https://github.com/eosphoros-ai/DB-GPT/issues/2191,closed,Exclude,Absent from final dataset; criterion-level exclusion reason was not retained
eosphoros-ai/DB-GPT,2199,https://github.com/eosphoros-ai/DB-GPT/issues/2199,closed,Exclude,Absent from final dataset; criterion-level exclusion reason was not retained
eosphoros-ai/DB-GPT,2202,https://github.com/eosphoros-ai/DB-GPT/issues/2202,closed,Exclude,Absent from final dataset; criterion-level exclusion reason was not retained
eosphoros-ai/DB-GPT,2203,https://github.com/eosphoros-ai/DB-GPT/issues/2203,closed,Exclude,Absent from final dataset; criterion-level exclusion reason was not retained
eosphoros-ai/DB-GPT,2204,https://github.com/eosphoros-ai/DB-GPT/issues/2204,closed,Exclude,Absent from final dataset; criterion-level exclusion reason was not retained
eosphoros-ai/DB-GPT,2205,https://github.com/eosphoros-ai/DB-GPT/issues/2205,closed,Exclude,Absent from final dataset; criterion-level exclusion reason was not retained
eosphoros-ai/DB-GPT,2206,https://github.com/eosphoros-ai/DB-GPT/issues/2206,closed,Include,Present in released 654-issue dataset
eosphoros-ai/DB-GPT,2214,https://github.com/eosphoros-ai/DB-GPT/issues/2214,closed,Include,Present in released 654-issue dataset
eosphoros-ai/DB-GPT,2219,https://github.com/eosphoros-ai/DB-GPT/issues/2219,closed,Include,Present in released 654-issue dataset
eosphoros-ai/DB-GPT,2224,https://github.com/eosphoros-ai/DB-GPT/issues/2224,closed,Include,Present in released 654-issue dataset
eosphoros-ai/DB-GPT,2236,https://github.com/eosphoros-ai/DB-GPT/issues/2236,closed,Exclude,Absent from final dataset; criterion-level exclusion reason was not retained
eosphoros-ai/DB-GPT,2241,https://github.com/eosphoros-ai/DB-GPT/issues/2241,closed,Exclude,Absent from final dataset; criterion-level exclusion reason was not retained
eosphoros-ai/DB-GPT,2246,https://github.com/eosphoros-ai/DB-GPT/issues/2246,closed,Exclude,Absent from final dataset; criterion-level exclusion reason was not retained
eosphoros-ai/DB-GPT,2249,https://github.com/eosphoros-ai/DB-GPT/issues/2249,closed,Exclude,Absent from final dataset; criterion-level exclusion reason was not retained
eosphoros-ai/DB-GPT,2255,https://github.com/eosphoros-ai/DB-GPT/issues/2255,closed,Exclude,Absent from final dataset; criterion-level exclusion reason was not retained
eosphoros-ai/DB-GPT,2261,https://github.com/eosphoros-ai/DB-GPT/issues/2261,closed,Include,Present in released 654-issue dataset
eosphoros-ai/DB-GPT,2272,https://github.com/eosphoros-ai/DB-GPT/issues/2272,closed,Exclude,Absent from final dataset; criterion-level exclusion reason was not retained
eosphoros-ai/DB-GPT,2284,https://github.com/eosphoros-ai/DB-GPT/issues/2284,closed,Include,Present in released 654-issue dataset
eosphoros-ai/DB-GPT,2287,https://github.com/eosphoros-ai/DB-GPT/issues/2287,closed,Include,Present in released 654-issue dataset
eosphoros-ai/DB-GPT,2288,https://github.com/eosphoros-ai/DB-GPT/issues/2288,closed,Include,Present in released 654-issue dataset
eosphoros-ai/DB-GPT,2299,https://github.com/eosphoros-ai/DB-GPT/issues/2299,closed,Exclude,Absent from final dataset; criterion-level exclusion reason was not retained
eosphoros-ai/DB-GPT,2315,https://github.com/eosphoros-ai/DB-GPT/issues/2315,closed,Include,Present in released 654-issue dataset
eosphoros-ai/DB-GPT,2321,https://github.com/eosphoros-ai/DB-GPT/issues/2321,closed,Include,Present in released 654-issue dataset
eosphoros-ai/DB-GPT,2343,https://github.com/eosphoros-ai/DB-GPT/issues/2343,closed,Exclude,Absent from final dataset; criterion-level exclusion reason was not retained
eosphoros-ai/DB-GPT,2344,https://github.com/eosphoros-ai/DB-GPT/issues/2344,closed,Include,Present in released 654-issue dataset
eosphoros-ai/DB-GPT,2353,https://github.com/eosphoros-ai/DB-GPT/issues/2353,closed,Include,Present in released 654-issue dataset
eosphoros-ai/DB-GPT,2377,https://github.com/eosphoros-ai/DB-GPT/issues/2377,closed,Exclude,Absent from final dataset; criterion-level exclusion reason was not retained
eosphoros-ai/DB-GPT,2378,https://github.com/eosphoros-ai/DB-GPT/issues/2378,closed,Exclude,Absent from final dataset; criterion-level exclusion reason was not retained
eosphoros-ai/DB-GPT,2379,https://github.com/eosphoros-ai/DB-GPT/issues/2379,closed,Exclude,Absent from final dataset; criterion-level exclusion reason was not retained
eosphoros-ai/DB-GPT,2384,https://github.com/eosphoros-ai/DB-GPT/issues/2384,closed,Exclude,Absent from final dataset; criterion-level exclusion reason was not retained
eosphoros-ai/DB-GPT,2391,https://github.com/eosphoros-ai/DB-GPT/issues/2391,closed,Include,Present in released 654-issue dataset
eosphoros-ai/DB-GPT,2396,https://github.com/eosphoros-ai/DB-GPT/issues/2396,closed,Exclude,Absent from final dataset; criterion-level exclusion reason was not retained
eosphoros-ai/DB-GPT,2399,https://github.com/eosphoros-ai/DB-GPT/issues/2399,closed,Include,Present in released 654-issue dataset
eosphoros-ai/DB-GPT,2400,https://github.com/eosphoros-ai/DB-GPT/issues/2400,closed,Include,Present in released 654-issue dataset
eosphoros-ai/DB-GPT,2403,https://github.com/eosphoros-ai/DB-GPT/issues/2403,closed,Exclude,Absent from final dataset; criterion-level exclusion reason was not retained
eosphoros-ai/DB-GPT,2415,https://github.com/eosphoros-ai/DB-GPT/issues/2415,closed,Include,Present in released 654-issue dataset
eosphoros-ai/DB-GPT,2417,https://github.com/eosphoros-ai/DB-GPT/issues/2417,closed,Include,Present in released 654-issue dataset
eosphoros-ai/DB-GPT,2418,https://github.com/eosphoros-ai/DB-GPT/issues/2418,closed,Include,Present in released 654-issue dataset
eosphoros-ai/DB-GPT,2422,https://github.com/eosphoros-ai/DB-GPT/issues/2422,closed,Include,Present in released 654-issue dataset
eosphoros-ai/DB-GPT,2426,https://github.com/eosphoros-ai/DB-GPT/issues/2426,closed,Exclude,Absent from final dataset; criterion-level exclusion reason was not retained
eosphoros-ai/DB-GPT,2429,https://github.com/eosphoros-ai/DB-GPT/issues/2429,closed,Exclude,Absent from final dataset; criterion-level exclusion reason was not retained
eosphoros-ai/DB-GPT,2430,https://github.com/eosphoros-ai/DB-GPT/issues/2430,closed,Include,Present in released 654-issue dataset
eosphoros-ai/DB-GPT,2435,https://github.com/eosphoros-ai/DB-GPT/issues/2435,closed,Exclude,Absent from final dataset; criterion-level exclusion reason was not retained
eosphoros-ai/DB-GPT,2436,https://github.com/eosphoros-ai/DB-GPT/issues/2436,closed,Exclude,Absent from final dataset; criterion-level exclusion reason was not retained
eosphoros-ai/DB-GPT,2437,https://github.com/eosphoros-ai/DB-GPT/issues/2437,closed,Include,Present in released 654-issue dataset
eosphoros-ai/DB-GPT,2439,https://github.com/eosphoros-ai/DB-GPT/issues/2439,closed,Include,Present in released 654-issue dataset
eosphoros-ai/DB-GPT,2444,https://github.com/eosphoros-ai/DB-GPT/issues/2444,closed,Include,Present in released 654-issue dataset
eosphoros-ai/DB-GPT,2447,https://github.com/eosphoros-ai/DB-GPT/issues/2447,closed,Exclude,Absent from final dataset; criterion-level exclusion reason was not retained
eosphoros-ai/DB-GPT,2448,https://github.com/eosphoros-ai/DB-GPT/issues/2448,closed,Exclude,Absent from final dataset; criterion-level exclusion reason was not retained
eosphoros-ai/DB-GPT,2451,https://github.com/eosphoros-ai/DB-GPT/issues/2451,closed,Exclude,Absent from final dataset; criterion-level exclusion reason was not retained
eosphoros-ai/DB-GPT,2453,https://github.com/eosphoros-ai/DB-GPT/issues/2453,closed,Exclude,Absent from final dataset; criterion-level exclusion reason was not retained
eosphoros-ai/DB-GPT,2458,https://github.com/eosphoros-ai/DB-GPT/issues/2458,closed,Include,Present in released 654-issue dataset
eosphoros-ai/DB-GPT,2468,https://github.com/eosphoros-ai/DB-GPT/issues/2468,closed,Include,Present in released 654-issue dataset
eosphoros-ai/DB-GPT,2469,https://github.com/eosphoros-ai/DB-GPT/issues/2469,closed,Include,Present in released 654-issue dataset
eosphoros-ai/DB-GPT,2470,https://github.com/eosphoros-ai/DB-GPT/issues/2470,closed,Exclude,Absent from final dataset; criterion-level exclusion reason was not retained
eosphoros-ai/DB-GPT,2475,https://github.com/eosphoros-ai/DB-GPT/issues/2475,closed,Include,Present in released 654-issue dataset
eosphoros-ai/DB-GPT,2484,https://github.com/eosphoros-ai/DB-GPT/issues/2484,closed,Exclude,Absent from final dataset; criterion-level exclusion reason was not retained
eosphoros-ai/DB-GPT,2495,https://github.com/eosphoros-ai/DB-GPT/issues/2495,closed,Include,Present in released 654-issue dataset
eosphoros-ai/DB-GPT,2501,https://github.com/eosphoros-ai/DB-GPT/issues/2501,closed,Exclude,Absent from final dataset; criterion-level exclusion reason was not retained
eosphoros-ai/DB-GPT,2504,https://github.com/eosphoros-ai/DB-GPT/issues/2504,closed,Exclude,Absent from final dataset; criterion-level exclusion reason was not retained
eosphoros-ai/DB-GPT,2527,https://github.com/eosphoros-ai/DB-GPT/issues/2527,closed,Exclude,Absent from final dataset; criterion-level exclusion reason was not retained
eosphoros-ai/DB-GPT,2530,https://github.com/eosphoros-ai/DB-GPT/issues/2530,closed,Exclude,Absent from final dataset; criterion-level exclusion reason was not retained
eosphoros-ai/DB-GPT,2549,https://github.com/eosphoros-ai/DB-GPT/issues/2549,closed,Exclude,Absent from final dataset; criterion-level exclusion reason was not retained
eosphoros-ai/DB-GPT,2553,https://github.com/eosphoros-ai/DB-GPT/issues/2553,closed,Exclude,Absent from final dataset; criterion-level exclusion reason was not retained
eosphoros-ai/DB-GPT,2554,https://github.com/eosphoros-ai/DB-GPT/issues/2554,closed,Include,Present in released 654-issue dataset
eosphoros-ai/DB-GPT,2562,https://github.com/eosphoros-ai/DB-GPT/issues/2562,closed,Include,Present in released 654-issue dataset
eosphoros-ai/DB-GPT,2570,https://github.com/eosphoros-ai/DB-GPT/issues/2570,closed,Exclude,Absent from final dataset; criterion-level exclusion reason was not retained
eosphoros-ai/DB-GPT,2576,https://github.com/eosphoros-ai/DB-GPT/issues/2576,closed,Include,Present in released 654-issue dataset
eosphoros-ai/DB-GPT,2581,https://github.com/eosphoros-ai/DB-GPT/issues/2581,closed,Exclude,Absent from final dataset; criterion-level exclusion reason was not retained
eosphoros-ai/DB-GPT,2585,https://github.com/eosphoros-ai/DB-GPT/issues/2585,closed,Exclude,Absent from final dataset; criterion-level exclusion reason was not retained
eosphoros-ai/DB-GPT,2595,https://github.com/eosphoros-ai/DB-GPT/issues/2595,closed,Include,Present in released 654-issue dataset
eosphoros-ai/DB-GPT,2604,https://github.com/eosphoros-ai/DB-GPT/issues/2604,closed,Exclude,Absent from final dataset; criterion-level exclusion reason was not retained
eosphoros-ai/DB-GPT,2607,https://github.com/eosphoros-ai/DB-GPT/issues/2607,closed,Include,Present in released 654-issue dataset
eosphoros-ai/DB-GPT,2636,https://github.com/eosphoros-ai/DB-GPT/issues/2636,closed,Include,Present in released 654-issue dataset
eosphoros-ai/DB-GPT,2637,https://github.com/eosphoros-ai/DB-GPT/issues/2637,closed,Include,Present in released 654-issue dataset
eosphoros-ai/DB-GPT,2689,https://github.com/eosphoros-ai/DB-GPT/issues/2689,closed,Include,Present in released 654-issue dataset
eosphoros-ai/DB-GPT,2694,https://github.com/eosphoros-ai/DB-GPT/issues/2694,closed,Include,Present in released 654-issue dataset
eosphoros-ai/DB-GPT,2697,https://github.com/eosphoros-ai/DB-GPT/issues/2697,closed,Include,Present in released 654-issue dataset
eosphoros-ai/DB-GPT,2710,https://github.com/eosphoros-ai/DB-GPT/issues/2710,closed,Include,Present in released 654-issue dataset
eosphoros-ai/DB-GPT,2711,https://github.com/eosphoros-ai/DB-GPT/issues/2711,closed,Exclude,Absent from final dataset; criterion-level exclusion reason was not retained
eosphoros-ai/DB-GPT,2714,https://github.com/eosphoros-ai/DB-GPT/issues/2714,closed,Include,Present in released 654-issue dataset
eosphoros-ai/DB-GPT,2718,https://github.com/eosphoros-ai/DB-GPT/issues/2718,closed,Include,Present in released 654-issue dataset
eosphoros-ai/DB-GPT,2728,https://github.com/eosphoros-ai/DB-GPT/issues/2728,closed,Include,Present in released 654-issue dataset
eosphoros-ai/DB-GPT,2741,https://github.com/eosphoros-ai/DB-GPT/issues/2741,closed,Include,Present in released 654-issue dataset
eosphoros-ai/DB-GPT,2742,https://github.com/eosphoros-ai/DB-GPT/issues/2742,closed,Exclude,Absent from final dataset; criterion-level exclusion reason was not retained
eosphoros-ai/DB-GPT,2751,https://github.com/eosphoros-ai/DB-GPT/issues/2751,closed,Include,Present in released 654-issue dataset
eosphoros-ai/DB-GPT,2757,https://github.com/eosphoros-ai/DB-GPT/issues/2757,closed,Exclude,Absent from final dataset; criterion-level exclusion reason was not retained
eosphoros-ai/DB-GPT,2763,https://github.com/eosphoros-ai/DB-GPT/issues/2763,closed,Exclude,Absent from final dataset; criterion-level exclusion reason was not retained
eosphoros-ai/DB-GPT,2764,https://github.com/eosphoros-ai/DB-GPT/issues/2764,closed,Include,Present in released 654-issue dataset
eosphoros-ai/DB-GPT,2766,https://github.com/eosphoros-ai/DB-GPT/issues/2766,closed,Include,Present in released 654-issue dataset
eosphoros-ai/DB-GPT,2770,https://github.com/eosphoros-ai/DB-GPT/issues/2770,closed,Exclude,Absent from final dataset; criterion-level exclusion reason was not retained
eosphoros-ai/DB-GPT,2777,https://github.com/eosphoros-ai/DB-GPT/issues/2777,closed,Include,Present in released 654-issue dataset
eosphoros-ai/DB-GPT,2789,https://github.com/eosphoros-ai/DB-GPT/issues/2789,closed,Exclude,Absent from final dataset; criterion-level exclusion reason was not retained
eosphoros-ai/DB-GPT,2796,https://github.com/eosphoros-ai/DB-GPT/issues/2796,closed,Exclude,Absent from final dataset; criterion-level exclusion reason was not retained
eosphoros-ai/DB-GPT,2800,https://github.com/eosphoros-ai/DB-GPT/issues/2800,closed,Exclude,Absent from final dataset; criterion-level exclusion reason was not retained
eosphoros-ai/DB-GPT,2807,https://github.com/eosphoros-ai/DB-GPT/issues/2807,closed,Exclude,Absent from final dataset; criterion-level exclusion reason was not retained
eosphoros-ai/DB-GPT,2809,https://github.com/eosphoros-ai/DB-GPT/issues/2809,closed,Include,Present in released 654-issue dataset
eosphoros-ai/DB-GPT,2819,https://github.com/eosphoros-ai/DB-GPT/issues/2819,closed,Exclude,Absent from final dataset; criterion-level exclusion reason was not retained
eosphoros-ai/DB-GPT,2828,https://github.com/eosphoros-ai/DB-GPT/issues/2828,closed,Exclude,Absent from final dataset; criterion-level exclusion reason was not retained
eosphoros-ai/DB-GPT,2838,https://github.com/eosphoros-ai/DB-GPT/issues/2838,closed,Exclude,Absent from final dataset; criterion-level exclusion reason was not retained
eosphoros-ai/DB-GPT,2841,https://github.com/eosphoros-ai/DB-GPT/issues/2841,closed,Include,Present in released 654-issue dataset
eosphoros-ai/DB-GPT,2843,https://github.com/eosphoros-ai/DB-GPT/issues/2843,closed,Exclude,Absent from final dataset; criterion-level exclusion reason was not retained
eosphoros-ai/DB-GPT,2846,https://github.com/eosphoros-ai/DB-GPT/issues/2846,closed,Include,Present in released 654-issue dataset
eosphoros-ai/DB-GPT,2849,https://github.com/eosphoros-ai/DB-GPT/issues/2849,closed,Include,Present in released 654-issue dataset
labring/FastGPT,242,https://github.com/labring/FastGPT/issues/242,closed,Exclude,Absent from final dataset; criterion-level exclusion reason was not retained
labring/FastGPT,338,https://github.com/labring/FastGPT/issues/338,closed,Include,Present in released 654-issue dataset
labring/FastGPT,366,https://github.com/labring/FastGPT/issues/366,closed,Exclude,Absent from final dataset; criterion-level exclusion reason was not retained
labring/FastGPT,367,https://github.com/labring/FastGPT/issues/367,closed,Exclude,Absent from final dataset; criterion-level exclusion reason was not retained
labring/FastGPT,374,https://github.com/labring/FastGPT/issues/374,closed,Exclude,Absent from final dataset; criterion-level exclusion reason was not retained
labring/FastGPT,379,https://github.com/labring/FastGPT/issues/379,closed,Exclude,Absent from final dataset; criterion-level exclusion reason was not retained
labring/FastGPT,382,https://github.com/labring/FastGPT/issues/382,closed,Exclude,Absent from final dataset; criterion-level exclusion reason was not retained
labring/FastGPT,389,https://github.com/labring/FastGPT/issues/389,closed,Exclude,Absent from final dataset; criterion-level exclusion reason was not retained
labring/FastGPT,396,https://github.com/labring/FastGPT/issues/396,closed,Exclude,Absent from final dataset; criterion-level exclusion reason was not retained
labring/FastGPT,397,https://github.com/labring/FastGPT/issues/397,closed,Exclude,Absent from final dataset; criterion-level exclusion reason was not retained
labring/FastGPT,410,https://github.com/labring/FastGPT/issues/410,closed,Exclude,Absent from final dataset; criterion-level exclusion reason was not retained
labring/FastGPT,422,https://github.com/labring/FastGPT/issues/422,closed,Exclude,Absent from final dataset; criterion-level exclusion reason was not retained
labring/FastGPT,434,https://github.com/labring/FastGPT/issues/434,closed,Exclude,Absent from final dataset; criterion-level exclusion reason was not retained
labring/FastGPT,436,https://github.com/labring/FastGPT/issues/436,closed,Exclude,Absent from final dataset; criterion-level exclusion reason was not retained
labring/FastGPT,443,https://github.com/labring/FastGPT/issues/443,closed,Exclude,Absent from final dataset; criterion-level exclusion reason was not retained
labring/FastGPT,444,https://github.com/labring/FastGPT/issues/444,closed,Exclude,Absent from final dataset; criterion-level exclusion reason was not retained
labring/FastGPT,470,https://github.com/labring/FastGPT/issues/470,closed,Exclude,Absent from final dataset; criterion-level exclusion reason was not retained
labring/FastGPT,491,https://github.com/labring/FastGPT/issues/491,closed,Exclude,Absent from final dataset; criterion-level exclusion reason was not retained
labring/FastGPT,495,https://github.com/labring/FastGPT/issues/495,closed,Exclude,Absent from final dataset; criterion-level exclusion reason was not retained
labring/FastGPT,499,https://github.com/labring/FastGPT/issues/499,closed,Exclude,Absent from final dataset; criterion-level exclusion reason was not retained
labring/FastGPT,508,https://github.com/labring/FastGPT/issues/508,closed,Exclude,Absent from final dataset; criterion-level exclusion reason was not retained
labring/FastGPT,509,https://github.com/labring/FastGPT/issues/509,closed,Exclude,Absent from final dataset; criterion-level exclusion reason was not retained
labring/FastGPT,515,https://github.com/labring/FastGPT/issues/515,closed,Include,Present in released 654-issue dataset
labring/FastGPT,540,https://github.com/labring/FastGPT/issues/540,closed,Exclude,Absent from final dataset; criterion-level exclusion reason was not retained
labring/FastGPT,558,https://github.com/labring/FastGPT/issues/558,closed,Exclude,Absent from final dataset; criterion-level exclusion reason was not retained
labring/FastGPT,565,https://github.com/labring/FastGPT/issues/565,closed,Exclude,Absent from final dataset; criterion-level exclusion reason was not retained
labring/FastGPT,574,https://github.com/labring/FastGPT/issues/574,closed,Exclude,Absent from final dataset; criterion-level exclusion reason was not retained
labring/FastGPT,576,https://github.com/labring/FastGPT/issues/576,closed,Exclude,Absent from final dataset; criterion-level exclusion reason was not retained
labring/FastGPT,579,https://github.com/labring/FastGPT/issues/579,closed,Exclude,Absent from final dataset; criterion-level exclusion reason was not retained
labring/FastGPT,586,https://github.com/labring/FastGPT/issues/586,closed,Include,Present in released 654-issue dataset
labring/FastGPT,590,https://github.com/labring/FastGPT/issues/590,closed,Exclude,Absent from final dataset; criterion-level exclusion reason was not retained
labring/FastGPT,604,https://github.com/labring/FastGPT/issues/604,closed,Exclude,Absent from final dataset; criterion-level exclusion reason was not retained
labring/FastGPT,613,https://github.com/labring/FastGPT/issues/613,closed,Exclude,Absent from final dataset; criterion-level exclusion reason was not retained
labring/FastGPT,614,https://github.com/labring/FastGPT/issues/614,closed,Include,Present in released 654-issue dataset
labring/FastGPT,622,https://github.com/labring/FastGPT/issues/622,closed,Exclude,Absent from final dataset; criterion-level exclusion reason was not retained
labring/FastGPT,637,https://github.com/labring/FastGPT/issues/637,closed,Include,Present in released 654-issue dataset
labring/FastGPT,647,https://github.com/labring/FastGPT/issues/647,closed,Include,Present in released 654-issue dataset
labring/FastGPT,652,https://github.com/labring/FastGPT/issues/652,closed,Include,Present in released 654-issue dataset
labring/FastGPT,663,https://github.com/labring/FastGPT/issues/663,closed,Exclude,Absent from final dataset; criterion-level exclusion reason was not retained
labring/FastGPT,669,https://github.com/labring/FastGPT/issues/669,closed,Exclude,Absent from final dataset; criterion-level exclusion reason was not retained
labring/FastGPT,671,https://github.com/labring/FastGPT/issues/671,closed,Exclude,Absent from final dataset; criterion-level exclusion reason was not retained
labring/FastGPT,674,https://github.com/labring/FastGPT/issues/674,closed,Exclude,Absent from final dataset; criterion-level exclusion reason was not retained
labring/FastGPT,687,https://github.com/labring/FastGPT/issues/687,closed,Exclude,Absent from final dataset; criterion-level exclusion reason was not retained
labring/FastGPT,691,https://github.com/labring/FastGPT/issues/691,closed,Include,Present in released 654-issue dataset
labring/FastGPT,695,https://github.com/labring/FastGPT/issues/695,closed,Exclude,Absent from final dataset; criterion-level exclusion reason was not retained
labring/FastGPT,713,https://github.com/labring/FastGPT/issues/713,closed,Exclude,Absent from final dataset; criterion-level exclusion reason was not retained
labring/FastGPT,724,https://github.com/labring/FastGPT/issues/724,closed,Exclude,Absent from final dataset; criterion-level exclusion reason was not retained
labring/FastGPT,727,https://github.com/labring/FastGPT/issues/727,closed,Exclude,Absent from final dataset; criterion-level exclusion reason was not retained
labring/FastGPT,741,https://github.com/labring/FastGPT/issues/741,closed,Exclude,Absent from final dataset; criterion-level exclusion reason was not retained
labring/FastGPT,750,https://github.com/labring/FastGPT/issues/750,closed,Exclude,Absent from final dataset; criterion-level exclusion reason was not retained
labring/FastGPT,753,https://github.com/labring/FastGPT/issues/753,closed,Exclude,Absent from final dataset; criterion-level exclusion reason was not retained
labring/FastGPT,756,https://github.com/labring/FastGPT/issues/756,closed,Exclude,Absent from final dataset; criterion-level exclusion reason was not retained
labring/FastGPT,757,https://github.com/labring/FastGPT/issues/757,closed,Exclude,Absent from final dataset; criterion-level exclusion reason was not retained
labring/FastGPT,758,https://github.com/labring/FastGPT/issues/758,closed,Exclude,Absent from final dataset; criterion-level exclusion reason was not retained
labring/FastGPT,760,https://github.com/labring/FastGPT/issues/760,closed,Include,Present in released 654-issue dataset
labring/FastGPT,767,https://github.com/labring/FastGPT/issues/767,closed,Exclude,Absent from final dataset; criterion-level exclusion reason was not retained
labring/FastGPT,776,https://github.com/labring/FastGPT/issues/776,closed,Include,Present in released 654-issue dataset
labring/FastGPT,784,https://github.com/labring/FastGPT/issues/784,closed,Exclude,Absent from final dataset; criterion-level exclusion reason was not retained
labring/FastGPT,790,https://github.com/labring/FastGPT/issues/790,closed,Exclude,Absent from final dataset; criterion-level exclusion reason was not retained
labring/FastGPT,793,https://github.com/labring/FastGPT/issues/793,closed,Exclude,Absent from final dataset; criterion-level exclusion reason was not retained
labring/FastGPT,812,https://github.com/labring/FastGPT/issues/812,closed,Exclude,Absent from final dataset; criterion-level exclusion reason was not retained
labring/FastGPT,815,https://github.com/labring/FastGPT/issues/815,closed,Exclude,Absent from final dataset; criterion-level exclusion reason was not retained
labring/FastGPT,818,https://github.com/labring/FastGPT/issues/818,closed,Exclude,Absent from final dataset; criterion-level exclusion reason was not retained
labring/FastGPT,823,https://github.com/labring/FastGPT/issues/823,closed,Exclude,Absent from final dataset; criterion-level exclusion reason was not retained
labring/FastGPT,825,https://github.com/labring/FastGPT/issues/825,closed,Exclude,Absent from final dataset; criterion-level exclusion reason was not retained
labring/FastGPT,827,https://github.com/labring/FastGPT/issues/827,closed,Exclude,Absent from final dataset; criterion-level exclusion reason was not retained
labring/FastGPT,829,https://github.com/labring/FastGPT/issues/829,closed,Include,Present in released 654-issue dataset
labring/FastGPT,833,https://github.com/labring/FastGPT/issues/833,closed,Exclude,Absent from final dataset; criterion-level exclusion reason was not retained
labring/FastGPT,840,https://github.com/labring/FastGPT/issues/840,closed,Exclude,Absent from final dataset; criterion-level exclusion reason was not retained
labring/FastGPT,844,https://github.com/labring/FastGPT/issues/844,closed,Exclude,Absent from final dataset; criterion-level exclusion reason was not retained
labring/FastGPT,845,https://github.com/labring/FastGPT/issues/845,closed,Exclude,Absent from final dataset; criterion-level exclusion reason was not retained
labring/FastGPT,846,https://github.com/labring/FastGPT/issues/846,closed,Exclude,Absent from final dataset; criterion-level exclusion reason was not retained
labring/FastGPT,852,https://github.com/labring/FastGPT/issues/852,closed,Exclude,Absent from final dataset; criterion-level exclusion reason was not retained
labring/FastGPT,854,https://github.com/labring/FastGPT/issues/854,closed,Exclude,Absent from final dataset; criterion-level exclusion reason was not retained
labring/FastGPT,875,https://github.com/labring/FastGPT/issues/875,closed,Exclude,Absent from final dataset; criterion-level exclusion reason was not retained
labring/FastGPT,877,https://github.com/labring/FastGPT/issues/877,closed,Exclude,Absent from final dataset; criterion-level exclusion reason was not retained
labring/FastGPT,880,https://github.com/labring/FastGPT/issues/880,closed,Exclude,Absent from final dataset; criterion-level exclusion reason was not retained
labring/FastGPT,882,https://github.com/labring/FastGPT/issues/882,closed,Include,Present in released 654-issue dataset
labring/FastGPT,913,https://github.com/labring/FastGPT/issues/913,closed,Exclude,Absent from final dataset; criterion-level exclusion reason was not retained
labring/FastGPT,930,https://github.com/labring/FastGPT/issues/930,closed,Exclude,Absent from final dataset; criterion-level exclusion reason was not retained
labring/FastGPT,931,https://github.com/labring/FastGPT/issues/931,closed,Exclude,Absent from final dataset; criterion-level exclusion reason was not retained
labring/FastGPT,933,https://github.com/labring/FastGPT/issues/933,closed,Exclude,Absent from final dataset; criterion-level exclusion reason was not retained
labring/FastGPT,937,https://github.com/labring/FastGPT/issues/937,closed,Include,Present in released 654-issue dataset
labring/FastGPT,943,https://github.com/labring/FastGPT/issues/943,closed,Exclude,Absent from final dataset; criterion-level exclusion reason was not retained
labring/FastGPT,949,https://github.com/labring/FastGPT/issues/949,closed,Exclude,Absent from final dataset; criterion-level exclusion reason was not retained
labring/FastGPT,961,https://github.com/labring/FastGPT/issues/961,closed,Include,Present in released 654-issue dataset
labring/FastGPT,973,https://github.com/labring/FastGPT/issues/973,closed,Exclude,Absent from final dataset; criterion-level exclusion reason was not retained
labring/FastGPT,981,https://github.com/labring/FastGPT/issues/981,closed,Exclude,Absent from final dataset; criterion-level exclusion reason was not retained
labring/FastGPT,986,https://github.com/labring/FastGPT/issues/986,closed,Exclude,Absent from final dataset; criterion-level exclusion reason was not retained
labring/FastGPT,989,https://github.com/labring/FastGPT/issues/989,closed,Exclude,Absent from final dataset; criterion-level exclusion reason was not retained
labring/FastGPT,990,https://github.com/labring/FastGPT/issues/990,closed,Exclude,Absent from final dataset; criterion-level exclusion reason was not retained
labring/FastGPT,991,https://github.com/labring/FastGPT/issues/991,closed,Exclude,Absent from final dataset; criterion-level exclusion reason was not retained
labring/FastGPT,1006,https://github.com/labring/FastGPT/issues/1006,closed,Exclude,Absent from final dataset; criterion-level exclusion reason was not retained
labring/FastGPT,1016,https://github.com/labring/FastGPT/issues/1016,closed,Exclude,Absent from final dataset; criterion-level exclusion reason was not retained
labring/FastGPT,1028,https://github.com/labring/FastGPT/issues/1028,closed,Exclude,Absent from final dataset; criterion-level exclusion reason was not retained
labring/FastGPT,1031,https://github.com/labring/FastGPT/issues/1031,closed,Exclude,Absent from final dataset; criterion-level exclusion reason was not retained
labring/FastGPT,1032,https://github.com/labring/FastGPT/issues/1032,closed,Include,Present in released 654-issue dataset
labring/FastGPT,1038,https://github.com/labring/FastGPT/issues/1038,closed,Include,Present in released 654-issue dataset
labring/FastGPT,1050,https://github.com/labring/FastGPT/issues/1050,closed,Exclude,Absent from final dataset; criterion-level exclusion reason was not retained
labring/FastGPT,1057,https://github.com/labring/FastGPT/issues/1057,closed,Exclude,Absent from final dataset; criterion-level exclusion reason was not retained
labring/FastGPT,1072,https://github.com/labring/FastGPT/issues/1072,closed,Exclude,Absent from final dataset; criterion-level exclusion reason was not retained
labring/FastGPT,1073,https://github.com/labring/FastGPT/issues/1073,closed,Exclude,Absent from final dataset; criterion-level exclusion reason was not retained
labring/FastGPT,1085,https://github.com/labring/FastGPT/issues/1085,closed,Include,Present in released 654-issue dataset
labring/FastGPT,1091,https://github.com/labring/FastGPT/issues/1091,closed,Exclude,Absent from final dataset; criterion-level exclusion reason was not retained
labring/FastGPT,1123,https://github.com/labring/FastGPT/issues/1123,closed,Exclude,Absent from final dataset; criterion-level exclusion reason was not retained
labring/FastGPT,1135,https://github.com/labring/FastGPT/issues/1135,closed,Exclude,Absent from final dataset; criterion-level exclusion reason was not retained
labring/FastGPT,1139,https://github.com/labring/FastGPT/issues/1139,closed,Exclude,Absent from final dataset; criterion-level exclusion reason was not retained
labring/FastGPT,1141,https://github.com/labring/FastGPT/issues/1141,closed,Exclude,Absent from final dataset; criterion-level exclusion reason was not retained
labring/FastGPT,1149,https://github.com/labring/FastGPT/issues/1149,closed,Exclude,Absent from final dataset; criterion-level exclusion reason was not retained
labring/FastGPT,1152,https://github.com/labring/FastGPT/issues/1152,closed,Exclude,Absent from final dataset; criterion-level exclusion reason was not retained
labring/FastGPT,1156,https://github.com/labring/FastGPT/issues/1156,closed,Include,Present in released 654-issue dataset
labring/FastGPT,1158,https://github.com/labring/FastGPT/issues/1158,closed,Exclude,Absent from final dataset; criterion-level exclusion reason was not retained
labring/FastGPT,1160,https://github.com/labring/FastGPT/issues/1160,closed,Exclude,Absent from final dataset; criterion-level exclusion reason was not retained
labring/FastGPT,1162,https://github.com/labring/FastGPT/issues/1162,closed,Exclude,Absent from final dataset; criterion-level exclusion reason was not retained
labring/FastGPT,1164,https://github.com/labring/FastGPT/issues/1164,closed,Exclude,Absent from final dataset; criterion-level exclusion reason was not retained
labring/FastGPT,1167,https://github.com/labring/FastGPT/issues/1167,closed,Exclude,Absent from final dataset; criterion-level exclusion reason was not retained
labring/FastGPT,1168,https://github.com/labring/FastGPT/issues/1168,closed,Exclude,Absent from final dataset; criterion-level exclusion reason was not retained
labring/FastGPT,1187,https://github.com/labring/FastGPT/issues/1187,closed,Exclude,Absent from final dataset; criterion-level exclusion reason was not retained
labring/FastGPT,1188,https://github.com/labring/FastGPT/issues/1188,closed,Include,Present in released 654-issue dataset
labring/FastGPT,1192,https://github.com/labring/FastGPT/issues/1192,closed,Exclude,Absent from final dataset; criterion-level exclusion reason was not retained
labring/FastGPT,1198,https://github.com/labring/FastGPT/issues/1198,closed,Exclude,Absent from final dataset; criterion-level exclusion reason was not retained
labring/FastGPT,1204,https://github.com/labring/FastGPT/issues/1204,closed,Exclude,Absent from final dataset; criterion-level exclusion reason was not retained
labring/FastGPT,1205,https://github.com/labring/FastGPT/issues/1205,closed,Exclude,Absent from final dataset; criterion-level exclusion reason was not retained
labring/FastGPT,1209,https://github.com/labring/FastGPT/issues/1209,closed,Exclude,Absent from final dataset; criterion-level exclusion reason was not retained
labring/FastGPT,1218,https://github.com/labring/FastGPT/issues/1218,closed,Exclude,Absent from final dataset; criterion-level exclusion reason was not retained
labring/FastGPT,1239,https://github.com/labring/FastGPT/issues/1239,closed,Exclude,Absent from final dataset; criterion-level exclusion reason was not retained
labring/FastGPT,1241,https://github.com/labring/FastGPT/issues/1241,closed,Exclude,Absent from final dataset; criterion-level exclusion reason was not retained
labring/FastGPT,1248,https://github.com/labring/FastGPT/issues/1248,closed,Exclude,Absent from final dataset; criterion-level exclusion reason was not retained
labring/FastGPT,1253,https://github.com/labring/FastGPT/issues/1253,closed,Include,Present in released 654-issue dataset
labring/FastGPT,1256,https://github.com/labring/FastGPT/issues/1256,closed,Exclude,Absent from final dataset; criterion-level exclusion reason was not retained
labring/FastGPT,1258,https://github.com/labring/FastGPT/issues/1258,closed,Exclude,Absent from final dataset; criterion-level exclusion reason was not retained
labring/FastGPT,1268,https://github.com/labring/FastGPT/issues/1268,closed,Exclude,Absent from final dataset; criterion-level exclusion reason was not retained
labring/FastGPT,1271,https://github.com/labring/FastGPT/issues/1271,closed,Include,Present in released 654-issue dataset
labring/FastGPT,1273,https://github.com/labring/FastGPT/issues/1273,closed,Exclude,Absent from final dataset; criterion-level exclusion reason was not retained
labring/FastGPT,1280,https://github.com/labring/FastGPT/issues/1280,closed,Exclude,Absent from final dataset; criterion-level exclusion reason was not retained
labring/FastGPT,1330,https://github.com/labring/FastGPT/issues/1330,closed,Exclude,Absent from final dataset; criterion-level exclusion reason was not retained
labring/FastGPT,1332,https://github.com/labring/FastGPT/issues/1332,closed,Exclude,Absent from final dataset; criterion-level exclusion reason was not retained
labring/FastGPT,1335,https://github.com/labring/FastGPT/issues/1335,closed,Include,Present in released 654-issue dataset
labring/FastGPT,1346,https://github.com/labring/FastGPT/issues/1346,closed,Exclude,Absent from final dataset; criterion-level exclusion reason was not retained
labring/FastGPT,1352,https://github.com/labring/FastGPT/issues/1352,closed,Exclude,Absent from final dataset; criterion-level exclusion reason was not retained
labring/FastGPT,1357,https://github.com/labring/FastGPT/issues/1357,closed,Exclude,Absent from final dataset; criterion-level exclusion reason was not retained
labring/FastGPT,1368,https://github.com/labring/FastGPT/issues/1368,closed,Exclude,Absent from final dataset; criterion-level exclusion reason was not retained
labring/FastGPT,1372,https://github.com/labring/FastGPT/issues/1372,closed,Exclude,Absent from final dataset; criterion-level exclusion reason was not retained
labring/FastGPT,1375,https://github.com/labring/FastGPT/issues/1375,closed,Exclude,Absent from final dataset; criterion-level exclusion reason was not retained
labring/FastGPT,1395,https://github.com/labring/FastGPT/issues/1395,closed,Exclude,Absent from final dataset; criterion-level exclusion reason was not retained
labring/FastGPT,1403,https://github.com/labring/FastGPT/issues/1403,closed,Exclude,Absent from final dataset; criterion-level exclusion reason was not retained
labring/FastGPT,1434,https://github.com/labring/FastGPT/issues/1434,closed,Exclude,Absent from final dataset; criterion-level exclusion reason was not retained
labring/FastGPT,1437,https://github.com/labring/FastGPT/issues/1437,closed,Exclude,Absent from final dataset; criterion-level exclusion reason was not retained
labring/FastGPT,1438,https://github.com/labring/FastGPT/issues/1438,closed,Exclude,Absent from final dataset; criterion-level exclusion reason was not retained
labring/FastGPT,1448,https://github.com/labring/FastGPT/issues/1448,closed,Exclude,Absent from final dataset; criterion-level exclusion reason was not retained
labring/FastGPT,1449,https://github.com/labring/FastGPT/issues/1449,closed,Include,Present in released 654-issue dataset
labring/FastGPT,1457,https://github.com/labring/FastGPT/issues/1457,closed,Exclude,Absent from final dataset; criterion-level exclusion reason was not retained
labring/FastGPT,1460,https://github.com/labring/FastGPT/issues/1460,closed,Include,Present in released 654-issue dataset
labring/FastGPT,1462,https://github.com/labring/FastGPT/issues/1462,closed,Include,Present in released 654-issue dataset
labring/FastGPT,1465,https://github.com/labring/FastGPT/issues/1465,closed,Exclude,Absent from final dataset; criterion-level exclusion reason was not retained
labring/FastGPT,1469,https://github.com/labring/FastGPT/issues/1469,closed,Exclude,Absent from final dataset; criterion-level exclusion reason was not retained
labring/FastGPT,1476,https://github.com/labring/FastGPT/issues/1476,closed,Exclude,Absent from final dataset; criterion-level exclusion reason was not retained
labring/FastGPT,1477,https://github.com/labring/FastGPT/issues/1477,closed,Exclude,Absent from final dataset; criterion-level exclusion reason was not retained
labring/FastGPT,1488,https://github.com/labring/FastGPT/issues/1488,closed,Exclude,Absent from final dataset; criterion-level exclusion reason was not retained
labring/FastGPT,1496,https://github.com/labring/FastGPT/issues/1496,closed,Exclude,Absent from final dataset; criterion-level exclusion reason was not retained
labring/FastGPT,1514,https://github.com/labring/FastGPT/issues/1514,closed,Include,Present in released 654-issue dataset
labring/FastGPT,1529,https://github.com/labring/FastGPT/issues/1529,closed,Exclude,Absent from final dataset; criterion-level exclusion reason was not retained
labring/FastGPT,1530,https://github.com/labring/FastGPT/issues/1530,closed,Exclude,Absent from final dataset; criterion-level exclusion reason was not retained
labring/FastGPT,1532,https://github.com/labring/FastGPT/issues/1532,closed,Include,Present in released 654-issue dataset
labring/FastGPT,1536,https://github.com/labring/FastGPT/issues/1536,closed,Exclude,Absent from final dataset; criterion-level exclusion reason was not retained
labring/FastGPT,1542,https://github.com/labring/FastGPT/issues/1542,closed,Exclude,Absent from final dataset; criterion-level exclusion reason was not retained
labring/FastGPT,1560,https://github.com/labring/FastGPT/issues/1560,closed,Include,Present in released 654-issue dataset
labring/FastGPT,1564,https://github.com/labring/FastGPT/issues/1564,closed,Exclude,Absent from final dataset; criterion-level exclusion reason was not retained
labring/FastGPT,1568,https://github.com/labring/FastGPT/issues/1568,closed,Exclude,Absent from final dataset; criterion-level exclusion reason was not retained
labring/FastGPT,1571,https://github.com/labring/FastGPT/issues/1571,closed,Include,Present in released 654-issue dataset
labring/FastGPT,1578,https://github.com/labring/FastGPT/issues/1578,closed,Exclude,Absent from final dataset; criterion-level exclusion reason was not retained
labring/FastGPT,1593,https://github.com/labring/FastGPT/issues/1593,closed,Exclude,Absent from final dataset; criterion-level exclusion reason was not retained
labring/FastGPT,1595,https://github.com/labring/FastGPT/issues/1595,closed,Exclude,Absent from final dataset; criterion-level exclusion reason was not retained
labring/FastGPT,1596,https://github.com/labring/FastGPT/issues/1596,closed,Include,Present in released 654-issue dataset
labring/FastGPT,1600,https://github.com/labring/FastGPT/issues/1600,closed,Include,Present in released 654-issue dataset
labring/FastGPT,1606,https://github.com/labring/FastGPT/issues/1606,closed,Exclude,Absent from final dataset; criterion-level exclusion reason was not retained
labring/FastGPT,1616,https://github.com/labring/FastGPT/issues/1616,closed,Include,Present in released 654-issue dataset
labring/FastGPT,1628,https://github.com/labring/FastGPT/issues/1628,closed,Include,Present in released 654-issue dataset
labring/FastGPT,1632,https://github.com/labring/FastGPT/issues/1632,closed,Exclude,Absent from final dataset; criterion-level exclusion reason was not retained
labring/FastGPT,1641,https://github.com/labring/FastGPT/issues/1641,closed,Include,Present in released 654-issue dataset
labring/FastGPT,1649,https://github.com/labring/FastGPT/issues/1649,closed,Exclude,Absent from final dataset; criterion-level exclusion reason was not retained
labring/FastGPT,1659,https://github.com/labring/FastGPT/issues/1659,closed,Exclude,Absent from final dataset; criterion-level exclusion reason was not retained
labring/FastGPT,1668,https://github.com/labring/FastGPT/issues/1668,closed,Include,Present in released 654-issue dataset
labring/FastGPT,1671,https://github.com/labring/FastGPT/issues/1671,closed,Exclude,Absent from final dataset; criterion-level exclusion reason was not retained
labring/FastGPT,1689,https://github.com/labring/FastGPT/issues/1689,closed,Exclude,Absent from final dataset; criterion-level exclusion reason was not retained
labring/FastGPT,1700,https://github.com/labring/FastGPT/issues/1700,closed,Include,Present in released 654-issue dataset
labring/FastGPT,1704,https://github.com/labring/FastGPT/issues/1704,closed,Include,Present in released 654-issue dataset
labring/FastGPT,1710,https://github.com/labring/FastGPT/issues/1710,closed,Exclude,Absent from final dataset; criterion-level exclusion reason was not retained
labring/FastGPT,1719,https://github.com/labring/FastGPT/issues/1719,closed,Include,Present in released 654-issue dataset
labring/FastGPT,1725,https://github.com/labring/FastGPT/issues/1725,closed,Exclude,Absent from final dataset; criterion-level exclusion reason was not retained
labring/FastGPT,1730,https://github.com/labring/FastGPT/issues/1730,closed,Exclude,Absent from final dataset; criterion-level exclusion reason was not retained
labring/FastGPT,1735,https://github.com/labring/FastGPT/issues/1735,closed,Exclude,Absent from final dataset; criterion-level exclusion reason was not retained
labring/FastGPT,1738,https://github.com/labring/FastGPT/issues/1738,closed,Exclude,Absent from final dataset; criterion-level exclusion reason was not retained
labring/FastGPT,1760,https://github.com/labring/FastGPT/issues/1760,closed,Exclude,Absent from final dataset; criterion-level exclusion reason was not retained
labring/FastGPT,1765,https://github.com/labring/FastGPT/issues/1765,closed,Exclude,Absent from final dataset; criterion-level exclusion reason was not retained
labring/FastGPT,1772,https://github.com/labring/FastGPT/issues/1772,closed,Include,Present in released 654-issue dataset
labring/FastGPT,1778,https://github.com/labring/FastGPT/issues/1778,closed,Exclude,Absent from final dataset; criterion-level exclusion reason was not retained
labring/FastGPT,1792,https://github.com/labring/FastGPT/issues/1792,closed,Exclude,Absent from final dataset; criterion-level exclusion reason was not retained
labring/FastGPT,1797,https://github.com/labring/FastGPT/issues/1797,closed,Exclude,Absent from final dataset; criterion-level exclusion reason was not retained
labring/FastGPT,1808,https://github.com/labring/FastGPT/issues/1808,closed,Exclude,Absent from final dataset; criterion-level exclusion reason was not retained
labring/FastGPT,1811,https://github.com/labring/FastGPT/issues/1811,closed,Include,Present in released 654-issue dataset
labring/FastGPT,1812,https://github.com/labring/FastGPT/issues/1812,closed,Exclude,Absent from final dataset; criterion-level exclusion reason was not retained
labring/FastGPT,1817,https://github.com/labring/FastGPT/issues/1817,closed,Exclude,Absent from final dataset; criterion-level exclusion reason was not retained
labring/FastGPT,1818,https://github.com/labring/FastGPT/issues/1818,closed,Exclude,Absent from final dataset; criterion-level exclusion reason was not retained
labring/FastGPT,1823,https://github.com/labring/FastGPT/issues/1823,closed,Include,Present in released 654-issue dataset
labring/FastGPT,1830,https://github.com/labring/FastGPT/issues/1830,closed,Exclude,Absent from final dataset; criterion-level exclusion reason was not retained
labring/FastGPT,1839,https://github.com/labring/FastGPT/issues/1839,closed,Exclude,Absent from final dataset; criterion-level exclusion reason was not retained
labring/FastGPT,1859,https://github.com/labring/FastGPT/issues/1859,closed,Exclude,Absent from final dataset; criterion-level exclusion reason was not retained
labring/FastGPT,1861,https://github.com/labring/FastGPT/issues/1861,closed,Exclude,Absent from final dataset; criterion-level exclusion reason was not retained
labring/FastGPT,1865,https://github.com/labring/FastGPT/issues/1865,closed,Exclude,Absent from final dataset; criterion-level exclusion reason was not retained
labring/FastGPT,1873,https://github.com/labring/FastGPT/issues/1873,closed,Exclude,Absent from final dataset; criterion-level exclusion reason was not retained
labring/FastGPT,1879,https://github.com/labring/FastGPT/issues/1879,closed,Exclude,Absent from final dataset; criterion-level exclusion reason was not retained
labring/FastGPT,1912,https://github.com/labring/FastGPT/issues/1912,closed,Exclude,Absent from final dataset; criterion-level exclusion reason was not retained
labring/FastGPT,1927,https://github.com/labring/FastGPT/issues/1927,closed,Exclude,Absent from final dataset; criterion-level exclusion reason was not retained
labring/FastGPT,1932,https://github.com/labring/FastGPT/issues/1932,closed,Exclude,Absent from final dataset; criterion-level exclusion reason was not retained
labring/FastGPT,1933,https://github.com/labring/FastGPT/issues/1933,closed,Include,Present in released 654-issue dataset
labring/FastGPT,1967,https://github.com/labring/FastGPT/issues/1967,closed,Exclude,Absent from final dataset; criterion-level exclusion reason was not retained
labring/FastGPT,1968,https://github.com/labring/FastGPT/issues/1968,closed,Exclude,Absent from final dataset; criterion-level exclusion reason was not retained
labring/FastGPT,1972,https://github.com/labring/FastGPT/issues/1972,closed,Exclude,Absent from final dataset; criterion-level exclusion reason was not retained
labring/FastGPT,1974,https://github.com/labring/FastGPT/issues/1974,closed,Exclude,Absent from final dataset; criterion-level exclusion reason was not retained
labring/FastGPT,1998,https://github.com/labring/FastGPT/issues/1998,closed,Exclude,Absent from final dataset; criterion-level exclusion reason was not retained
labring/FastGPT,2001,https://github.com/labring/FastGPT/issues/2001,closed,Exclude,Absent from final dataset; criterion-level exclusion reason was not retained
labring/FastGPT,2022,https://github.com/labring/FastGPT/issues/2022,closed,Exclude,Absent from final dataset; criterion-level exclusion reason was not retained
labring/FastGPT,2046,https://github.com/labring/FastGPT/issues/2046,closed,Exclude,Absent from final dataset; criterion-level exclusion reason was not retained
labring/FastGPT,2047,https://github.com/labring/FastGPT/issues/2047,closed,Exclude,Absent from final dataset; criterion-level exclusion reason was not retained
labring/FastGPT,2054,https://github.com/labring/FastGPT/issues/2054,closed,Exclude,Absent from final dataset; criterion-level exclusion reason was not retained
labring/FastGPT,2057,https://github.com/labring/FastGPT/issues/2057,closed,Exclude,Absent from final dataset; criterion-level exclusion reason was not retained
labring/FastGPT,2071,https://github.com/labring/FastGPT/issues/2071,closed,Exclude,Absent from final dataset; criterion-level exclusion reason was not retained
labring/FastGPT,2073,https://github.com/labring/FastGPT/issues/2073,closed,Exclude,Absent from final dataset; criterion-level exclusion reason was not retained
labring/FastGPT,2105,https://github.com/labring/FastGPT/issues/2105,closed,Include,Present in released 654-issue dataset
labring/FastGPT,2127,https://github.com/labring/FastGPT/issues/2127,closed,Exclude,Absent from final dataset; criterion-level exclusion reason was not retained
labring/FastGPT,2177,https://github.com/labring/FastGPT/issues/2177,closed,Exclude,Absent from final dataset; criterion-level exclusion reason was not retained
labring/FastGPT,2178,https://github.com/labring/FastGPT/issues/2178,closed,Exclude,Absent from final dataset; criterion-level exclusion reason was not retained
labring/FastGPT,2182,https://github.com/labring/FastGPT/issues/2182,closed,Exclude,Absent from final dataset; criterion-level exclusion reason was not retained
labring/FastGPT,2186,https://github.com/labring/FastGPT/issues/2186,closed,Exclude,Absent from final dataset; criterion-level exclusion reason was not retained
labring/FastGPT,2201,https://github.com/labring/FastGPT/issues/2201,closed,Exclude,Absent from final dataset; criterion-level exclusion reason was not retained
labring/FastGPT,2217,https://github.com/labring/FastGPT/issues/2217,closed,Exclude,Absent from final dataset; criterion-level exclusion reason was not retained
labring/FastGPT,2218,https://github.com/labring/FastGPT/issues/2218,closed,Exclude,Absent from final dataset; criterion-level exclusion reason was not retained
labring/FastGPT,2220,https://github.com/labring/FastGPT/issues/2220,closed,Exclude,Absent from final dataset; criterion-level exclusion reason was not retained
labring/FastGPT,2245,https://github.com/labring/FastGPT/issues/2245,closed,Exclude,Absent from final dataset; criterion-level exclusion reason was not retained
labring/FastGPT,2258,https://github.com/labring/FastGPT/issues/2258,closed,Exclude,Absent from final dataset; criterion-level exclusion reason was not retained
labring/FastGPT,2265,https://github.com/labring/FastGPT/issues/2265,closed,Exclude,Absent from final dataset; criterion-level exclusion reason was not retained
labring/FastGPT,2282,https://github.com/labring/FastGPT/issues/2282,closed,Exclude,Absent from final dataset; criterion-level exclusion reason was not retained
labring/FastGPT,2285,https://github.com/labring/FastGPT/issues/2285,closed,Exclude,Absent from final dataset; criterion-level exclusion reason was not retained
labring/FastGPT,2289,https://github.com/labring/FastGPT/issues/2289,closed,Include,Present in released 654-issue dataset
labring/FastGPT,2354,https://github.com/labring/FastGPT/issues/2354,closed,Exclude,Absent from final dataset; criterion-level exclusion reason was not retained
labring/FastGPT,2390,https://github.com/labring/FastGPT/issues/2390,closed,Exclude,Absent from final dataset; criterion-level exclusion reason was not retained
labring/FastGPT,2400,https://github.com/labring/FastGPT/issues/2400,closed,Exclude,Absent from final dataset; criterion-level exclusion reason was not retained
labring/FastGPT,2406,https://github.com/labring/FastGPT/issues/2406,closed,Exclude,Absent from final dataset; criterion-level exclusion reason was not retained
labring/FastGPT,2409,https://github.com/labring/FastGPT/issues/2409,closed,Exclude,Absent from final dataset; criterion-level exclusion reason was not retained
labring/FastGPT,2416,https://github.com/labring/FastGPT/issues/2416,closed,Include,Present in released 654-issue dataset
labring/FastGPT,2425,https://github.com/labring/FastGPT/issues/2425,closed,Exclude,Absent from final dataset; criterion-level exclusion reason was not retained
labring/FastGPT,2441,https://github.com/labring/FastGPT/issues/2441,closed,Exclude,Absent from final dataset; criterion-level exclusion reason was not retained
labring/FastGPT,2455,https://github.com/labring/FastGPT/issues/2455,closed,Exclude,Absent from final dataset; criterion-level exclusion reason was not retained
labring/FastGPT,2494,https://github.com/labring/FastGPT/issues/2494,closed,Exclude,Absent from final dataset; criterion-level exclusion reason was not retained
labring/FastGPT,2502,https://github.com/labring/FastGPT/issues/2502,closed,Exclude,Absent from final dataset; criterion-level exclusion reason was not retained
labring/FastGPT,2512,https://github.com/labring/FastGPT/issues/2512,closed,Exclude,Absent from final dataset; criterion-level exclusion reason was not retained
labring/FastGPT,2519,https://github.com/labring/FastGPT/issues/2519,closed,Include,Present in released 654-issue dataset
labring/FastGPT,2526,https://github.com/labring/FastGPT/issues/2526,closed,Exclude,Absent from final dataset; criterion-level exclusion reason was not retained
labring/FastGPT,2552,https://github.com/labring/FastGPT/issues/2552,closed,Exclude,Absent from final dataset; criterion-level exclusion reason was not retained
labring/FastGPT,2557,https://github.com/labring/FastGPT/issues/2557,closed,Exclude,Absent from final dataset; criterion-level exclusion reason was not retained
labring/FastGPT,2662,https://github.com/labring/FastGPT/issues/2662,closed,Include,Present in released 654-issue dataset
labring/FastGPT,2679,https://github.com/labring/FastGPT/issues/2679,closed,Exclude,Absent from final dataset; criterion-level exclusion reason was not retained
labring/FastGPT,2693,https://github.com/labring/FastGPT/issues/2693,closed,Exclude,Absent from final dataset; criterion-level exclusion reason was not retained
labring/FastGPT,2720,https://github.com/labring/FastGPT/issues/2720,closed,Exclude,Absent from final dataset; criterion-level exclusion reason was not retained
labring/FastGPT,2723,https://github.com/labring/FastGPT/issues/2723,closed,Exclude,Absent from final dataset; criterion-level exclusion reason was not retained
labring/FastGPT,2751,https://github.com/labring/FastGPT/issues/2751,closed,Exclude,Absent from final dataset; criterion-level exclusion reason was not retained
labring/FastGPT,2770,https://github.com/labring/FastGPT/issues/2770,closed,Include,Present in released 654-issue dataset
labring/FastGPT,2780,https://github.com/labring/FastGPT/issues/2780,closed,Include,Present in released 654-issue dataset
labring/FastGPT,2808,https://github.com/labring/FastGPT/issues/2808,closed,Exclude,Absent from final dataset; criterion-level exclusion reason was not retained
labring/FastGPT,2841,https://github.com/labring/FastGPT/issues/2841,closed,Exclude,Absent from final dataset; criterion-level exclusion reason was not retained
labring/FastGPT,2855,https://github.com/labring/FastGPT/issues/2855,closed,Exclude,Absent from final dataset; criterion-level exclusion reason was not retained
labring/FastGPT,2859,https://github.com/labring/FastGPT/issues/2859,closed,Exclude,Absent from final dataset; criterion-level exclusion reason was not retained
labring/FastGPT,2881,https://github.com/labring/FastGPT/issues/2881,closed,Exclude,Absent from final dataset; criterion-level exclusion reason was not retained
labring/FastGPT,2895,https://github.com/labring/FastGPT/issues/2895,closed,Include,Present in released 654-issue dataset
labring/FastGPT,2899,https://github.com/labring/FastGPT/issues/2899,closed,Include,Present in released 654-issue dataset
labring/FastGPT,2911,https://github.com/labring/FastGPT/issues/2911,closed,Exclude,Absent from final dataset; criterion-level exclusion reason was not retained
labring/FastGPT,2918,https://github.com/labring/FastGPT/issues/2918,closed,Include,Present in released 654-issue dataset
labring/FastGPT,2921,https://github.com/labring/FastGPT/issues/2921,closed,Exclude,Absent from final dataset; criterion-level exclusion reason was not retained
labring/FastGPT,2929,https://github.com/labring/FastGPT/issues/2929,closed,Include,Present in released 654-issue dataset
labring/FastGPT,2941,https://github.com/labring/FastGPT/issues/2941,closed,Exclude,Absent from final dataset; criterion-level exclusion reason was not retained
labring/FastGPT,2942,https://github.com/labring/FastGPT/issues/2942,closed,Include,Present in released 654-issue dataset
labring/FastGPT,2986,https://github.com/labring/FastGPT/issues/2986,closed,Exclude,Absent from final dataset; criterion-level exclusion reason was not retained
labring/FastGPT,3008,https://github.com/labring/FastGPT/issues/3008,closed,Exclude,Absent from final dataset; criterion-level exclusion reason was not retained
labring/FastGPT,3017,https://github.com/labring/FastGPT/issues/3017,closed,Include,Present in released 654-issue dataset
labring/FastGPT,3045,https://github.com/labring/FastGPT/issues/3045,closed,Exclude,Absent from final dataset; criterion-level exclusion reason was not retained
labring/FastGPT,3054,https://github.com/labring/FastGPT/issues/3054,closed,Exclude,Absent from final dataset; criterion-level exclusion reason was not retained
labring/FastGPT,3105,https://github.com/labring/FastGPT/issues/3105,closed,Exclude,Absent from final dataset; criterion-level exclusion reason was not retained
labring/FastGPT,3125,https://github.com/labring/FastGPT/issues/3125,closed,Exclude,Absent from final dataset; criterion-level exclusion reason was not retained
labring/FastGPT,3166,https://github.com/labring/FastGPT/issues/3166,closed,Exclude,Absent from final dataset; criterion-level exclusion reason was not retained
labring/FastGPT,3182,https://github.com/labring/FastGPT/issues/3182,closed,Exclude,Absent from final dataset; criterion-level exclusion reason was not retained
labring/FastGPT,3219,https://github.com/labring/FastGPT/issues/3219,closed,Exclude,Absent from final dataset; criterion-level exclusion reason was not retained
labring/FastGPT,3261,https://github.com/labring/FastGPT/issues/3261,closed,Exclude,Absent from final dataset; criterion-level exclusion reason was not retained
labring/FastGPT,3262,https://github.com/labring/FastGPT/issues/3262,closed,Exclude,Absent from final dataset; criterion-level exclusion reason was not retained
labring/FastGPT,3298,https://github.com/labring/FastGPT/issues/3298,closed,Exclude,Absent from final dataset; criterion-level exclusion reason was not retained
labring/FastGPT,3306,https://github.com/labring/FastGPT/issues/3306,closed,Exclude,Absent from final dataset; criterion-level exclusion reason was not retained
labring/FastGPT,3321,https://github.com/labring/FastGPT/issues/3321,closed,Exclude,Absent from final dataset; criterion-level exclusion reason was not retained
labring/FastGPT,3419,https://github.com/labring/FastGPT/issues/3419,closed,Exclude,Absent from final dataset; criterion-level exclusion reason was not retained
labring/FastGPT,3441,https://github.com/labring/FastGPT/issues/3441,closed,Exclude,Absent from final dataset; criterion-level exclusion reason was not retained
labring/FastGPT,3474,https://github.com/labring/FastGPT/issues/3474,closed,Include,Present in released 654-issue dataset
labring/FastGPT,3506,https://github.com/labring/FastGPT/issues/3506,closed,Exclude,Absent from final dataset; criterion-level exclusion reason was not retained
labring/FastGPT,3525,https://github.com/labring/FastGPT/issues/3525,closed,Exclude,Absent from final dataset; criterion-level exclusion reason was not retained
labring/FastGPT,3545,https://github.com/labring/FastGPT/issues/3545,closed,Exclude,Absent from final dataset; criterion-level exclusion reason was not retained
labring/FastGPT,3550,https://github.com/labring/FastGPT/issues/3550,closed,Exclude,Absent from final dataset; criterion-level exclusion reason was not retained
labring/FastGPT,3579,https://github.com/labring/FastGPT/issues/3579,closed,Exclude,Absent from final dataset; criterion-level exclusion reason was not retained
labring/FastGPT,3603,https://github.com/labring/FastGPT/issues/3603,closed,Exclude,Absent from final dataset; criterion-level exclusion reason was not retained
labring/FastGPT,3622,https://github.com/labring/FastGPT/issues/3622,closed,Exclude,Absent from final dataset; criterion-level exclusion reason was not retained
labring/FastGPT,3623,https://github.com/labring/FastGPT/issues/3623,closed,Exclude,Absent from final dataset; criterion-level exclusion reason was not retained
labring/FastGPT,3624,https://github.com/labring/FastGPT/issues/3624,closed,Exclude,Absent from final dataset; criterion-level exclusion reason was not retained
labring/FastGPT,3650,https://github.com/labring/FastGPT/issues/3650,closed,Exclude,Absent from final dataset; criterion-level exclusion reason was not retained
labring/FastGPT,3671,https://github.com/labring/FastGPT/issues/3671,closed,Exclude,Absent from final dataset; criterion-level exclusion reason was not retained
labring/FastGPT,3680,https://github.com/labring/FastGPT/issues/3680,closed,Exclude,Absent from final dataset; criterion-level exclusion reason was not retained
labring/FastGPT,3694,https://github.com/labring/FastGPT/issues/3694,closed,Include,Present in released 654-issue dataset
labring/FastGPT,3695,https://github.com/labring/FastGPT/issues/3695,closed,Include,Present in released 654-issue dataset
labring/FastGPT,3704,https://github.com/labring/FastGPT/issues/3704,closed,Exclude,Absent from final dataset; criterion-level exclusion reason was not retained
labring/FastGPT,3705,https://github.com/labring/FastGPT/issues/3705,closed,Include,Present in released 654-issue dataset
labring/FastGPT,3708,https://github.com/labring/FastGPT/issues/3708,closed,Exclude,Absent from final dataset; criterion-level exclusion reason was not retained
labring/FastGPT,3713,https://github.com/labring/FastGPT/issues/3713,closed,Exclude,Absent from final dataset; criterion-level exclusion reason was not retained
labring/FastGPT,3719,https://github.com/labring/FastGPT/issues/3719,closed,Exclude,Absent from final dataset; criterion-level exclusion reason was not retained
labring/FastGPT,3722,https://github.com/labring/FastGPT/issues/3722,closed,Exclude,Absent from final dataset; criterion-level exclusion reason was not retained
labring/FastGPT,3727,https://github.com/labring/FastGPT/issues/3727,closed,Exclude,Absent from final dataset; criterion-level exclusion reason was not retained
labring/FastGPT,3740,https://github.com/labring/FastGPT/issues/3740,closed,Exclude,Absent from final dataset; criterion-level exclusion reason was not retained
labring/FastGPT,3756,https://github.com/labring/FastGPT/issues/3756,closed,Exclude,Absent from final dataset; criterion-level exclusion reason was not retained
labring/FastGPT,3758,https://github.com/labring/FastGPT/issues/3758,closed,Exclude,Absent from final dataset; criterion-level exclusion reason was not retained
labring/FastGPT,3759,https://github.com/labring/FastGPT/issues/3759,closed,Exclude,Absent from final dataset; criterion-level exclusion reason was not retained
labring/FastGPT,3761,https://github.com/labring/FastGPT/issues/3761,closed,Exclude,Absent from final dataset; criterion-level exclusion reason was not retained
labring/FastGPT,3765,https://github.com/labring/FastGPT/issues/3765,closed,Exclude,Absent from final dataset; criterion-level exclusion reason was not retained
labring/FastGPT,3783,https://github.com/labring/FastGPT/issues/3783,closed,Exclude,Absent from final dataset; criterion-level exclusion reason was not retained
labring/FastGPT,3791,https://github.com/labring/FastGPT/issues/3791,closed,Include,Present in released 654-issue dataset
labring/FastGPT,3793,https://github.com/labring/FastGPT/issues/3793,closed,Include,Present in released 654-issue dataset
labring/FastGPT,3811,https://github.com/labring/FastGPT/issues/3811,closed,Exclude,Absent from final dataset; criterion-level exclusion reason was not retained
labring/FastGPT,3832,https://github.com/labring/FastGPT/issues/3832,closed,Exclude,Absent from final dataset; criterion-level exclusion reason was not retained
labring/FastGPT,3835,https://github.com/labring/FastGPT/issues/3835,closed,Include,Present in released 654-issue dataset
labring/FastGPT,3839,https://github.com/labring/FastGPT/issues/3839,closed,Exclude,Absent from final dataset; criterion-level exclusion reason was not retained
labring/FastGPT,3846,https://github.com/labring/FastGPT/issues/3846,closed,Exclude,Absent from final dataset; criterion-level exclusion reason was not retained
labring/FastGPT,3884,https://github.com/labring/FastGPT/issues/3884,closed,Exclude,Absent from final dataset; criterion-level exclusion reason was not retained
labring/FastGPT,3885,https://github.com/labring/FastGPT/issues/3885,closed,Exclude,Absent from final dataset; criterion-level exclusion reason was not retained
labring/FastGPT,3892,https://github.com/labring/FastGPT/issues/3892,closed,Exclude,Absent from final dataset; criterion-level exclusion reason was not retained
labring/FastGPT,3894,https://github.com/labring/FastGPT/issues/3894,closed,Exclude,Absent from final dataset; criterion-level exclusion reason was not retained
labring/FastGPT,3951,https://github.com/labring/FastGPT/issues/3951,closed,Exclude,Absent from final dataset; criterion-level exclusion reason was not retained
labring/FastGPT,3953,https://github.com/labring/FastGPT/issues/3953,closed,Exclude,Absent from final dataset; criterion-level exclusion reason was not retained
labring/FastGPT,3972,https://github.com/labring/FastGPT/issues/3972,closed,Exclude,Absent from final dataset; criterion-level exclusion reason was not retained
labring/FastGPT,3975,https://github.com/labring/FastGPT/issues/3975,closed,Exclude,Absent from final dataset; criterion-level exclusion reason was not retained
labring/FastGPT,3991,https://github.com/labring/FastGPT/issues/3991,closed,Exclude,Absent from final dataset; criterion-level exclusion reason was not retained
labring/FastGPT,4002,https://github.com/labring/FastGPT/issues/4002,closed,Exclude,Absent from final dataset; criterion-level exclusion reason was not retained
labring/FastGPT,4023,https://github.com/labring/FastGPT/issues/4023,closed,Include,Present in released 654-issue dataset
labring/FastGPT,4030,https://github.com/labring/FastGPT/issues/4030,closed,Exclude,Absent from final dataset; criterion-level exclusion reason was not retained
labring/FastGPT,4031,https://github.com/labring/FastGPT/issues/4031,closed,Exclude,Absent from final dataset; criterion-level exclusion reason was not retained
labring/FastGPT,4034,https://github.com/labring/FastGPT/issues/4034,closed,Include,Present in released 654-issue dataset
labring/FastGPT,4036,https://github.com/labring/FastGPT/issues/4036,closed,Exclude,Absent from final dataset; criterion-level exclusion reason was not retained
labring/FastGPT,4041,https://github.com/labring/FastGPT/issues/4041,closed,Exclude,Absent from final dataset; criterion-level exclusion reason was not retained
labring/FastGPT,4042,https://github.com/labring/FastGPT/issues/4042,closed,Exclude,Absent from final dataset; criterion-level exclusion reason was not retained
labring/FastGPT,4049,https://github.com/labring/FastGPT/issues/4049,closed,Exclude,Absent from final dataset; criterion-level exclusion reason was not retained
labring/FastGPT,4058,https://github.com/labring/FastGPT/issues/4058,closed,Exclude,Absent from final dataset; criterion-level exclusion reason was not retained
labring/FastGPT,4060,https://github.com/labring/FastGPT/issues/4060,closed,Exclude,Absent from final dataset; criterion-level exclusion reason was not retained
labring/FastGPT,4062,https://github.com/labring/FastGPT/issues/4062,closed,Exclude,Absent from final dataset; criterion-level exclusion reason was not retained
labring/FastGPT,4063,https://github.com/labring/FastGPT/issues/4063,closed,Exclude,Absent from final dataset; criterion-level exclusion reason was not retained
labring/FastGPT,4068,https://github.com/labring/FastGPT/issues/4068,closed,Exclude,Absent from final dataset; criterion-level exclusion reason was not retained
labring/FastGPT,4069,https://github.com/labring/FastGPT/issues/4069,closed,Exclude,Absent from final dataset; criterion-level exclusion reason was not retained
labring/FastGPT,4072,https://github.com/labring/FastGPT/issues/4072,closed,Exclude,Absent from final dataset; criterion-level exclusion reason was not retained
labring/FastGPT,4092,https://github.com/labring/FastGPT/issues/4092,closed,Exclude,Absent from final dataset; criterion-level exclusion reason was not retained
labring/FastGPT,4093,https://github.com/labring/FastGPT/issues/4093,closed,Exclude,Absent from final dataset; criterion-level exclusion reason was not retained
labring/FastGPT,4111,https://github.com/labring/FastGPT/issues/4111,closed,Exclude,Absent from final dataset; criterion-level exclusion reason was not retained
labring/FastGPT,4148,https://github.com/labring/FastGPT/issues/4148,closed,Exclude,Absent from final dataset; criterion-level exclusion reason was not retained
labring/FastGPT,4197,https://github.com/labring/FastGPT/issues/4197,closed,Exclude,Absent from final dataset; criterion-level exclusion reason was not retained
labring/FastGPT,4203,https://github.com/labring/FastGPT/issues/4203,closed,Exclude,Absent from final dataset; criterion-level exclusion reason was not retained
labring/FastGPT,4210,https://github.com/labring/FastGPT/issues/4210,closed,Exclude,Absent from final dataset; criterion-level exclusion reason was not retained
labring/FastGPT,4214,https://github.com/labring/FastGPT/issues/4214,closed,Exclude,Absent from final dataset; criterion-level exclusion reason was not retained
labring/FastGPT,4233,https://github.com/labring/FastGPT/issues/4233,closed,Exclude,Absent from final dataset; criterion-level exclusion reason was not retained
labring/FastGPT,4255,https://github.com/labring/FastGPT/issues/4255,closed,Include,Present in released 654-issue dataset
labring/FastGPT,4260,https://github.com/labring/FastGPT/issues/4260,closed,Exclude,Absent from final dataset; criterion-level exclusion reason was not retained
labring/FastGPT,4287,https://github.com/labring/FastGPT/issues/4287,closed,Exclude,Absent from final dataset; criterion-level exclusion reason was not retained
labring/FastGPT,4299,https://github.com/labring/FastGPT/issues/4299,closed,Exclude,Absent from final dataset; criterion-level exclusion reason was not retained
labring/FastGPT,4312,https://github.com/labring/FastGPT/issues/4312,closed,Exclude,Absent from final dataset; criterion-level exclusion reason was not retained
labring/FastGPT,4318,https://github.com/labring/FastGPT/issues/4318,closed,Exclude,Absent from final dataset; criterion-level exclusion reason was not retained
labring/FastGPT,4319,https://github.com/labring/FastGPT/issues/4319,closed,Exclude,Absent from final dataset; criterion-level exclusion reason was not retained
labring/FastGPT,4393,https://github.com/labring/FastGPT/issues/4393,closed,Exclude,Absent from final dataset; criterion-level exclusion reason was not retained
labring/FastGPT,4396,https://github.com/labring/FastGPT/issues/4396,closed,Exclude,Absent from final dataset; criterion-level exclusion reason was not retained
labring/FastGPT,4448,https://github.com/labring/FastGPT/issues/4448,closed,Exclude,Absent from final dataset; criterion-level exclusion reason was not retained
labring/FastGPT,4474,https://github.com/labring/FastGPT/issues/4474,closed,Exclude,Absent from final dataset; criterion-level exclusion reason was not retained
labring/FastGPT,4477,https://github.com/labring/FastGPT/issues/4477,closed,Exclude,Absent from final dataset; criterion-level exclusion reason was not retained
labring/FastGPT,4481,https://github.com/labring/FastGPT/issues/4481,closed,Include,Present in released 654-issue dataset
labring/FastGPT,4490,https://github.com/labring/FastGPT/issues/4490,closed,Exclude,Absent from final dataset; criterion-level exclusion reason was not retained
labring/FastGPT,4496,https://github.com/labring/FastGPT/issues/4496,closed,Exclude,Absent from final dataset; criterion-level exclusion reason was not retained
labring/FastGPT,4544,https://github.com/labring/FastGPT/issues/4544,closed,Exclude,Absent from final dataset; criterion-level exclusion reason was not retained
labring/FastGPT,4573,https://github.com/labring/FastGPT/issues/4573,closed,Exclude,Absent from final dataset; criterion-level exclusion reason was not retained
labring/FastGPT,4624,https://github.com/labring/FastGPT/issues/4624,closed,Exclude,Absent from final dataset; criterion-level exclusion reason was not retained
labring/FastGPT,4642,https://github.com/labring/FastGPT/issues/4642,closed,Exclude,Absent from final dataset; criterion-level exclusion reason was not retained
labring/FastGPT,4653,https://github.com/labring/FastGPT/issues/4653,closed,Include,Present in released 654-issue dataset
labring/FastGPT,4664,https://github.com/labring/FastGPT/issues/4664,closed,Exclude,Absent from final dataset; criterion-level exclusion reason was not retained
labring/FastGPT,4685,https://github.com/labring/FastGPT/issues/4685,closed,Exclude,Absent from final dataset; criterion-level exclusion reason was not retained
labring/FastGPT,4738,https://github.com/labring/FastGPT/issues/4738,closed,Include,Present in released 654-issue dataset
labring/FastGPT,4764,https://github.com/labring/FastGPT/issues/4764,closed,Exclude,Absent from final dataset; criterion-level exclusion reason was not retained
labring/FastGPT,4770,https://github.com/labring/FastGPT/issues/4770,closed,Include,Present in released 654-issue dataset
labring/FastGPT,4808,https://github.com/labring/FastGPT/issues/4808,closed,Exclude,Absent from final dataset; criterion-level exclusion reason was not retained
labring/FastGPT,4816,https://github.com/labring/FastGPT/issues/4816,closed,Exclude,Absent from final dataset; criterion-level exclusion reason was not retained
labring/FastGPT,4829,https://github.com/labring/FastGPT/issues/4829,closed,Include,Present in released 654-issue dataset
labring/FastGPT,4840,https://github.com/labring/FastGPT/issues/4840,closed,Include,Present in released 654-issue dataset
labring/FastGPT,4846,https://github.com/labring/FastGPT/issues/4846,closed,Include,Present in released 654-issue dataset
labring/FastGPT,4847,https://github.com/labring/FastGPT/issues/4847,closed,Exclude,Absent from final dataset; criterion-level exclusion reason was not retained
labring/FastGPT,4879,https://github.com/labring/FastGPT/issues/4879,closed,Include,Present in released 654-issue dataset
labring/FastGPT,4896,https://github.com/labring/FastGPT/issues/4896,closed,Exclude,Absent from final dataset; criterion-level exclusion reason was not retained
labring/FastGPT,4906,https://github.com/labring/FastGPT/issues/4906,closed,Include,Present in released 654-issue dataset
labring/FastGPT,4910,https://github.com/labring/FastGPT/issues/4910,closed,Exclude,Absent from final dataset; criterion-level exclusion reason was not retained
labring/FastGPT,4926,https://github.com/labring/FastGPT/issues/4926,closed,Exclude,Absent from final dataset; criterion-level exclusion reason was not retained
labring/FastGPT,5031,https://github.com/labring/FastGPT/issues/5031,closed,Exclude,Absent from final dataset; criterion-level exclusion reason was not retained
labring/FastGPT,5079,https://github.com/labring/FastGPT/issues/5079,closed,Exclude,Absent from final dataset; criterion-level exclusion reason was not retained
labring/FastGPT,5081,https://github.com/labring/FastGPT/issues/5081,closed,Exclude,Absent from final dataset; criterion-level exclusion reason was not retained
labring/FastGPT,5092,https://github.com/labring/FastGPT/issues/5092,closed,Exclude,Absent from final dataset; criterion-level exclusion reason was not retained
labring/FastGPT,5169,https://github.com/labring/FastGPT/issues/5169,closed,Exclude,Absent from final dataset; criterion-level exclusion reason was not retained
labring/FastGPT,5190,https://github.com/labring/FastGPT/issues/5190,closed,Exclude,Absent from final dataset; criterion-level exclusion reason was not retained
labring/FastGPT,5260,https://github.com/labring/FastGPT/issues/5260,closed,Exclude,Absent from final dataset; criterion-level exclusion reason was not retained
microsoft/graphrag,55,https://github.com/microsoft/graphrag/issues/55,closed,Include,Present in released 654-issue dataset
microsoft/graphrag,367,https://github.com/microsoft/graphrag/issues/367,closed,Include,Present in released 654-issue dataset
microsoft/graphrag,379,https://github.com/microsoft/graphrag/issues/379,closed,Include,Present in released 654-issue dataset
microsoft/graphrag,383,https://github.com/microsoft/graphrag/issues/383,closed,Include,Present in released 654-issue dataset
microsoft/graphrag,456,https://github.com/microsoft/graphrag/issues/456,closed,Exclude,Absent from final dataset; criterion-level exclusion reason was not retained
microsoft/graphrag,457,https://github.com/microsoft/graphrag/issues/457,closed,Exclude,Absent from final dataset; criterion-level exclusion reason was not retained
microsoft/graphrag,466,https://github.com/microsoft/graphrag/issues/466,closed,Include,Present in released 654-issue dataset
microsoft/graphrag,475,https://github.com/microsoft/graphrag/issues/475,closed,Exclude,Absent from final dataset; criterion-level exclusion reason was not retained
microsoft/graphrag,476,https://github.com/microsoft/graphrag/issues/476,closed,Exclude,Absent from final dataset; criterion-level exclusion reason was not retained
microsoft/graphrag,479,https://github.com/microsoft/graphrag/issues/479,closed,Include,Present in released 654-issue dataset
microsoft/graphrag,485,https://github.com/microsoft/graphrag/issues/485,closed,Exclude,Absent from final dataset; criterion-level exclusion reason was not retained
microsoft/graphrag,489,https://github.com/microsoft/graphrag/issues/489,closed,Include,Present in released 654-issue dataset
microsoft/graphrag,492,https://github.com/microsoft/graphrag/issues/492,closed,Include,Present in released 654-issue dataset
microsoft/graphrag,495,https://github.com/microsoft/graphrag/issues/495,closed,Exclude,Absent from final dataset; criterion-level exclusion reason was not retained
microsoft/graphrag,498,https://github.com/microsoft/graphrag/issues/498,closed,Include,Present in released 654-issue dataset
microsoft/graphrag,508,https://github.com/microsoft/graphrag/issues/508,closed,Exclude,Absent from final dataset; criterion-level exclusion reason was not retained
microsoft/graphrag,519,https://github.com/microsoft/graphrag/issues/519,closed,Exclude,Absent from final dataset; criterion-level exclusion reason was not retained
microsoft/graphrag,527,https://github.com/microsoft/graphrag/issues/527,closed,Exclude,Absent from final dataset; criterion-level exclusion reason was not retained
microsoft/graphrag,590,https://github.com/microsoft/graphrag/issues/590,closed,Exclude,Absent from final dataset; criterion-level exclusion reason was not retained
microsoft/graphrag,591,https://github.com/microsoft/graphrag/issues/591,closed,Exclude,Absent from final dataset; criterion-level exclusion reason was not retained
microsoft/graphrag,597,https://github.com/microsoft/graphrag/issues/597,closed,Exclude,Absent from final dataset; criterion-level exclusion reason was not retained
microsoft/graphrag,599,https://github.com/microsoft/graphrag/issues/599,closed,Include,Present in released 654-issue dataset
microsoft/graphrag,603,https://github.com/microsoft/graphrag/issues/603,closed,Exclude,Absent from final dataset; criterion-level exclusion reason was not retained
microsoft/graphrag,604,https://github.com/microsoft/graphrag/issues/604,closed,Exclude,Absent from final dataset; criterion-level exclusion reason was not retained
microsoft/graphrag,613,https://github.com/microsoft/graphrag/issues/613,closed,Include,Present in released 654-issue dataset
microsoft/graphrag,615,https://github.com/microsoft/graphrag/issues/615,closed,Include,Present in released 654-issue dataset
microsoft/graphrag,618,https://github.com/microsoft/graphrag/issues/618,closed,Exclude,Absent from final dataset; criterion-level exclusion reason was not retained
microsoft/graphrag,644,https://github.com/microsoft/graphrag/issues/644,closed,Exclude,Absent from final dataset; criterion-level exclusion reason was not retained
microsoft/graphrag,674,https://github.com/microsoft/graphrag/issues/674,closed,Include,Present in released 654-issue dataset
microsoft/graphrag,676,https://github.com/microsoft/graphrag/issues/676,closed,Include,Present in released 654-issue dataset
microsoft/graphrag,687,https://github.com/microsoft/graphrag/issues/687,closed,Exclude,Absent from final dataset; criterion-level exclusion reason was not retained
microsoft/graphrag,739,https://github.com/microsoft/graphrag/issues/739,closed,Exclude,Absent from final dataset; criterion-level exclusion reason was not retained
microsoft/graphrag,745,https://github.com/microsoft/graphrag/issues/745,closed,Exclude,Absent from final dataset; criterion-level exclusion reason was not retained
microsoft/graphrag,752,https://github.com/microsoft/graphrag/issues/752,closed,Exclude,Absent from final dataset; criterion-level exclusion reason was not retained
microsoft/graphrag,770,https://github.com/microsoft/graphrag/issues/770,closed,Include,Present in released 654-issue dataset
microsoft/graphrag,776,https://github.com/microsoft/graphrag/issues/776,closed,Include,Present in released 654-issue dataset
microsoft/graphrag,789,https://github.com/microsoft/graphrag/issues/789,closed,Include,Present in released 654-issue dataset
microsoft/graphrag,793,https://github.com/microsoft/graphrag/issues/793,closed,Include,Present in released 654-issue dataset
microsoft/graphrag,796,https://github.com/microsoft/graphrag/issues/796,closed,Include,Present in released 654-issue dataset
microsoft/graphrag,803,https://github.com/microsoft/graphrag/issues/803,closed,Exclude,Absent from final dataset; criterion-level exclusion reason was not retained
microsoft/graphrag,813,https://github.com/microsoft/graphrag/issues/813,closed,Include,Present in released 654-issue dataset
microsoft/graphrag,827,https://github.com/microsoft/graphrag/issues/827,closed,Exclude,Absent from final dataset; criterion-level exclusion reason was not retained
microsoft/graphrag,837,https://github.com/microsoft/graphrag/issues/837,closed,Exclude,Absent from final dataset; criterion-level exclusion reason was not retained
microsoft/graphrag,866,https://github.com/microsoft/graphrag/issues/866,closed,Exclude,Absent from final dataset; criterion-level exclusion reason was not retained
microsoft/graphrag,871,https://github.com/microsoft/graphrag/issues/871,closed,Include,Present in released 654-issue dataset
microsoft/graphrag,878,https://github.com/microsoft/graphrag/issues/878,closed,Exclude,Absent from final dataset; criterion-level exclusion reason was not retained
microsoft/graphrag,946,https://github.com/microsoft/graphrag/issues/946,closed,Include,Present in released 654-issue dataset
microsoft/graphrag,1005,https://github.com/microsoft/graphrag/issues/1005,closed,Exclude,Absent from final dataset; criterion-level exclusion reason was not retained
microsoft/graphrag,1009,https://github.com/microsoft/graphrag/issues/1009,closed,Exclude,Absent from final dataset; criterion-level exclusion reason was not retained
microsoft/graphrag,1011,https://github.com/microsoft/graphrag/issues/1011,closed,Exclude,Absent from final dataset; criterion-level exclusion reason was not retained
microsoft/graphrag,1071,https://github.com/microsoft/graphrag/issues/1071,closed,Exclude,Absent from final dataset; criterion-level exclusion reason was not retained
microsoft/graphrag,1080,https://github.com/microsoft/graphrag/issues/1080,closed,Include,Present in released 654-issue dataset
microsoft/graphrag,1085,https://github.com/microsoft/graphrag/issues/1085,closed,Include,Present in released 654-issue dataset
microsoft/graphrag,1089,https://github.com/microsoft/graphrag/issues/1089,closed,Exclude,Absent from final dataset; criterion-level exclusion reason was not retained
microsoft/graphrag,1109,https://github.com/microsoft/graphrag/issues/1109,closed,Exclude,Absent from final dataset; criterion-level exclusion reason was not retained
microsoft/graphrag,1110,https://github.com/microsoft/graphrag/issues/1110,closed,Exclude,Absent from final dataset; criterion-level exclusion reason was not retained
microsoft/graphrag,1120,https://github.com/microsoft/graphrag/issues/1120,closed,Exclude,Absent from final dataset; criterion-level exclusion reason was not retained
microsoft/graphrag,1135,https://github.com/microsoft/graphrag/issues/1135,closed,Include,Present in released 654-issue dataset
microsoft/graphrag,1136,https://github.com/microsoft/graphrag/issues/1136,closed,Include,Present in released 654-issue dataset
microsoft/graphrag,1137,https://github.com/microsoft/graphrag/issues/1137,closed,Include,Present in released 654-issue dataset
microsoft/graphrag,1154,https://github.com/microsoft/graphrag/issues/1154,closed,Exclude,Absent from final dataset; criterion-level exclusion reason was not retained
microsoft/graphrag,1173,https://github.com/microsoft/graphrag/issues/1173,closed,Include,Present in released 654-issue dataset
microsoft/graphrag,1208,https://github.com/microsoft/graphrag/issues/1208,closed,Include,Present in released 654-issue dataset
microsoft/graphrag,1275,https://github.com/microsoft/graphrag/issues/1275,closed,Exclude,Absent from final dataset; criterion-level exclusion reason was not retained
microsoft/graphrag,1287,https://github.com/microsoft/graphrag/issues/1287,closed,Exclude,Absent from final dataset; criterion-level exclusion reason was not retained
microsoft/graphrag,1294,https://github.com/microsoft/graphrag/issues/1294,closed,Exclude,Absent from final dataset; criterion-level exclusion reason was not retained
microsoft/graphrag,1323,https://github.com/microsoft/graphrag/issues/1323,closed,Exclude,Absent from final dataset; criterion-level exclusion reason was not retained
microsoft/graphrag,1329,https://github.com/microsoft/graphrag/issues/1329,closed,Exclude,Absent from final dataset; criterion-level exclusion reason was not retained
microsoft/graphrag,1335,https://github.com/microsoft/graphrag/issues/1335,closed,Include,Present in released 654-issue dataset
microsoft/graphrag,1345,https://github.com/microsoft/graphrag/issues/1345,closed,Exclude,Absent from final dataset; criterion-level exclusion reason was not retained
microsoft/graphrag,1351,https://github.com/microsoft/graphrag/issues/1351,closed,Exclude,Absent from final dataset; criterion-level exclusion reason was not retained
microsoft/graphrag,1355,https://github.com/microsoft/graphrag/issues/1355,closed,Include,Present in released 654-issue dataset
microsoft/graphrag,1367,https://github.com/microsoft/graphrag/issues/1367,closed,Include,Present in released 654-issue dataset
microsoft/graphrag,1378,https://github.com/microsoft/graphrag/issues/1378,closed,Exclude,Absent from final dataset; criterion-level exclusion reason was not retained
microsoft/graphrag,1382,https://github.com/microsoft/graphrag/issues/1382,closed,Include,Present in released 654-issue dataset
microsoft/graphrag,1384,https://github.com/microsoft/graphrag/issues/1384,closed,Include,Present in released 654-issue dataset
microsoft/graphrag,1386,https://github.com/microsoft/graphrag/issues/1386,closed,Exclude,Absent from final dataset; criterion-level exclusion reason was not retained
microsoft/graphrag,1390,https://github.com/microsoft/graphrag/issues/1390,closed,Include,Present in released 654-issue dataset
microsoft/graphrag,1398,https://github.com/microsoft/graphrag/issues/1398,closed,Exclude,Absent from final dataset; criterion-level exclusion reason was not retained
microsoft/graphrag,1410,https://github.com/microsoft/graphrag/issues/1410,closed,Include,Present in released 654-issue dataset
microsoft/graphrag,1417,https://github.com/microsoft/graphrag/issues/1417,closed,Include,Present in released 654-issue dataset
microsoft/graphrag,1422,https://github.com/microsoft/graphrag/issues/1422,closed,Exclude,Absent from final dataset; criterion-level exclusion reason was not retained
microsoft/graphrag,1424,https://github.com/microsoft/graphrag/issues/1424,closed,Exclude,Absent from final dataset; criterion-level exclusion reason was not retained
microsoft/graphrag,1426,https://github.com/microsoft/graphrag/issues/1426,closed,Exclude,Absent from final dataset; criterion-level exclusion reason was not retained
microsoft/graphrag,1430,https://github.com/microsoft/graphrag/issues/1430,closed,Include,Present in released 654-issue dataset
microsoft/graphrag,1432,https://github.com/microsoft/graphrag/issues/1432,closed,Include,Present in released 654-issue dataset
microsoft/graphrag,1440,https://github.com/microsoft/graphrag/issues/1440,closed,Exclude,Absent from final dataset; criterion-level exclusion reason was not retained
microsoft/graphrag,1448,https://github.com/microsoft/graphrag/issues/1448,closed,Exclude,Absent from final dataset; criterion-level exclusion reason was not retained
microsoft/graphrag,1463,https://github.com/microsoft/graphrag/issues/1463,closed,Exclude,Absent from final dataset; criterion-level exclusion reason was not retained
microsoft/graphrag,1471,https://github.com/microsoft/graphrag/issues/1471,closed,Exclude,Absent from final dataset; criterion-level exclusion reason was not retained
microsoft/graphrag,1472,https://github.com/microsoft/graphrag/issues/1472,closed,Include,Present in released 654-issue dataset
microsoft/graphrag,1476,https://github.com/microsoft/graphrag/issues/1476,closed,Include,Present in released 654-issue dataset
microsoft/graphrag,1481,https://github.com/microsoft/graphrag/issues/1481,closed,Include,Present in released 654-issue dataset
microsoft/graphrag,1484,https://github.com/microsoft/graphrag/issues/1484,closed,Exclude,Absent from final dataset; criterion-level exclusion reason was not retained
microsoft/graphrag,1499,https://github.com/microsoft/graphrag/issues/1499,closed,Include,Present in released 654-issue dataset
microsoft/graphrag,1505,https://github.com/microsoft/graphrag/issues/1505,closed,Exclude,Absent from final dataset; criterion-level exclusion reason was not retained
microsoft/graphrag,1506,https://github.com/microsoft/graphrag/issues/1506,closed,Include,Present in released 654-issue dataset
microsoft/graphrag,1517,https://github.com/microsoft/graphrag/issues/1517,closed,Exclude,Absent from final dataset; criterion-level exclusion reason was not retained
microsoft/graphrag,1519,https://github.com/microsoft/graphrag/issues/1519,closed,Exclude,Absent from final dataset; criterion-level exclusion reason was not retained
microsoft/graphrag,1538,https://github.com/microsoft/graphrag/issues/1538,closed,Include,Present in released 654-issue dataset
microsoft/graphrag,1549,https://github.com/microsoft/graphrag/issues/1549,closed,Exclude,Absent from final dataset; criterion-level exclusion reason was not retained
microsoft/graphrag,1557,https://github.com/microsoft/graphrag/issues/1557,closed,Include,Present in released 654-issue dataset
microsoft/graphrag,1592,https://github.com/microsoft/graphrag/issues/1592,closed,Exclude,Absent from final dataset; criterion-level exclusion reason was not retained
microsoft/graphrag,1601,https://github.com/microsoft/graphrag/issues/1601,closed,Include,Present in released 654-issue dataset
microsoft/graphrag,1603,https://github.com/microsoft/graphrag/issues/1603,closed,Exclude,Absent from final dataset; criterion-level exclusion reason was not retained
microsoft/graphrag,1604,https://github.com/microsoft/graphrag/issues/1604,closed,Exclude,Absent from final dataset; criterion-level exclusion reason was not retained
microsoft/graphrag,1613,https://github.com/microsoft/graphrag/issues/1613,closed,Exclude,Absent from final dataset; criterion-level exclusion reason was not retained
microsoft/graphrag,1620,https://github.com/microsoft/graphrag/issues/1620,closed,Include,Present in released 654-issue dataset
microsoft/graphrag,1628,https://github.com/microsoft/graphrag/issues/1628,closed,Exclude,Absent from final dataset; criterion-level exclusion reason was not retained
microsoft/graphrag,1637,https://github.com/microsoft/graphrag/issues/1637,closed,Include,Present in released 654-issue dataset
microsoft/graphrag,1642,https://github.com/microsoft/graphrag/issues/1642,closed,Include,Present in released 654-issue dataset
microsoft/graphrag,1657,https://github.com/microsoft/graphrag/issues/1657,closed,Include,Present in released 654-issue dataset
microsoft/graphrag,1666,https://github.com/microsoft/graphrag/issues/1666,closed,Exclude,Absent from final dataset; criterion-level exclusion reason was not retained
microsoft/graphrag,1673,https://github.com/microsoft/graphrag/issues/1673,closed,Include,Present in released 654-issue dataset
microsoft/graphrag,1700,https://github.com/microsoft/graphrag/issues/1700,closed,Exclude,Absent from final dataset; criterion-level exclusion reason was not retained
microsoft/graphrag,1702,https://github.com/microsoft/graphrag/issues/1702,closed,Exclude,Absent from final dataset; criterion-level exclusion reason was not retained
microsoft/graphrag,1707,https://github.com/microsoft/graphrag/issues/1707,closed,Exclude,Absent from final dataset; criterion-level exclusion reason was not retained
microsoft/graphrag,1710,https://github.com/microsoft/graphrag/issues/1710,closed,Include,Present in released 654-issue dataset
microsoft/graphrag,1711,https://github.com/microsoft/graphrag/issues/1711,closed,Exclude,Absent from final dataset; criterion-level exclusion reason was not retained
microsoft/graphrag,1715,https://github.com/microsoft/graphrag/issues/1715,closed,Include,Present in released 654-issue dataset
microsoft/graphrag,1717,https://github.com/microsoft/graphrag/issues/1717,closed,Exclude,Absent from final dataset; criterion-level exclusion reason was not retained
microsoft/graphrag,1722,https://github.com/microsoft/graphrag/issues/1722,closed,Exclude,Absent from final dataset; criterion-level exclusion reason was not retained
microsoft/graphrag,1725,https://github.com/microsoft/graphrag/issues/1725,closed,Include,Present in released 654-issue dataset
microsoft/graphrag,1767,https://github.com/microsoft/graphrag/issues/1767,closed,Exclude,Absent from final dataset; criterion-level exclusion reason was not retained
microsoft/graphrag,1772,https://github.com/microsoft/graphrag/issues/1772,closed,Exclude,Absent from final dataset; criterion-level exclusion reason was not retained
microsoft/graphrag,1776,https://github.com/microsoft/graphrag/issues/1776,closed,Exclude,Absent from final dataset; criterion-level exclusion reason was not retained
microsoft/graphrag,1795,https://github.com/microsoft/graphrag/issues/1795,closed,Exclude,Absent from final dataset; criterion-level exclusion reason was not retained
microsoft/graphrag,1804,https://github.com/microsoft/graphrag/issues/1804,closed,Include,Present in released 654-issue dataset
microsoft/graphrag,1805,https://github.com/microsoft/graphrag/issues/1805,closed,Exclude,Absent from final dataset; criterion-level exclusion reason was not retained
microsoft/graphrag,1806,https://github.com/microsoft/graphrag/issues/1806,closed,Include,Present in released 654-issue dataset
microsoft/graphrag,1823,https://github.com/microsoft/graphrag/issues/1823,closed,Exclude,Absent from final dataset; criterion-level exclusion reason was not retained
microsoft/graphrag,1825,https://github.com/microsoft/graphrag/issues/1825,closed,Include,Present in released 654-issue dataset
microsoft/graphrag,1829,https://github.com/microsoft/graphrag/issues/1829,closed,Exclude,Absent from final dataset; criterion-level exclusion reason was not retained
microsoft/graphrag,1832,https://github.com/microsoft/graphrag/issues/1832,closed,Exclude,Absent from final dataset; criterion-level exclusion reason was not retained
microsoft/graphrag,1833,https://github.com/microsoft/graphrag/issues/1833,closed,Exclude,Absent from final dataset; criterion-level exclusion reason was not retained
microsoft/graphrag,1843,https://github.com/microsoft/graphrag/issues/1843,closed,Exclude,Absent from final dataset; criterion-level exclusion reason was not retained
microsoft/graphrag,1849,https://github.com/microsoft/graphrag/issues/1849,closed,Exclude,Absent from final dataset; criterion-level exclusion reason was not retained
microsoft/graphrag,1853,https://github.com/microsoft/graphrag/issues/1853,closed,Exclude,Absent from final dataset; criterion-level exclusion reason was not retained
microsoft/graphrag,1854,https://github.com/microsoft/graphrag/issues/1854,closed,Exclude,Absent from final dataset; criterion-level exclusion reason was not retained
microsoft/graphrag,1859,https://github.com/microsoft/graphrag/issues/1859,closed,Include,Present in released 654-issue dataset
microsoft/graphrag,1861,https://github.com/microsoft/graphrag/issues/1861,closed,Exclude,Absent from final dataset; criterion-level exclusion reason was not retained
microsoft/graphrag,1876,https://github.com/microsoft/graphrag/issues/1876,closed,Include,Present in released 654-issue dataset
microsoft/graphrag,1912,https://github.com/microsoft/graphrag/issues/1912,closed,Exclude,Absent from final dataset; criterion-level exclusion reason was not retained
microsoft/graphrag,1914,https://github.com/microsoft/graphrag/issues/1914,closed,Exclude,Absent from final dataset; criterion-level exclusion reason was not retained
microsoft/graphrag,1926,https://github.com/microsoft/graphrag/issues/1926,closed,Exclude,Absent from final dataset; criterion-level exclusion reason was not retained
microsoft/graphrag,1936,https://github.com/microsoft/graphrag/issues/1936,closed,Include,Present in released 654-issue dataset
microsoft/graphrag,1949,https://github.com/microsoft/graphrag/issues/1949,closed,Exclude,Absent from final dataset; criterion-level exclusion reason was not retained
microsoft/graphrag,1968,https://github.com/microsoft/graphrag/issues/1968,closed,Exclude,Absent from final dataset; criterion-level exclusion reason was not retained
microsoft/graphrag,1970,https://github.com/microsoft/graphrag/issues/1970,closed,Include,Present in released 654-issue dataset
microsoft/graphrag,1977,https://github.com/microsoft/graphrag/issues/1977,closed,Include,Present in released 654-issue dataset
microsoft/graphrag,1978,https://github.com/microsoft/graphrag/issues/1978,closed,Exclude,Absent from final dataset; criterion-level exclusion reason was not retained
microsoft/graphrag,1982,https://github.com/microsoft/graphrag/issues/1982,closed,Include,Present in released 654-issue dataset
HKUDS/LightRAG,11,https://github.com/HKUDS/LightRAG/issues/11,closed,Include,Present in released 654-issue dataset
HKUDS/LightRAG,21,https://github.com/HKUDS/LightRAG/issues/21,closed,Include,Present in released 654-issue dataset
HKUDS/LightRAG,24,https://github.com/HKUDS/LightRAG/issues/24,closed,Exclude,Absent from final dataset; criterion-level exclusion reason was not retained
HKUDS/LightRAG,236,https://github.com/HKUDS/LightRAG/issues/236,closed,Exclude,Absent from final dataset; criterion-level exclusion reason was not retained
HKUDS/LightRAG,249,https://github.com/HKUDS/LightRAG/issues/249,closed,Include,Present in released 654-issue dataset
HKUDS/LightRAG,606,https://github.com/HKUDS/LightRAG/issues/606,closed,Include,Present in released 654-issue dataset
HKUDS/LightRAG,625,https://github.com/HKUDS/LightRAG/issues/625,closed,Include,Present in released 654-issue dataset
HKUDS/LightRAG,676,https://github.com/HKUDS/LightRAG/issues/676,closed,Include,Present in released 654-issue dataset
HKUDS/LightRAG,677,https://github.com/HKUDS/LightRAG/issues/677,closed,Include,Present in released 654-issue dataset
HKUDS/LightRAG,680,https://github.com/HKUDS/LightRAG/issues/680,closed,Include,Present in released 654-issue dataset
HKUDS/LightRAG,721,https://github.com/HKUDS/LightRAG/issues/721,closed,Exclude,Absent from final dataset; criterion-level exclusion reason was not retained
HKUDS/LightRAG,767,https://github.com/HKUDS/LightRAG/issues/767,closed,Include,Present in released 654-issue dataset
HKUDS/LightRAG,787,https://github.com/HKUDS/LightRAG/issues/787,closed,Exclude,Absent from final dataset; criterion-level exclusion reason was not retained
HKUDS/LightRAG,796,https://github.com/HKUDS/LightRAG/issues/796,closed,Exclude,Absent from final dataset; criterion-level exclusion reason was not retained
HKUDS/LightRAG,827,https://github.com/HKUDS/LightRAG/issues/827,closed,Exclude,Absent from final dataset; criterion-level exclusion reason was not retained
HKUDS/LightRAG,838,https://github.com/HKUDS/LightRAG/issues/838,closed,Include,Present in released 654-issue dataset
HKUDS/LightRAG,849,https://github.com/HKUDS/LightRAG/issues/849,closed,Exclude,Absent from final dataset; criterion-level exclusion reason was not retained
HKUDS/LightRAG,861,https://github.com/HKUDS/LightRAG/issues/861,closed,Exclude,Absent from final dataset; criterion-level exclusion reason was not retained
HKUDS/LightRAG,863,https://github.com/HKUDS/LightRAG/issues/863,closed,Exclude,Absent from final dataset; criterion-level exclusion reason was not retained
HKUDS/LightRAG,877,https://github.com/HKUDS/LightRAG/issues/877,closed,Exclude,Absent from final dataset; criterion-level exclusion reason was not retained
HKUDS/LightRAG,881,https://github.com/HKUDS/LightRAG/issues/881,closed,Exclude,Absent from final dataset; criterion-level exclusion reason was not retained
HKUDS/LightRAG,884,https://github.com/HKUDS/LightRAG/issues/884,closed,Exclude,Absent from final dataset; criterion-level exclusion reason was not retained
HKUDS/LightRAG,895,https://github.com/HKUDS/LightRAG/issues/895,closed,Exclude,Absent from final dataset; criterion-level exclusion reason was not retained
HKUDS/LightRAG,903,https://github.com/HKUDS/LightRAG/issues/903,closed,Exclude,Absent from final dataset; criterion-level exclusion reason was not retained
HKUDS/LightRAG,909,https://github.com/HKUDS/LightRAG/issues/909,closed,Exclude,Absent from final dataset; criterion-level exclusion reason was not retained
HKUDS/LightRAG,915,https://github.com/HKUDS/LightRAG/issues/915,closed,Include,Present in released 654-issue dataset
HKUDS/LightRAG,917,https://github.com/HKUDS/LightRAG/issues/917,closed,Exclude,Absent from final dataset; criterion-level exclusion reason was not retained
HKUDS/LightRAG,934,https://github.com/HKUDS/LightRAG/issues/934,closed,Exclude,Absent from final dataset; criterion-level exclusion reason was not retained
HKUDS/LightRAG,936,https://github.com/HKUDS/LightRAG/issues/936,closed,Include,Present in released 654-issue dataset
HKUDS/LightRAG,944,https://github.com/HKUDS/LightRAG/issues/944,closed,Exclude,Absent from final dataset; criterion-level exclusion reason was not retained
HKUDS/LightRAG,945,https://github.com/HKUDS/LightRAG/issues/945,closed,Include,Present in released 654-issue dataset
HKUDS/LightRAG,951,https://github.com/HKUDS/LightRAG/issues/951,closed,Include,Present in released 654-issue dataset
HKUDS/LightRAG,955,https://github.com/HKUDS/LightRAG/issues/955,closed,Exclude,Absent from final dataset; criterion-level exclusion reason was not retained
HKUDS/LightRAG,957,https://github.com/HKUDS/LightRAG/issues/957,closed,Exclude,Absent from final dataset; criterion-level exclusion reason was not retained
HKUDS/LightRAG,958,https://github.com/HKUDS/LightRAG/issues/958,closed,Exclude,Absent from final dataset; criterion-level exclusion reason was not retained
HKUDS/LightRAG,963,https://github.com/HKUDS/LightRAG/issues/963,closed,Exclude,Absent from final dataset; criterion-level exclusion reason was not retained
HKUDS/LightRAG,967,https://github.com/HKUDS/LightRAG/issues/967,closed,Exclude,Absent from final dataset; criterion-level exclusion reason was not retained
HKUDS/LightRAG,973,https://github.com/HKUDS/LightRAG/issues/973,closed,Exclude,Absent from final dataset; criterion-level exclusion reason was not retained
HKUDS/LightRAG,979,https://github.com/HKUDS/LightRAG/issues/979,closed,Exclude,Absent from final dataset; criterion-level exclusion reason was not retained
HKUDS/LightRAG,980,https://github.com/HKUDS/LightRAG/issues/980,closed,Exclude,Absent from final dataset; criterion-level exclusion reason was not retained
HKUDS/LightRAG,985,https://github.com/HKUDS/LightRAG/issues/985,closed,Exclude,Absent from final dataset; criterion-level exclusion reason was not retained
HKUDS/LightRAG,991,https://github.com/HKUDS/LightRAG/issues/991,closed,Exclude,Absent from final dataset; criterion-level exclusion reason was not retained
HKUDS/LightRAG,992,https://github.com/HKUDS/LightRAG/issues/992,closed,Exclude,Absent from final dataset; criterion-level exclusion reason was not retained
HKUDS/LightRAG,993,https://github.com/HKUDS/LightRAG/issues/993,closed,Exclude,Absent from final dataset; criterion-level exclusion reason was not retained
HKUDS/LightRAG,1001,https://github.com/HKUDS/LightRAG/issues/1001,closed,Exclude,Absent from final dataset; criterion-level exclusion reason was not retained
HKUDS/LightRAG,1004,https://github.com/HKUDS/LightRAG/issues/1004,closed,Exclude,Absent from final dataset; criterion-level exclusion reason was not retained
HKUDS/LightRAG,1010,https://github.com/HKUDS/LightRAG/issues/1010,closed,Exclude,Absent from final dataset; criterion-level exclusion reason was not retained
HKUDS/LightRAG,1017,https://github.com/HKUDS/LightRAG/issues/1017,closed,Exclude,Absent from final dataset; criterion-level exclusion reason was not retained
HKUDS/LightRAG,1020,https://github.com/HKUDS/LightRAG/issues/1020,closed,Exclude,Absent from final dataset; criterion-level exclusion reason was not retained
HKUDS/LightRAG,1023,https://github.com/HKUDS/LightRAG/issues/1023,closed,Exclude,Absent from final dataset; criterion-level exclusion reason was not retained
HKUDS/LightRAG,1031,https://github.com/HKUDS/LightRAG/issues/1031,closed,Exclude,Absent from final dataset; criterion-level exclusion reason was not retained
HKUDS/LightRAG,1039,https://github.com/HKUDS/LightRAG/issues/1039,closed,Exclude,Absent from final dataset; criterion-level exclusion reason was not retained
HKUDS/LightRAG,1044,https://github.com/HKUDS/LightRAG/issues/1044,closed,Include,Present in released 654-issue dataset
HKUDS/LightRAG,1057,https://github.com/HKUDS/LightRAG/issues/1057,closed,Exclude,Absent from final dataset; criterion-level exclusion reason was not retained
HKUDS/LightRAG,1059,https://github.com/HKUDS/LightRAG/issues/1059,closed,Include,Present in released 654-issue dataset
HKUDS/LightRAG,1065,https://github.com/HKUDS/LightRAG/issues/1065,closed,Exclude,Absent from final dataset; criterion-level exclusion reason was not retained
HKUDS/LightRAG,1066,https://github.com/HKUDS/LightRAG/issues/1066,closed,Exclude,Absent from final dataset; criterion-level exclusion reason was not retained
HKUDS/LightRAG,1069,https://github.com/HKUDS/LightRAG/issues/1069,closed,Exclude,Absent from final dataset; criterion-level exclusion reason was not retained
HKUDS/LightRAG,1076,https://github.com/HKUDS/LightRAG/issues/1076,closed,Include,Present in released 654-issue dataset
HKUDS/LightRAG,1081,https://github.com/HKUDS/LightRAG/issues/1081,closed,Exclude,Absent from final dataset; criterion-level exclusion reason was not retained
HKUDS/LightRAG,1082,https://github.com/HKUDS/LightRAG/issues/1082,closed,Include,Present in released 654-issue dataset
HKUDS/LightRAG,1086,https://github.com/HKUDS/LightRAG/issues/1086,closed,Include,Present in released 654-issue dataset
HKUDS/LightRAG,1088,https://github.com/HKUDS/LightRAG/issues/1088,closed,Include,Present in released 654-issue dataset
HKUDS/LightRAG,1089,https://github.com/HKUDS/LightRAG/issues/1089,closed,Include,Present in released 654-issue dataset
HKUDS/LightRAG,1092,https://github.com/HKUDS/LightRAG/issues/1092,closed,Exclude,Absent from final dataset; criterion-level exclusion reason was not retained
HKUDS/LightRAG,1094,https://github.com/HKUDS/LightRAG/issues/1094,closed,Include,Present in released 654-issue dataset
HKUDS/LightRAG,1099,https://github.com/HKUDS/LightRAG/issues/1099,closed,Include,Present in released 654-issue dataset
HKUDS/LightRAG,1106,https://github.com/HKUDS/LightRAG/issues/1106,closed,Exclude,Absent from final dataset; criterion-level exclusion reason was not retained
HKUDS/LightRAG,1109,https://github.com/HKUDS/LightRAG/issues/1109,closed,Exclude,Absent from final dataset; criterion-level exclusion reason was not retained
HKUDS/LightRAG,1110,https://github.com/HKUDS/LightRAG/issues/1110,closed,Exclude,Absent from final dataset; criterion-level exclusion reason was not retained
HKUDS/LightRAG,1113,https://github.com/HKUDS/LightRAG/issues/1113,closed,Exclude,Absent from final dataset; criterion-level exclusion reason was not retained
HKUDS/LightRAG,1116,https://github.com/HKUDS/LightRAG/issues/1116,closed,Exclude,Absent from final dataset; criterion-level exclusion reason was not retained
HKUDS/LightRAG,1117,https://github.com/HKUDS/LightRAG/issues/1117,closed,Exclude,Absent from final dataset; criterion-level exclusion reason was not retained
HKUDS/LightRAG,1118,https://github.com/HKUDS/LightRAG/issues/1118,closed,Exclude,Absent from final dataset; criterion-level exclusion reason was not retained
HKUDS/LightRAG,1119,https://github.com/HKUDS/LightRAG/issues/1119,closed,Exclude,Absent from final dataset; criterion-level exclusion reason was not retained
HKUDS/LightRAG,1135,https://github.com/HKUDS/LightRAG/issues/1135,closed,Exclude,Absent from final dataset; criterion-level exclusion reason was not retained
HKUDS/LightRAG,1137,https://github.com/HKUDS/LightRAG/issues/1137,closed,Exclude,Absent from final dataset; criterion-level exclusion reason was not retained
HKUDS/LightRAG,1144,https://github.com/HKUDS/LightRAG/issues/1144,closed,Include,Present in released 654-issue dataset
HKUDS/LightRAG,1146,https://github.com/HKUDS/LightRAG/issues/1146,closed,Exclude,Absent from final dataset; criterion-level exclusion reason was not retained
HKUDS/LightRAG,1147,https://github.com/HKUDS/LightRAG/issues/1147,closed,Exclude,Absent from final dataset; criterion-level exclusion reason was not retained
HKUDS/LightRAG,1149,https://github.com/HKUDS/LightRAG/issues/1149,closed,Exclude,Absent from final dataset; criterion-level exclusion reason was not retained
HKUDS/LightRAG,1155,https://github.com/HKUDS/LightRAG/issues/1155,closed,Include,Present in released 654-issue dataset
HKUDS/LightRAG,1172,https://github.com/HKUDS/LightRAG/issues/1172,closed,Exclude,Absent from final dataset; criterion-level exclusion reason was not retained
HKUDS/LightRAG,1174,https://github.com/HKUDS/LightRAG/issues/1174,closed,Exclude,Absent from final dataset; criterion-level exclusion reason was not retained
HKUDS/LightRAG,1176,https://github.com/HKUDS/LightRAG/issues/1176,closed,Include,Present in released 654-issue dataset
HKUDS/LightRAG,1179,https://github.com/HKUDS/LightRAG/issues/1179,closed,Include,Present in released 654-issue dataset
HKUDS/LightRAG,1189,https://github.com/HKUDS/LightRAG/issues/1189,closed,Include,Present in released 654-issue dataset
HKUDS/LightRAG,1191,https://github.com/HKUDS/LightRAG/issues/1191,closed,Exclude,Absent from final dataset; criterion-level exclusion reason was not retained
HKUDS/LightRAG,1194,https://github.com/HKUDS/LightRAG/issues/1194,closed,Exclude,Absent from final dataset; criterion-level exclusion reason was not retained
HKUDS/LightRAG,1199,https://github.com/HKUDS/LightRAG/issues/1199,closed,Exclude,Absent from final dataset; criterion-level exclusion reason was not retained
HKUDS/LightRAG,1204,https://github.com/HKUDS/LightRAG/issues/1204,closed,Exclude,Absent from final dataset; criterion-level exclusion reason was not retained
HKUDS/LightRAG,1211,https://github.com/HKUDS/LightRAG/issues/1211,closed,Include,Present in released 654-issue dataset
HKUDS/LightRAG,1215,https://github.com/HKUDS/LightRAG/issues/1215,closed,Exclude,Absent from final dataset; criterion-level exclusion reason was not retained
HKUDS/LightRAG,1218,https://github.com/HKUDS/LightRAG/issues/1218,closed,Exclude,Absent from final dataset; criterion-level exclusion reason was not retained
HKUDS/LightRAG,1231,https://github.com/HKUDS/LightRAG/issues/1231,closed,Exclude,Absent from final dataset; criterion-level exclusion reason was not retained
HKUDS/LightRAG,1241,https://github.com/HKUDS/LightRAG/issues/1241,closed,Include,Present in released 654-issue dataset
HKUDS/LightRAG,1246,https://github.com/HKUDS/LightRAG/issues/1246,closed,Exclude,Absent from final dataset; criterion-level exclusion reason was not retained
HKUDS/LightRAG,1251,https://github.com/HKUDS/LightRAG/issues/1251,closed,Include,Present in released 654-issue dataset
HKUDS/LightRAG,1263,https://github.com/HKUDS/LightRAG/issues/1263,closed,Exclude,Absent from final dataset; criterion-level exclusion reason was not retained
HKUDS/LightRAG,1294,https://github.com/HKUDS/LightRAG/issues/1294,closed,Exclude,Absent from final dataset; criterion-level exclusion reason was not retained
HKUDS/LightRAG,1297,https://github.com/HKUDS/LightRAG/issues/1297,closed,Exclude,Absent from final dataset; criterion-level exclusion reason was not retained
HKUDS/LightRAG,1300,https://github.com/HKUDS/LightRAG/issues/1300,closed,Exclude,Absent from final dataset; criterion-level exclusion reason was not retained
HKUDS/LightRAG,1306,https://github.com/HKUDS/LightRAG/issues/1306,closed,Include,Present in released 654-issue dataset
HKUDS/LightRAG,1312,https://github.com/HKUDS/LightRAG/issues/1312,closed,Exclude,Absent from final dataset; criterion-level exclusion reason was not retained
HKUDS/LightRAG,1313,https://github.com/HKUDS/LightRAG/issues/1313,closed,Exclude,Absent from final dataset; criterion-level exclusion reason was not retained
HKUDS/LightRAG,1321,https://github.com/HKUDS/LightRAG/issues/1321,closed,Include,Present in released 654-issue dataset
HKUDS/LightRAG,1327,https://github.com/HKUDS/LightRAG/issues/1327,closed,Include,Present in released 654-issue dataset
HKUDS/LightRAG,1344,https://github.com/HKUDS/LightRAG/issues/1344,closed,Exclude,Absent from final dataset; criterion-level exclusion reason was not retained
HKUDS/LightRAG,1348,https://github.com/HKUDS/LightRAG/issues/1348,closed,Exclude,Absent from final dataset; criterion-level exclusion reason was not retained
HKUDS/LightRAG,1358,https://github.com/HKUDS/LightRAG/issues/1358,closed,Exclude,Absent from final dataset; criterion-level exclusion reason was not retained
HKUDS/LightRAG,1365,https://github.com/HKUDS/LightRAG/issues/1365,closed,Exclude,Absent from final dataset; criterion-level exclusion reason was not retained
HKUDS/LightRAG,1368,https://github.com/HKUDS/LightRAG/issues/1368,closed,Exclude,Absent from final dataset; criterion-level exclusion reason was not retained
HKUDS/LightRAG,1373,https://github.com/HKUDS/LightRAG/issues/1373,closed,Exclude,Absent from final dataset; criterion-level exclusion reason was not retained
HKUDS/LightRAG,1378,https://github.com/HKUDS/LightRAG/issues/1378,closed,Exclude,Absent from final dataset; criterion-level exclusion reason was not retained
HKUDS/LightRAG,1386,https://github.com/HKUDS/LightRAG/issues/1386,closed,Include,Present in released 654-issue dataset
HKUDS/LightRAG,1388,https://github.com/HKUDS/LightRAG/issues/1388,closed,Exclude,Absent from final dataset; criterion-level exclusion reason was not retained
HKUDS/LightRAG,1397,https://github.com/HKUDS/LightRAG/issues/1397,closed,Exclude,Absent from final dataset; criterion-level exclusion reason was not retained
HKUDS/LightRAG,1408,https://github.com/HKUDS/LightRAG/issues/1408,closed,Exclude,Absent from final dataset; criterion-level exclusion reason was not retained
HKUDS/LightRAG,1410,https://github.com/HKUDS/LightRAG/issues/1410,closed,Exclude,Absent from final dataset; criterion-level exclusion reason was not retained
HKUDS/LightRAG,1416,https://github.com/HKUDS/LightRAG/issues/1416,closed,Exclude,Absent from final dataset; criterion-level exclusion reason was not retained
HKUDS/LightRAG,1428,https://github.com/HKUDS/LightRAG/issues/1428,closed,Exclude,Absent from final dataset; criterion-level exclusion reason was not retained
HKUDS/LightRAG,1429,https://github.com/HKUDS/LightRAG/issues/1429,closed,Include,Present in released 654-issue dataset
HKUDS/LightRAG,1438,https://github.com/HKUDS/LightRAG/issues/1438,closed,Include,Present in released 654-issue dataset
HKUDS/LightRAG,1439,https://github.com/HKUDS/LightRAG/issues/1439,closed,Exclude,Absent from final dataset; criterion-level exclusion reason was not retained
HKUDS/LightRAG,1448,https://github.com/HKUDS/LightRAG/issues/1448,closed,Exclude,Absent from final dataset; criterion-level exclusion reason was not retained
HKUDS/LightRAG,1450,https://github.com/HKUDS/LightRAG/issues/1450,closed,Exclude,Absent from final dataset; criterion-level exclusion reason was not retained
HKUDS/LightRAG,1455,https://github.com/HKUDS/LightRAG/issues/1455,closed,Exclude,Absent from final dataset; criterion-level exclusion reason was not retained
HKUDS/LightRAG,1457,https://github.com/HKUDS/LightRAG/issues/1457,closed,Exclude,Absent from final dataset; criterion-level exclusion reason was not retained
HKUDS/LightRAG,1462,https://github.com/HKUDS/LightRAG/issues/1462,closed,Exclude,Absent from final dataset; criterion-level exclusion reason was not retained
HKUDS/LightRAG,1464,https://github.com/HKUDS/LightRAG/issues/1464,closed,Exclude,Absent from final dataset; criterion-level exclusion reason was not retained
HKUDS/LightRAG,1469,https://github.com/HKUDS/LightRAG/issues/1469,closed,Exclude,Absent from final dataset; criterion-level exclusion reason was not retained
HKUDS/LightRAG,1485,https://github.com/HKUDS/LightRAG/issues/1485,closed,Exclude,Absent from final dataset; criterion-level exclusion reason was not retained
HKUDS/LightRAG,1487,https://github.com/HKUDS/LightRAG/issues/1487,closed,Exclude,Absent from final dataset; criterion-level exclusion reason was not retained
HKUDS/LightRAG,1491,https://github.com/HKUDS/LightRAG/issues/1491,closed,Exclude,Absent from final dataset; criterion-level exclusion reason was not retained
HKUDS/LightRAG,1495,https://github.com/HKUDS/LightRAG/issues/1495,closed,Include,Present in released 654-issue dataset
HKUDS/LightRAG,1496,https://github.com/HKUDS/LightRAG/issues/1496,closed,Exclude,Absent from final dataset; criterion-level exclusion reason was not retained
HKUDS/LightRAG,1497,https://github.com/HKUDS/LightRAG/issues/1497,closed,Exclude,Absent from final dataset; criterion-level exclusion reason was not retained
HKUDS/LightRAG,1498,https://github.com/HKUDS/LightRAG/issues/1498,closed,Include,Present in released 654-issue dataset
HKUDS/LightRAG,1506,https://github.com/HKUDS/LightRAG/issues/1506,closed,Exclude,Absent from final dataset; criterion-level exclusion reason was not retained
HKUDS/LightRAG,1509,https://github.com/HKUDS/LightRAG/issues/1509,closed,Include,Present in released 654-issue dataset
HKUDS/LightRAG,1520,https://github.com/HKUDS/LightRAG/issues/1520,closed,Exclude,Absent from final dataset; criterion-level exclusion reason was not retained
HKUDS/LightRAG,1530,https://github.com/HKUDS/LightRAG/issues/1530,closed,Exclude,Absent from final dataset; criterion-level exclusion reason was not retained
HKUDS/LightRAG,1532,https://github.com/HKUDS/LightRAG/issues/1532,closed,Exclude,Absent from final dataset; criterion-level exclusion reason was not retained
HKUDS/LightRAG,1536,https://github.com/HKUDS/LightRAG/issues/1536,closed,Include,Present in released 654-issue dataset
HKUDS/LightRAG,1543,https://github.com/HKUDS/LightRAG/issues/1543,closed,Exclude,Absent from final dataset; criterion-level exclusion reason was not retained
HKUDS/LightRAG,1551,https://github.com/HKUDS/LightRAG/issues/1551,closed,Exclude,Absent from final dataset; criterion-level exclusion reason was not retained
HKUDS/LightRAG,1556,https://github.com/HKUDS/LightRAG/issues/1556,closed,Exclude,Absent from final dataset; criterion-level exclusion reason was not retained
HKUDS/LightRAG,1557,https://github.com/HKUDS/LightRAG/issues/1557,closed,Exclude,Absent from final dataset; criterion-level exclusion reason was not retained
HKUDS/LightRAG,1560,https://github.com/HKUDS/LightRAG/issues/1560,closed,Include,Present in released 654-issue dataset
HKUDS/LightRAG,1563,https://github.com/HKUDS/LightRAG/issues/1563,closed,Exclude,Absent from final dataset; criterion-level exclusion reason was not retained
HKUDS/LightRAG,1565,https://github.com/HKUDS/LightRAG/issues/1565,closed,Include,Present in released 654-issue dataset
HKUDS/LightRAG,1567,https://github.com/HKUDS/LightRAG/issues/1567,closed,Include,Present in released 654-issue dataset
HKUDS/LightRAG,1569,https://github.com/HKUDS/LightRAG/issues/1569,closed,Include,Present in released 654-issue dataset
HKUDS/LightRAG,1573,https://github.com/HKUDS/LightRAG/issues/1573,closed,Include,Present in released 654-issue dataset
HKUDS/LightRAG,1574,https://github.com/HKUDS/LightRAG/issues/1574,closed,Include,Present in released 654-issue dataset
HKUDS/LightRAG,1588,https://github.com/HKUDS/LightRAG/issues/1588,closed,Exclude,Absent from final dataset; criterion-level exclusion reason was not retained
HKUDS/LightRAG,1594,https://github.com/HKUDS/LightRAG/issues/1594,closed,Include,Present in released 654-issue dataset
HKUDS/LightRAG,1600,https://github.com/HKUDS/LightRAG/issues/1600,closed,Exclude,Absent from final dataset; criterion-level exclusion reason was not retained
HKUDS/LightRAG,1601,https://github.com/HKUDS/LightRAG/issues/1601,closed,Exclude,Absent from final dataset; criterion-level exclusion reason was not retained
HKUDS/LightRAG,1611,https://github.com/HKUDS/LightRAG/issues/1611,closed,Exclude,Absent from final dataset; criterion-level exclusion reason was not retained
HKUDS/LightRAG,1612,https://github.com/HKUDS/LightRAG/issues/1612,closed,Exclude,Absent from final dataset; criterion-level exclusion reason was not retained
HKUDS/LightRAG,1613,https://github.com/HKUDS/LightRAG/issues/1613,closed,Include,Present in released 654-issue dataset
HKUDS/LightRAG,1614,https://github.com/HKUDS/LightRAG/issues/1614,closed,Exclude,Absent from final dataset; criterion-level exclusion reason was not retained
HKUDS/LightRAG,1617,https://github.com/HKUDS/LightRAG/issues/1617,closed,Exclude,Absent from final dataset; criterion-level exclusion reason was not retained
HKUDS/LightRAG,1622,https://github.com/HKUDS/LightRAG/issues/1622,closed,Exclude,Absent from final dataset; criterion-level exclusion reason was not retained
HKUDS/LightRAG,1625,https://github.com/HKUDS/LightRAG/issues/1625,closed,Exclude,Absent from final dataset; criterion-level exclusion reason was not retained
HKUDS/LightRAG,1630,https://github.com/HKUDS/LightRAG/issues/1630,closed,Include,Present in released 654-issue dataset
HKUDS/LightRAG,1636,https://github.com/HKUDS/LightRAG/issues/1636,closed,Exclude,Absent from final dataset; criterion-level exclusion reason was not retained
HKUDS/LightRAG,1638,https://github.com/HKUDS/LightRAG/issues/1638,closed,Exclude,Absent from final dataset; criterion-level exclusion reason was not retained
HKUDS/LightRAG,1640,https://github.com/HKUDS/LightRAG/issues/1640,closed,Exclude,Absent from final dataset; criterion-level exclusion reason was not retained
HKUDS/LightRAG,1649,https://github.com/HKUDS/LightRAG/issues/1649,closed,Exclude,Absent from final dataset; criterion-level exclusion reason was not retained
HKUDS/LightRAG,1664,https://github.com/HKUDS/LightRAG/issues/1664,closed,Exclude,Absent from final dataset; criterion-level exclusion reason was not retained
HKUDS/LightRAG,1666,https://github.com/HKUDS/LightRAG/issues/1666,closed,Include,Present in released 654-issue dataset
HKUDS/LightRAG,1668,https://github.com/HKUDS/LightRAG/issues/1668,closed,Include,Present in released 654-issue dataset
HKUDS/LightRAG,1687,https://github.com/HKUDS/LightRAG/issues/1687,closed,Include,Present in released 654-issue dataset
HKUDS/LightRAG,1689,https://github.com/HKUDS/LightRAG/issues/1689,closed,Exclude,Absent from final dataset; criterion-level exclusion reason was not retained
HKUDS/LightRAG,1692,https://github.com/HKUDS/LightRAG/issues/1692,closed,Exclude,Absent from final dataset; criterion-level exclusion reason was not retained
HKUDS/LightRAG,1694,https://github.com/HKUDS/LightRAG/issues/1694,closed,Exclude,Absent from final dataset; criterion-level exclusion reason was not retained
HKUDS/LightRAG,1695,https://github.com/HKUDS/LightRAG/issues/1695,closed,Exclude,Absent from final dataset; criterion-level exclusion reason was not retained
HKUDS/LightRAG,1708,https://github.com/HKUDS/LightRAG/issues/1708,closed,Exclude,Absent from final dataset; criterion-level exclusion reason was not retained
HKUDS/LightRAG,1723,https://github.com/HKUDS/LightRAG/issues/1723,closed,Exclude,Absent from final dataset; criterion-level exclusion reason was not retained
HKUDS/LightRAG,1731,https://github.com/HKUDS/LightRAG/issues/1731,closed,Include,Present in released 654-issue dataset
HKUDS/LightRAG,1742,https://github.com/HKUDS/LightRAG/issues/1742,closed,Include,Present in released 654-issue dataset
HKUDS/LightRAG,1745,https://github.com/HKUDS/LightRAG/issues/1745,closed,Include,Present in released 654-issue dataset
HKUDS/LightRAG,1780,https://github.com/HKUDS/LightRAG/issues/1780,closed,Exclude,Absent from final dataset; criterion-level exclusion reason was not retained
HKUDS/LightRAG,1785,https://github.com/HKUDS/LightRAG/issues/1785,closed,Include,Present in released 654-issue dataset
HKUDS/LightRAG,1789,https://github.com/HKUDS/LightRAG/issues/1789,closed,Include,Present in released 654-issue dataset
HKUDS/LightRAG,1798,https://github.com/HKUDS/LightRAG/issues/1798,closed,Include,Present in released 654-issue dataset
HKUDS/LightRAG,1800,https://github.com/HKUDS/LightRAG/issues/1800,closed,Include,Present in released 654-issue dataset
HKUDS/LightRAG,1806,https://github.com/HKUDS/LightRAG/issues/1806,closed,Exclude,Absent from final dataset; criterion-level exclusion reason was not retained
HKUDS/LightRAG,1813,https://github.com/HKUDS/LightRAG/issues/1813,closed,Include,Present in released 654-issue dataset
HKUDS/LightRAG,1837,https://github.com/HKUDS/LightRAG/issues/1837,closed,Exclude,Absent from final dataset; criterion-level exclusion reason was not retained
HKUDS/LightRAG,1857,https://github.com/HKUDS/LightRAG/issues/1857,closed,Exclude,Absent from final dataset; criterion-level exclusion reason was not retained
HKUDS/LightRAG,1858,https://github.com/HKUDS/LightRAG/issues/1858,closed,Include,Present in released 654-issue dataset
HKUDS/LightRAG,1866,https://github.com/HKUDS/LightRAG/issues/1866,closed,Exclude,Absent from final dataset; criterion-level exclusion reason was not retained
HKUDS/LightRAG,1880,https://github.com/HKUDS/LightRAG/issues/1880,closed,Include,Present in released 654-issue dataset
HKUDS/LightRAG,1887,https://github.com/HKUDS/LightRAG/issues/1887,closed,Exclude,Absent from final dataset; criterion-level exclusion reason was not retained
logancyang/obsidian-copilot,1,https://github.com/logancyang/obsidian-copilot/issues/1,closed,Exclude,Absent from final dataset; criterion-level exclusion reason was not retained
logancyang/obsidian-copilot,2,https://github.com/logancyang/obsidian-copilot/issues/2,closed,Exclude,Absent from final dataset; criterion-level exclusion reason was not retained
logancyang/obsidian-copilot,5,https://github.com/logancyang/obsidian-copilot/issues/5,closed,Exclude,Absent from final dataset; criterion-level exclusion reason was not retained
logancyang/obsidian-copilot,7,https://github.com/logancyang/obsidian-copilot/issues/7,closed,Include,Present in released 654-issue dataset
logancyang/obsidian-copilot,8,https://github.com/logancyang/obsidian-copilot/issues/8,closed,Exclude,Absent from final dataset; criterion-level exclusion reason was not retained
logancyang/obsidian-copilot,11,https://github.com/logancyang/obsidian-copilot/issues/11,closed,Exclude,Absent from final dataset; criterion-level exclusion reason was not retained
logancyang/obsidian-copilot,14,https://github.com/logancyang/obsidian-copilot/issues/14,closed,Exclude,Absent from final dataset; criterion-level exclusion reason was not retained
logancyang/obsidian-copilot,37,https://github.com/logancyang/obsidian-copilot/issues/37,closed,Include,Present in released 654-issue dataset
logancyang/obsidian-copilot,46,https://github.com/logancyang/obsidian-copilot/issues/46,closed,Exclude,Absent from final dataset; criterion-level exclusion reason was not retained
logancyang/obsidian-copilot,51,https://github.com/logancyang/obsidian-copilot/issues/51,closed,Exclude,Absent from final dataset; criterion-level exclusion reason was not retained
logancyang/obsidian-copilot,52,https://github.com/logancyang/obsidian-copilot/issues/52,closed,Exclude,Absent from final dataset; criterion-level exclusion reason was not retained
logancyang/obsidian-copilot,68,https://github.com/logancyang/obsidian-copilot/issues/68,closed,Exclude,Absent from final dataset; criterion-level exclusion reason was not retained
logancyang/obsidian-copilot,69,https://github.com/logancyang/obsidian-copilot/issues/69,closed,Exclude,Absent from final dataset; criterion-level exclusion reason was not retained
logancyang/obsidian-copilot,71,https://github.com/logancyang/obsidian-copilot/issues/71,closed,Exclude,Absent from final dataset; criterion-level exclusion reason was not retained
logancyang/obsidian-copilot,72,https://github.com/logancyang/obsidian-copilot/issues/72,closed,Exclude,Absent from final dataset; criterion-level exclusion reason was not retained
logancyang/obsidian-copilot,73,https://github.com/logancyang/obsidian-copilot/issues/73,closed,Include,Present in released 654-issue dataset
logancyang/obsidian-copilot,76,https://github.com/logancyang/obsidian-copilot/issues/76,closed,Exclude,Absent from final dataset; criterion-level exclusion reason was not retained
logancyang/obsidian-copilot,79,https://github.com/logancyang/obsidian-copilot/issues/79,closed,Exclude,Absent from final dataset; criterion-level exclusion reason was not retained
logancyang/obsidian-copilot,85,https://github.com/logancyang/obsidian-copilot/issues/85,closed,Exclude,Absent from final dataset; criterion-level exclusion reason was not retained
logancyang/obsidian-copilot,87,https://github.com/logancyang/obsidian-copilot/issues/87,closed,Exclude,Absent from final dataset; criterion-level exclusion reason was not retained
logancyang/obsidian-copilot,92,https://github.com/logancyang/obsidian-copilot/issues/92,closed,Exclude,Absent from final dataset; criterion-level exclusion reason was not retained
logancyang/obsidian-copilot,94,https://github.com/logancyang/obsidian-copilot/issues/94,closed,Exclude,Absent from final dataset; criterion-level exclusion reason was not retained
logancyang/obsidian-copilot,98,https://github.com/logancyang/obsidian-copilot/issues/98,closed,Exclude,Absent from final dataset; criterion-level exclusion reason was not retained
logancyang/obsidian-copilot,99,https://github.com/logancyang/obsidian-copilot/issues/99,closed,Exclude,Absent from final dataset; criterion-level exclusion reason was not retained
logancyang/obsidian-copilot,101,https://github.com/logancyang/obsidian-copilot/issues/101,closed,Exclude,Absent from final dataset; criterion-level exclusion reason was not retained
logancyang/obsidian-copilot,102,https://github.com/logancyang/obsidian-copilot/issues/102,closed,Exclude,Absent from final dataset; criterion-level exclusion reason was not retained
logancyang/obsidian-copilot,103,https://github.com/logancyang/obsidian-copilot/issues/103,closed,Exclude,Absent from final dataset; criterion-level exclusion reason was not retained
logancyang/obsidian-copilot,104,https://github.com/logancyang/obsidian-copilot/issues/104,closed,Include,Present in released 654-issue dataset
logancyang/obsidian-copilot,106,https://github.com/logancyang/obsidian-copilot/issues/106,closed,Exclude,Absent from final dataset; criterion-level exclusion reason was not retained
logancyang/obsidian-copilot,115,https://github.com/logancyang/obsidian-copilot/issues/115,closed,Exclude,Absent from final dataset; criterion-level exclusion reason was not retained
logancyang/obsidian-copilot,118,https://github.com/logancyang/obsidian-copilot/issues/118,closed,Include,Present in released 654-issue dataset
logancyang/obsidian-copilot,121,https://github.com/logancyang/obsidian-copilot/issues/121,closed,Exclude,Absent from final dataset; criterion-level exclusion reason was not retained
logancyang/obsidian-copilot,129,https://github.com/logancyang/obsidian-copilot/issues/129,closed,Include,Present in released 654-issue dataset
logancyang/obsidian-copilot,134,https://github.com/logancyang/obsidian-copilot/issues/134,closed,Exclude,Absent from final dataset; criterion-level exclusion reason was not retained
logancyang/obsidian-copilot,135,https://github.com/logancyang/obsidian-copilot/issues/135,closed,Exclude,Absent from final dataset; criterion-level exclusion reason was not retained
logancyang/obsidian-copilot,136,https://github.com/logancyang/obsidian-copilot/issues/136,closed,Exclude,Absent from final dataset; criterion-level exclusion reason was not retained
logancyang/obsidian-copilot,137,https://github.com/logancyang/obsidian-copilot/issues/137,closed,Exclude,Absent from final dataset; criterion-level exclusion reason was not retained
logancyang/obsidian-copilot,138,https://github.com/logancyang/obsidian-copilot/issues/138,closed,Exclude,Absent from final dataset; criterion-level exclusion reason was not retained
logancyang/obsidian-copilot,140,https://github.com/logancyang/obsidian-copilot/issues/140,closed,Exclude,Absent from final dataset; criterion-level exclusion reason was not retained
logancyang/obsidian-copilot,144,https://github.com/logancyang/obsidian-copilot/issues/144,closed,Include,Present in released 654-issue dataset
logancyang/obsidian-copilot,145,https://github.com/logancyang/obsidian-copilot/issues/145,closed,Exclude,Absent from final dataset; criterion-level exclusion reason was not retained
logancyang/obsidian-copilot,147,https://github.com/logancyang/obsidian-copilot/issues/147,closed,Exclude,Absent from final dataset; criterion-level exclusion reason was not retained
logancyang/obsidian-copilot,151,https://github.com/logancyang/obsidian-copilot/issues/151,closed,Exclude,Absent from final dataset; criterion-level exclusion reason was not retained
logancyang/obsidian-copilot,154,https://github.com/logancyang/obsidian-copilot/issues/154,closed,Exclude,Absent from final dataset; criterion-level exclusion reason was not retained
logancyang/obsidian-copilot,156,https://github.com/logancyang/obsidian-copilot/issues/156,closed,Exclude,Absent from final dataset; criterion-level exclusion reason was not retained
logancyang/obsidian-copilot,157,https://github.com/logancyang/obsidian-copilot/issues/157,closed,Exclude,Absent from final dataset; criterion-level exclusion reason was not retained
logancyang/obsidian-copilot,159,https://github.com/logancyang/obsidian-copilot/issues/159,closed,Exclude,Absent from final dataset; criterion-level exclusion reason was not retained
logancyang/obsidian-copilot,161,https://github.com/logancyang/obsidian-copilot/issues/161,closed,Exclude,Absent from final dataset; criterion-level exclusion reason was not retained
logancyang/obsidian-copilot,164,https://github.com/logancyang/obsidian-copilot/issues/164,closed,Exclude,Absent from final dataset; criterion-level exclusion reason was not retained
logancyang/obsidian-copilot,167,https://github.com/logancyang/obsidian-copilot/issues/167,closed,Exclude,Absent from final dataset; criterion-level exclusion reason was not retained
logancyang/obsidian-copilot,168,https://github.com/logancyang/obsidian-copilot/issues/168,closed,Exclude,Absent from final dataset; criterion-level exclusion reason was not retained
logancyang/obsidian-copilot,171,https://github.com/logancyang/obsidian-copilot/issues/171,closed,Exclude,Absent from final dataset; criterion-level exclusion reason was not retained
logancyang/obsidian-copilot,175,https://github.com/logancyang/obsidian-copilot/issues/175,closed,Exclude,Absent from final dataset; criterion-level exclusion reason was not retained
logancyang/obsidian-copilot,178,https://github.com/logancyang/obsidian-copilot/issues/178,closed,Exclude,Absent from final dataset; criterion-level exclusion reason was not retained
logancyang/obsidian-copilot,185,https://github.com/logancyang/obsidian-copilot/issues/185,closed,Exclude,Absent from final dataset; criterion-level exclusion reason was not retained
logancyang/obsidian-copilot,190,https://github.com/logancyang/obsidian-copilot/issues/190,closed,Exclude,Absent from final dataset; criterion-level exclusion reason was not retained
logancyang/obsidian-copilot,196,https://github.com/logancyang/obsidian-copilot/issues/196,closed,Exclude,Absent from final dataset; criterion-level exclusion reason was not retained
logancyang/obsidian-copilot,198,https://github.com/logancyang/obsidian-copilot/issues/198,closed,Exclude,Absent from final dataset; criterion-level exclusion reason was not retained
logancyang/obsidian-copilot,199,https://github.com/logancyang/obsidian-copilot/issues/199,closed,Exclude,Absent from final dataset; criterion-level exclusion reason was not retained
logancyang/obsidian-copilot,200,https://github.com/logancyang/obsidian-copilot/issues/200,closed,Exclude,Absent from final dataset; criterion-level exclusion reason was not retained
logancyang/obsidian-copilot,201,https://github.com/logancyang/obsidian-copilot/issues/201,closed,Exclude,Absent from final dataset; criterion-level exclusion reason was not retained
logancyang/obsidian-copilot,206,https://github.com/logancyang/obsidian-copilot/issues/206,closed,Exclude,Absent from final dataset; criterion-level exclusion reason was not retained
logancyang/obsidian-copilot,208,https://github.com/logancyang/obsidian-copilot/issues/208,closed,Exclude,Absent from final dataset; criterion-level exclusion reason was not retained
logancyang/obsidian-copilot,211,https://github.com/logancyang/obsidian-copilot/issues/211,closed,Exclude,Absent from final dataset; criterion-level exclusion reason was not retained
logancyang/obsidian-copilot,214,https://github.com/logancyang/obsidian-copilot/issues/214,closed,Exclude,Absent from final dataset; criterion-level exclusion reason was not retained
logancyang/obsidian-copilot,216,https://github.com/logancyang/obsidian-copilot/issues/216,closed,Exclude,Absent from final dataset; criterion-level exclusion reason was not retained
logancyang/obsidian-copilot,223,https://github.com/logancyang/obsidian-copilot/issues/223,closed,Exclude,Absent from final dataset; criterion-level exclusion reason was not retained
logancyang/obsidian-copilot,232,https://github.com/logancyang/obsidian-copilot/issues/232,closed,Exclude,Absent from final dataset; criterion-level exclusion reason was not retained
logancyang/obsidian-copilot,233,https://github.com/logancyang/obsidian-copilot/issues/233,closed,Exclude,Absent from final dataset; criterion-level exclusion reason was not retained
logancyang/obsidian-copilot,235,https://github.com/logancyang/obsidian-copilot/issues/235,closed,Exclude,Absent from final dataset; criterion-level exclusion reason was not retained
logancyang/obsidian-copilot,239,https://github.com/logancyang/obsidian-copilot/issues/239,closed,Exclude,Absent from final dataset; criterion-level exclusion reason was not retained
logancyang/obsidian-copilot,247,https://github.com/logancyang/obsidian-copilot/issues/247,closed,Exclude,Absent from final dataset; criterion-level exclusion reason was not retained
logancyang/obsidian-copilot,249,https://github.com/logancyang/obsidian-copilot/issues/249,closed,Exclude,Absent from final dataset; criterion-level exclusion reason was not retained
logancyang/obsidian-copilot,251,https://github.com/logancyang/obsidian-copilot/issues/251,closed,Exclude,Absent from final dataset; criterion-level exclusion reason was not retained
logancyang/obsidian-copilot,256,https://github.com/logancyang/obsidian-copilot/issues/256,closed,Include,Present in released 654-issue dataset
logancyang/obsidian-copilot,260,https://github.com/logancyang/obsidian-copilot/issues/260,closed,Exclude,Absent from final dataset; criterion-level exclusion reason was not retained
logancyang/obsidian-copilot,262,https://github.com/logancyang/obsidian-copilot/issues/262,closed,Exclude,Absent from final dataset; criterion-level exclusion reason was not retained
logancyang/obsidian-copilot,268,https://github.com/logancyang/obsidian-copilot/issues/268,closed,Exclude,Absent from final dataset; criterion-level exclusion reason was not retained
logancyang/obsidian-copilot,269,https://github.com/logancyang/obsidian-copilot/issues/269,closed,Exclude,Absent from final dataset; criterion-level exclusion reason was not retained
logancyang/obsidian-copilot,271,https://github.com/logancyang/obsidian-copilot/issues/271,closed,Exclude,Absent from final dataset; criterion-level exclusion reason was not retained
logancyang/obsidian-copilot,273,https://github.com/logancyang/obsidian-copilot/issues/273,closed,Exclude,Absent from final dataset; criterion-level exclusion reason was not retained
logancyang/obsidian-copilot,274,https://github.com/logancyang/obsidian-copilot/issues/274,closed,Exclude,Absent from final dataset; criterion-level exclusion reason was not retained
logancyang/obsidian-copilot,275,https://github.com/logancyang/obsidian-copilot/issues/275,closed,Exclude,Absent from final dataset; criterion-level exclusion reason was not retained
logancyang/obsidian-copilot,277,https://github.com/logancyang/obsidian-copilot/issues/277,closed,Exclude,Absent from final dataset; criterion-level exclusion reason was not retained
logancyang/obsidian-copilot,278,https://github.com/logancyang/obsidian-copilot/issues/278,closed,Exclude,Absent from final dataset; criterion-level exclusion reason was not retained
logancyang/obsidian-copilot,286,https://github.com/logancyang/obsidian-copilot/issues/286,closed,Exclude,Absent from final dataset; criterion-level exclusion reason was not retained
logancyang/obsidian-copilot,289,https://github.com/logancyang/obsidian-copilot/issues/289,closed,Exclude,Absent from final dataset; criterion-level exclusion reason was not retained
logancyang/obsidian-copilot,292,https://github.com/logancyang/obsidian-copilot/issues/292,closed,Exclude,Absent from final dataset; criterion-level exclusion reason was not retained
logancyang/obsidian-copilot,294,https://github.com/logancyang/obsidian-copilot/issues/294,closed,Exclude,Absent from final dataset; criterion-level exclusion reason was not retained
logancyang/obsidian-copilot,301,https://github.com/logancyang/obsidian-copilot/issues/301,closed,Exclude,Absent from final dataset; criterion-level exclusion reason was not retained
logancyang/obsidian-copilot,302,https://github.com/logancyang/obsidian-copilot/issues/302,closed,Exclude,Absent from final dataset; criterion-level exclusion reason was not retained
logancyang/obsidian-copilot,319,https://github.com/logancyang/obsidian-copilot/issues/319,closed,Exclude,Absent from final dataset; criterion-level exclusion reason was not retained
logancyang/obsidian-copilot,331,https://github.com/logancyang/obsidian-copilot/issues/331,closed,Exclude,Absent from final dataset; criterion-level exclusion reason was not retained
logancyang/obsidian-copilot,332,https://github.com/logancyang/obsidian-copilot/issues/332,closed,Exclude,Absent from final dataset; criterion-level exclusion reason was not retained
logancyang/obsidian-copilot,333,https://github.com/logancyang/obsidian-copilot/issues/333,closed,Exclude,Absent from final dataset; criterion-level exclusion reason was not retained
logancyang/obsidian-copilot,335,https://github.com/logancyang/obsidian-copilot/issues/335,closed,Include,Present in released 654-issue dataset
logancyang/obsidian-copilot,336,https://github.com/logancyang/obsidian-copilot/issues/336,closed,Exclude,Absent from final dataset; criterion-level exclusion reason was not retained
logancyang/obsidian-copilot,340,https://github.com/logancyang/obsidian-copilot/issues/340,closed,Include,Present in released 654-issue dataset
logancyang/obsidian-copilot,360,https://github.com/logancyang/obsidian-copilot/issues/360,closed,Include,Present in released 654-issue dataset
logancyang/obsidian-copilot,361,https://github.com/logancyang/obsidian-copilot/issues/361,closed,Exclude,Absent from final dataset; criterion-level exclusion reason was not retained
logancyang/obsidian-copilot,369,https://github.com/logancyang/obsidian-copilot/issues/369,closed,Exclude,Absent from final dataset; criterion-level exclusion reason was not retained
logancyang/obsidian-copilot,372,https://github.com/logancyang/obsidian-copilot/issues/372,closed,Exclude,Absent from final dataset; criterion-level exclusion reason was not retained
logancyang/obsidian-copilot,379,https://github.com/logancyang/obsidian-copilot/issues/379,closed,Exclude,Absent from final dataset; criterion-level exclusion reason was not retained
logancyang/obsidian-copilot,381,https://github.com/logancyang/obsidian-copilot/issues/381,closed,Exclude,Absent from final dataset; criterion-level exclusion reason was not retained
logancyang/obsidian-copilot,382,https://github.com/logancyang/obsidian-copilot/issues/382,closed,Exclude,Absent from final dataset; criterion-level exclusion reason was not retained
logancyang/obsidian-copilot,383,https://github.com/logancyang/obsidian-copilot/issues/383,closed,Exclude,Absent from final dataset; criterion-level exclusion reason was not retained
logancyang/obsidian-copilot,388,https://github.com/logancyang/obsidian-copilot/issues/388,closed,Exclude,Absent from final dataset; criterion-level exclusion reason was not retained
logancyang/obsidian-copilot,390,https://github.com/logancyang/obsidian-copilot/issues/390,closed,Exclude,Absent from final dataset; criterion-level exclusion reason was not retained
logancyang/obsidian-copilot,393,https://github.com/logancyang/obsidian-copilot/issues/393,closed,Exclude,Absent from final dataset; criterion-level exclusion reason was not retained
logancyang/obsidian-copilot,397,https://github.com/logancyang/obsidian-copilot/issues/397,closed,Exclude,Absent from final dataset; criterion-level exclusion reason was not retained
logancyang/obsidian-copilot,401,https://github.com/logancyang/obsidian-copilot/issues/401,closed,Exclude,Absent from final dataset; criterion-level exclusion reason was not retained
logancyang/obsidian-copilot,402,https://github.com/logancyang/obsidian-copilot/issues/402,closed,Exclude,Absent from final dataset; criterion-level exclusion reason was not retained
logancyang/obsidian-copilot,405,https://github.com/logancyang/obsidian-copilot/issues/405,closed,Exclude,Absent from final dataset; criterion-level exclusion reason was not retained
logancyang/obsidian-copilot,406,https://github.com/logancyang/obsidian-copilot/issues/406,closed,Exclude,Absent from final dataset; criterion-level exclusion reason was not retained
logancyang/obsidian-copilot,408,https://github.com/logancyang/obsidian-copilot/issues/408,closed,Exclude,Absent from final dataset; criterion-level exclusion reason was not retained
logancyang/obsidian-copilot,409,https://github.com/logancyang/obsidian-copilot/issues/409,closed,Exclude,Absent from final dataset; criterion-level exclusion reason was not retained
logancyang/obsidian-copilot,410,https://github.com/logancyang/obsidian-copilot/issues/410,closed,Exclude,Absent from final dataset; criterion-level exclusion reason was not retained
logancyang/obsidian-copilot,413,https://github.com/logancyang/obsidian-copilot/issues/413,closed,Exclude,Absent from final dataset; criterion-level exclusion reason was not retained
logancyang/obsidian-copilot,414,https://github.com/logancyang/obsidian-copilot/issues/414,closed,Exclude,Absent from final dataset; criterion-level exclusion reason was not retained
logancyang/obsidian-copilot,415,https://github.com/logancyang/obsidian-copilot/issues/415,closed,Exclude,Absent from final dataset; criterion-level exclusion reason was not retained
logancyang/obsidian-copilot,424,https://github.com/logancyang/obsidian-copilot/issues/424,closed,Exclude,Absent from final dataset; criterion-level exclusion reason was not retained
logancyang/obsidian-copilot,427,https://github.com/logancyang/obsidian-copilot/issues/427,closed,Exclude,Absent from final dataset; criterion-level exclusion reason was not retained
logancyang/obsidian-copilot,428,https://github.com/logancyang/obsidian-copilot/issues/428,closed,Exclude,Absent from final dataset; criterion-level exclusion reason was not retained
logancyang/obsidian-copilot,429,https://github.com/logancyang/obsidian-copilot/issues/429,closed,Exclude,Absent from final dataset; criterion-level exclusion reason was not retained
logancyang/obsidian-copilot,430,https://github.com/logancyang/obsidian-copilot/issues/430,closed,Exclude,Absent from final dataset; criterion-level exclusion reason was not retained
logancyang/obsidian-copilot,431,https://github.com/logancyang/obsidian-copilot/issues/431,closed,Exclude,Absent from final dataset; criterion-level exclusion reason was not retained
logancyang/obsidian-copilot,432,https://github.com/logancyang/obsidian-copilot/issues/432,closed,Exclude,Absent from final dataset; criterion-level exclusion reason was not retained
logancyang/obsidian-copilot,433,https://github.com/logancyang/obsidian-copilot/issues/433,closed,Exclude,Absent from final dataset; criterion-level exclusion reason was not retained
logancyang/obsidian-copilot,435,https://github.com/logancyang/obsidian-copilot/issues/435,closed,Exclude,Absent from final dataset; criterion-level exclusion reason was not retained
logancyang/obsidian-copilot,437,https://github.com/logancyang/obsidian-copilot/issues/437,closed,Exclude,Absent from final dataset; criterion-level exclusion reason was not retained
logancyang/obsidian-copilot,440,https://github.com/logancyang/obsidian-copilot/issues/440,closed,Exclude,Absent from final dataset; criterion-level exclusion reason was not retained
logancyang/obsidian-copilot,443,https://github.com/logancyang/obsidian-copilot/issues/443,closed,Exclude,Absent from final dataset; criterion-level exclusion reason was not retained
logancyang/obsidian-copilot,447,https://github.com/logancyang/obsidian-copilot/issues/447,closed,Exclude,Absent from final dataset; criterion-level exclusion reason was not retained
logancyang/obsidian-copilot,449,https://github.com/logancyang/obsidian-copilot/issues/449,closed,Exclude,Absent from final dataset; criterion-level exclusion reason was not retained
logancyang/obsidian-copilot,454,https://github.com/logancyang/obsidian-copilot/issues/454,closed,Exclude,Absent from final dataset; criterion-level exclusion reason was not retained
logancyang/obsidian-copilot,455,https://github.com/logancyang/obsidian-copilot/issues/455,closed,Exclude,Absent from final dataset; criterion-level exclusion reason was not retained
logancyang/obsidian-copilot,457,https://github.com/logancyang/obsidian-copilot/issues/457,closed,Exclude,Absent from final dataset; criterion-level exclusion reason was not retained
logancyang/obsidian-copilot,458,https://github.com/logancyang/obsidian-copilot/issues/458,closed,Exclude,Absent from final dataset; criterion-level exclusion reason was not retained
logancyang/obsidian-copilot,460,https://github.com/logancyang/obsidian-copilot/issues/460,closed,Exclude,Absent from final dataset; criterion-level exclusion reason was not retained
logancyang/obsidian-copilot,461,https://github.com/logancyang/obsidian-copilot/issues/461,closed,Include,Present in released 654-issue dataset
logancyang/obsidian-copilot,465,https://github.com/logancyang/obsidian-copilot/issues/465,closed,Exclude,Absent from final dataset; criterion-level exclusion reason was not retained
logancyang/obsidian-copilot,466,https://github.com/logancyang/obsidian-copilot/issues/466,closed,Exclude,Absent from final dataset; criterion-level exclusion reason was not retained
logancyang/obsidian-copilot,472,https://github.com/logancyang/obsidian-copilot/issues/472,closed,Exclude,Absent from final dataset; criterion-level exclusion reason was not retained
logancyang/obsidian-copilot,473,https://github.com/logancyang/obsidian-copilot/issues/473,closed,Exclude,Absent from final dataset; criterion-level exclusion reason was not retained
logancyang/obsidian-copilot,475,https://github.com/logancyang/obsidian-copilot/issues/475,closed,Include,Present in released 654-issue dataset
logancyang/obsidian-copilot,476,https://github.com/logancyang/obsidian-copilot/issues/476,closed,Exclude,Absent from final dataset; criterion-level exclusion reason was not retained
logancyang/obsidian-copilot,477,https://github.com/logancyang/obsidian-copilot/issues/477,closed,Exclude,Absent from final dataset; criterion-level exclusion reason was not retained
logancyang/obsidian-copilot,480,https://github.com/logancyang/obsidian-copilot/issues/480,closed,Exclude,Absent from final dataset; criterion-level exclusion reason was not retained
logancyang/obsidian-copilot,484,https://github.com/logancyang/obsidian-copilot/issues/484,closed,Exclude,Absent from final dataset; criterion-level exclusion reason was not retained
logancyang/obsidian-copilot,490,https://github.com/logancyang/obsidian-copilot/issues/490,closed,Exclude,Absent from final dataset; criterion-level exclusion reason was not retained
logancyang/obsidian-copilot,504,https://github.com/logancyang/obsidian-copilot/issues/504,closed,Exclude,Absent from final dataset; criterion-level exclusion reason was not retained
logancyang/obsidian-copilot,505,https://github.com/logancyang/obsidian-copilot/issues/505,closed,Exclude,Absent from final dataset; criterion-level exclusion reason was not retained
logancyang/obsidian-copilot,511,https://github.com/logancyang/obsidian-copilot/issues/511,closed,Exclude,Absent from final dataset; criterion-level exclusion reason was not retained
logancyang/obsidian-copilot,515,https://github.com/logancyang/obsidian-copilot/issues/515,closed,Exclude,Absent from final dataset; criterion-level exclusion reason was not retained
logancyang/obsidian-copilot,524,https://github.com/logancyang/obsidian-copilot/issues/524,closed,Exclude,Absent from final dataset; criterion-level exclusion reason was not retained
logancyang/obsidian-copilot,525,https://github.com/logancyang/obsidian-copilot/issues/525,closed,Exclude,Absent from final dataset; criterion-level exclusion reason was not retained
logancyang/obsidian-copilot,528,https://github.com/logancyang/obsidian-copilot/issues/528,closed,Exclude,Absent from final dataset; criterion-level exclusion reason was not retained
logancyang/obsidian-copilot,535,https://github.com/logancyang/obsidian-copilot/issues/535,closed,Exclude,Absent from final dataset; criterion-level exclusion reason was not retained
logancyang/obsidian-copilot,568,https://github.com/logancyang/obsidian-copilot/issues/568,closed,Exclude,Absent from final dataset; criterion-level exclusion reason was not retained
logancyang/obsidian-copilot,574,https://github.com/logancyang/obsidian-copilot/issues/574,closed,Exclude,Absent from final dataset; criterion-level exclusion reason was not retained
logancyang/obsidian-copilot,575,https://github.com/logancyang/obsidian-copilot/issues/575,closed,Exclude,Absent from final dataset; criterion-level exclusion reason was not retained
logancyang/obsidian-copilot,576,https://github.com/logancyang/obsidian-copilot/issues/576,closed,Exclude,Absent from final dataset; criterion-level exclusion reason was not retained
logancyang/obsidian-copilot,579,https://github.com/logancyang/obsidian-copilot/issues/579,closed,Exclude,Absent from final dataset; criterion-level exclusion reason was not retained
logancyang/obsidian-copilot,590,https://github.com/logancyang/obsidian-copilot/issues/590,closed,Exclude,Absent from final dataset; criterion-level exclusion reason was not retained
logancyang/obsidian-copilot,591,https://github.com/logancyang/obsidian-copilot/issues/591,closed,Exclude,Absent from final dataset; criterion-level exclusion reason was not retained
logancyang/obsidian-copilot,598,https://github.com/logancyang/obsidian-copilot/issues/598,closed,Exclude,Absent from final dataset; criterion-level exclusion reason was not retained
logancyang/obsidian-copilot,599,https://github.com/logancyang/obsidian-copilot/issues/599,closed,Exclude,Absent from final dataset; criterion-level exclusion reason was not retained
logancyang/obsidian-copilot,601,https://github.com/logancyang/obsidian-copilot/issues/601,closed,Exclude,Absent from final dataset; criterion-level exclusion reason was not retained
logancyang/obsidian-copilot,606,https://github.com/logancyang/obsidian-copilot/issues/606,closed,Exclude,Absent from final dataset; criterion-level exclusion reason was not retained
logancyang/obsidian-copilot,609,https://github.com/logancyang/obsidian-copilot/issues/609,closed,Include,Present in released 654-issue dataset
logancyang/obsidian-copilot,616,https://github.com/logancyang/obsidian-copilot/issues/616,closed,Exclude,Absent from final dataset; criterion-level exclusion reason was not retained
logancyang/obsidian-copilot,618,https://github.com/logancyang/obsidian-copilot/issues/618,closed,Exclude,Absent from final dataset; criterion-level exclusion reason was not retained
logancyang/obsidian-copilot,640,https://github.com/logancyang/obsidian-copilot/issues/640,closed,Include,Present in released 654-issue dataset
logancyang/obsidian-copilot,641,https://github.com/logancyang/obsidian-copilot/issues/641,closed,Exclude,Absent from final dataset; criterion-level exclusion reason was not retained
logancyang/obsidian-copilot,643,https://github.com/logancyang/obsidian-copilot/issues/643,closed,Exclude,Absent from final dataset; criterion-level exclusion reason was not retained
logancyang/obsidian-copilot,644,https://github.com/logancyang/obsidian-copilot/issues/644,closed,Exclude,Absent from final dataset; criterion-level exclusion reason was not retained
logancyang/obsidian-copilot,645,https://github.com/logancyang/obsidian-copilot/issues/645,closed,Exclude,Absent from final dataset; criterion-level exclusion reason was not retained
logancyang/obsidian-copilot,653,https://github.com/logancyang/obsidian-copilot/issues/653,closed,Exclude,Absent from final dataset; criterion-level exclusion reason was not retained
logancyang/obsidian-copilot,661,https://github.com/logancyang/obsidian-copilot/issues/661,closed,Exclude,Absent from final dataset; criterion-level exclusion reason was not retained
logancyang/obsidian-copilot,670,https://github.com/logancyang/obsidian-copilot/issues/670,closed,Include,Present in released 654-issue dataset
logancyang/obsidian-copilot,671,https://github.com/logancyang/obsidian-copilot/issues/671,closed,Exclude,Absent from final dataset; criterion-level exclusion reason was not retained
logancyang/obsidian-copilot,681,https://github.com/logancyang/obsidian-copilot/issues/681,closed,Exclude,Absent from final dataset; criterion-level exclusion reason was not retained
logancyang/obsidian-copilot,696,https://github.com/logancyang/obsidian-copilot/issues/696,closed,Exclude,Absent from final dataset; criterion-level exclusion reason was not retained
logancyang/obsidian-copilot,701,https://github.com/logancyang/obsidian-copilot/issues/701,closed,Exclude,Absent from final dataset; criterion-level exclusion reason was not retained
logancyang/obsidian-copilot,703,https://github.com/logancyang/obsidian-copilot/issues/703,closed,Exclude,Absent from final dataset; criterion-level exclusion reason was not retained
logancyang/obsidian-copilot,705,https://github.com/logancyang/obsidian-copilot/issues/705,closed,Include,Present in released 654-issue dataset
logancyang/obsidian-copilot,708,https://github.com/logancyang/obsidian-copilot/issues/708,closed,Exclude,Absent from final dataset; criterion-level exclusion reason was not retained
logancyang/obsidian-copilot,709,https://github.com/logancyang/obsidian-copilot/issues/709,closed,Exclude,Absent from final dataset; criterion-level exclusion reason was not retained
logancyang/obsidian-copilot,711,https://github.com/logancyang/obsidian-copilot/issues/711,closed,Exclude,Absent from final dataset; criterion-level exclusion reason was not retained
logancyang/obsidian-copilot,712,https://github.com/logancyang/obsidian-copilot/issues/712,closed,Exclude,Absent from final dataset; criterion-level exclusion reason was not retained
logancyang/obsidian-copilot,713,https://github.com/logancyang/obsidian-copilot/issues/713,closed,Exclude,Absent from final dataset; criterion-level exclusion reason was not retained
logancyang/obsidian-copilot,727,https://github.com/logancyang/obsidian-copilot/issues/727,closed,Exclude,Absent from final dataset; criterion-level exclusion reason was not retained
logancyang/obsidian-copilot,728,https://github.com/logancyang/obsidian-copilot/issues/728,closed,Exclude,Absent from final dataset; criterion-level exclusion reason was not retained
logancyang/obsidian-copilot,732,https://github.com/logancyang/obsidian-copilot/issues/732,closed,Exclude,Absent from final dataset; criterion-level exclusion reason was not retained
logancyang/obsidian-copilot,734,https://github.com/logancyang/obsidian-copilot/issues/734,closed,Exclude,Absent from final dataset; criterion-level exclusion reason was not retained
logancyang/obsidian-copilot,739,https://github.com/logancyang/obsidian-copilot/issues/739,closed,Include,Present in released 654-issue dataset
logancyang/obsidian-copilot,745,https://github.com/logancyang/obsidian-copilot/issues/745,closed,Include,Present in released 654-issue dataset
logancyang/obsidian-copilot,748,https://github.com/logancyang/obsidian-copilot/issues/748,closed,Exclude,Absent from final dataset; criterion-level exclusion reason was not retained
logancyang/obsidian-copilot,755,https://github.com/logancyang/obsidian-copilot/issues/755,closed,Include,Present in released 654-issue dataset
logancyang/obsidian-copilot,756,https://github.com/logancyang/obsidian-copilot/issues/756,closed,Exclude,Absent from final dataset; criterion-level exclusion reason was not retained
logancyang/obsidian-copilot,758,https://github.com/logancyang/obsidian-copilot/issues/758,closed,Exclude,Absent from final dataset; criterion-level exclusion reason was not retained
logancyang/obsidian-copilot,763,https://github.com/logancyang/obsidian-copilot/issues/763,closed,Exclude,Absent from final dataset; criterion-level exclusion reason was not retained
logancyang/obsidian-copilot,766,https://github.com/logancyang/obsidian-copilot/issues/766,closed,Exclude,Absent from final dataset; criterion-level exclusion reason was not retained
logancyang/obsidian-copilot,770,https://github.com/logancyang/obsidian-copilot/issues/770,closed,Exclude,Absent from final dataset; criterion-level exclusion reason was not retained
logancyang/obsidian-copilot,776,https://github.com/logancyang/obsidian-copilot/issues/776,closed,Exclude,Absent from final dataset; criterion-level exclusion reason was not retained
logancyang/obsidian-copilot,783,https://github.com/logancyang/obsidian-copilot/issues/783,closed,Exclude,Absent from final dataset; criterion-level exclusion reason was not retained
logancyang/obsidian-copilot,784,https://github.com/logancyang/obsidian-copilot/issues/784,closed,Exclude,Absent from final dataset; criterion-level exclusion reason was not retained
logancyang/obsidian-copilot,785,https://github.com/logancyang/obsidian-copilot/issues/785,closed,Exclude,Absent from final dataset; criterion-level exclusion reason was not retained
logancyang/obsidian-copilot,788,https://github.com/logancyang/obsidian-copilot/issues/788,closed,Exclude,Absent from final dataset; criterion-level exclusion reason was not retained
logancyang/obsidian-copilot,798,https://github.com/logancyang/obsidian-copilot/issues/798,closed,Exclude,Absent from final dataset; criterion-level exclusion reason was not retained
logancyang/obsidian-copilot,803,https://github.com/logancyang/obsidian-copilot/issues/803,closed,Exclude,Absent from final dataset; criterion-level exclusion reason was not retained
logancyang/obsidian-copilot,805,https://github.com/logancyang/obsidian-copilot/issues/805,closed,Exclude,Absent from final dataset; criterion-level exclusion reason was not retained
logancyang/obsidian-copilot,806,https://github.com/logancyang/obsidian-copilot/issues/806,closed,Exclude,Absent from final dataset; criterion-level exclusion reason was not retained
logancyang/obsidian-copilot,809,https://github.com/logancyang/obsidian-copilot/issues/809,closed,Exclude,Absent from final dataset; criterion-level exclusion reason was not retained
logancyang/obsidian-copilot,815,https://github.com/logancyang/obsidian-copilot/issues/815,closed,Exclude,Absent from final dataset; criterion-level exclusion reason was not retained
logancyang/obsidian-copilot,819,https://github.com/logancyang/obsidian-copilot/issues/819,closed,Exclude,Absent from final dataset; criterion-level exclusion reason was not retained
logancyang/obsidian-copilot,822,https://github.com/logancyang/obsidian-copilot/issues/822,closed,Include,Present in released 654-issue dataset
logancyang/obsidian-copilot,823,https://github.com/logancyang/obsidian-copilot/issues/823,closed,Exclude,Absent from final dataset; criterion-level exclusion reason was not retained
logancyang/obsidian-copilot,827,https://github.com/logancyang/obsidian-copilot/issues/827,closed,Exclude,Absent from final dataset; criterion-level exclusion reason was not retained
logancyang/obsidian-copilot,834,https://github.com/logancyang/obsidian-copilot/issues/834,closed,Exclude,Absent from final dataset; criterion-level exclusion reason was not retained
logancyang/obsidian-copilot,837,https://github.com/logancyang/obsidian-copilot/issues/837,closed,Exclude,Absent from final dataset; criterion-level exclusion reason was not retained
logancyang/obsidian-copilot,848,https://github.com/logancyang/obsidian-copilot/issues/848,closed,Exclude,Absent from final dataset; criterion-level exclusion reason was not retained
logancyang/obsidian-copilot,849,https://github.com/logancyang/obsidian-copilot/issues/849,closed,Exclude,Absent from final dataset; criterion-level exclusion reason was not retained
logancyang/obsidian-copilot,860,https://github.com/logancyang/obsidian-copilot/issues/860,closed,Exclude,Absent from final dataset; criterion-level exclusion reason was not retained
logancyang/obsidian-copilot,861,https://github.com/logancyang/obsidian-copilot/issues/861,closed,Exclude,Absent from final dataset; criterion-level exclusion reason was not retained
logancyang/obsidian-copilot,863,https://github.com/logancyang/obsidian-copilot/issues/863,closed,Exclude,Absent from final dataset; criterion-level exclusion reason was not retained
logancyang/obsidian-copilot,864,https://github.com/logancyang/obsidian-copilot/issues/864,closed,Exclude,Absent from final dataset; criterion-level exclusion reason was not retained
logancyang/obsidian-copilot,867,https://github.com/logancyang/obsidian-copilot/issues/867,closed,Exclude,Absent from final dataset; criterion-level exclusion reason was not retained
logancyang/obsidian-copilot,870,https://github.com/logancyang/obsidian-copilot/issues/870,closed,Exclude,Absent from final dataset; criterion-level exclusion reason was not retained
logancyang/obsidian-copilot,879,https://github.com/logancyang/obsidian-copilot/issues/879,closed,Exclude,Absent from final dataset; criterion-level exclusion reason was not retained
logancyang/obsidian-copilot,895,https://github.com/logancyang/obsidian-copilot/issues/895,closed,Exclude,Absent from final dataset; criterion-level exclusion reason was not retained
logancyang/obsidian-copilot,896,https://github.com/logancyang/obsidian-copilot/issues/896,closed,Exclude,Absent from final dataset; criterion-level exclusion reason was not retained
logancyang/obsidian-copilot,897,https://github.com/logancyang/obsidian-copilot/issues/897,closed,Exclude,Absent from final dataset; criterion-level exclusion reason was not retained
logancyang/obsidian-copilot,898,https://github.com/logancyang/obsidian-copilot/issues/898,closed,Exclude,Absent from final dataset; criterion-level exclusion reason was not retained
logancyang/obsidian-copilot,901,https://github.com/logancyang/obsidian-copilot/issues/901,closed,Exclude,Absent from final dataset; criterion-level exclusion reason was not retained
logancyang/obsidian-copilot,907,https://github.com/logancyang/obsidian-copilot/issues/907,closed,Exclude,Absent from final dataset; criterion-level exclusion reason was not retained
logancyang/obsidian-copilot,910,https://github.com/logancyang/obsidian-copilot/issues/910,closed,Exclude,Absent from final dataset; criterion-level exclusion reason was not retained
logancyang/obsidian-copilot,925,https://github.com/logancyang/obsidian-copilot/issues/925,closed,Exclude,Absent from final dataset; criterion-level exclusion reason was not retained
logancyang/obsidian-copilot,926,https://github.com/logancyang/obsidian-copilot/issues/926,closed,Exclude,Absent from final dataset; criterion-level exclusion reason was not retained
logancyang/obsidian-copilot,927,https://github.com/logancyang/obsidian-copilot/issues/927,closed,Exclude,Absent from final dataset; criterion-level exclusion reason was not retained
logancyang/obsidian-copilot,929,https://github.com/logancyang/obsidian-copilot/issues/929,closed,Exclude,Absent from final dataset; criterion-level exclusion reason was not retained
logancyang/obsidian-copilot,933,https://github.com/logancyang/obsidian-copilot/issues/933,closed,Exclude,Absent from final dataset; criterion-level exclusion reason was not retained
logancyang/obsidian-copilot,934,https://github.com/logancyang/obsidian-copilot/issues/934,closed,Exclude,Absent from final dataset; criterion-level exclusion reason was not retained
logancyang/obsidian-copilot,937,https://github.com/logancyang/obsidian-copilot/issues/937,closed,Exclude,Absent from final dataset; criterion-level exclusion reason was not retained
logancyang/obsidian-copilot,954,https://github.com/logancyang/obsidian-copilot/issues/954,closed,Exclude,Absent from final dataset; criterion-level exclusion reason was not retained
logancyang/obsidian-copilot,956,https://github.com/logancyang/obsidian-copilot/issues/956,closed,Exclude,Absent from final dataset; criterion-level exclusion reason was not retained
logancyang/obsidian-copilot,960,https://github.com/logancyang/obsidian-copilot/issues/960,closed,Exclude,Absent from final dataset; criterion-level exclusion reason was not retained
logancyang/obsidian-copilot,975,https://github.com/logancyang/obsidian-copilot/issues/975,closed,Exclude,Absent from final dataset; criterion-level exclusion reason was not retained
logancyang/obsidian-copilot,984,https://github.com/logancyang/obsidian-copilot/issues/984,closed,Exclude,Absent from final dataset; criterion-level exclusion reason was not retained
logancyang/obsidian-copilot,986,https://github.com/logancyang/obsidian-copilot/issues/986,closed,Include,Present in released 654-issue dataset
logancyang/obsidian-copilot,990,https://github.com/logancyang/obsidian-copilot/issues/990,closed,Exclude,Absent from final dataset; criterion-level exclusion reason was not retained
logancyang/obsidian-copilot,991,https://github.com/logancyang/obsidian-copilot/issues/991,closed,Exclude,Absent from final dataset; criterion-level exclusion reason was not retained
logancyang/obsidian-copilot,1004,https://github.com/logancyang/obsidian-copilot/issues/1004,closed,Exclude,Absent from final dataset; criterion-level exclusion reason was not retained
logancyang/obsidian-copilot,1008,https://github.com/logancyang/obsidian-copilot/issues/1008,closed,Exclude,Absent from final dataset; criterion-level exclusion reason was not retained
logancyang/obsidian-copilot,1009,https://github.com/logancyang/obsidian-copilot/issues/1009,closed,Exclude,Absent from final dataset; criterion-level exclusion reason was not retained
logancyang/obsidian-copilot,1011,https://github.com/logancyang/obsidian-copilot/issues/1011,closed,Include,Present in released 654-issue dataset
logancyang/obsidian-copilot,1022,https://github.com/logancyang/obsidian-copilot/issues/1022,closed,Exclude,Absent from final dataset; criterion-level exclusion reason was not retained
logancyang/obsidian-copilot,1028,https://github.com/logancyang/obsidian-copilot/issues/1028,closed,Exclude,Absent from final dataset; criterion-level exclusion reason was not retained
logancyang/obsidian-copilot,1030,https://github.com/logancyang/obsidian-copilot/issues/1030,closed,Exclude,Absent from final dataset; criterion-level exclusion reason was not retained
logancyang/obsidian-copilot,1031,https://github.com/logancyang/obsidian-copilot/issues/1031,closed,Exclude,Absent from final dataset; criterion-level exclusion reason was not retained
logancyang/obsidian-copilot,1036,https://github.com/logancyang/obsidian-copilot/issues/1036,closed,Exclude,Absent from final dataset; criterion-level exclusion reason was not retained
logancyang/obsidian-copilot,1044,https://github.com/logancyang/obsidian-copilot/issues/1044,closed,Exclude,Absent from final dataset; criterion-level exclusion reason was not retained
logancyang/obsidian-copilot,1058,https://github.com/logancyang/obsidian-copilot/issues/1058,closed,Exclude,Absent from final dataset; criterion-level exclusion reason was not retained
logancyang/obsidian-copilot,1060,https://github.com/logancyang/obsidian-copilot/issues/1060,closed,Exclude,Absent from final dataset; criterion-level exclusion reason was not retained
logancyang/obsidian-copilot,1062,https://github.com/logancyang/obsidian-copilot/issues/1062,closed,Exclude,Absent from final dataset; criterion-level exclusion reason was not retained
logancyang/obsidian-copilot,1066,https://github.com/logancyang/obsidian-copilot/issues/1066,closed,Exclude,Absent from final dataset; criterion-level exclusion reason was not retained
logancyang/obsidian-copilot,1068,https://github.com/logancyang/obsidian-copilot/issues/1068,closed,Exclude,Absent from final dataset; criterion-level exclusion reason was not retained
logancyang/obsidian-copilot,1071,https://github.com/logancyang/obsidian-copilot/issues/1071,closed,Exclude,Absent from final dataset; criterion-level exclusion reason was not retained
logancyang/obsidian-copilot,1072,https://github.com/logancyang/obsidian-copilot/issues/1072,closed,Exclude,Absent from final dataset; criterion-level exclusion reason was not retained
logancyang/obsidian-copilot,1078,https://github.com/logancyang/obsidian-copilot/issues/1078,closed,Exclude,Absent from final dataset; criterion-level exclusion reason was not retained
logancyang/obsidian-copilot,1079,https://github.com/logancyang/obsidian-copilot/issues/1079,closed,Exclude,Absent from final dataset; criterion-level exclusion reason was not retained
logancyang/obsidian-copilot,1080,https://github.com/logancyang/obsidian-copilot/issues/1080,closed,Exclude,Absent from final dataset; criterion-level exclusion reason was not retained
logancyang/obsidian-copilot,1087,https://github.com/logancyang/obsidian-copilot/issues/1087,closed,Exclude,Absent from final dataset; criterion-level exclusion reason was not retained
logancyang/obsidian-copilot,1092,https://github.com/logancyang/obsidian-copilot/issues/1092,closed,Exclude,Absent from final dataset; criterion-level exclusion reason was not retained
logancyang/obsidian-copilot,1109,https://github.com/logancyang/obsidian-copilot/issues/1109,closed,Exclude,Absent from final dataset; criterion-level exclusion reason was not retained
logancyang/obsidian-copilot,1111,https://github.com/logancyang/obsidian-copilot/issues/1111,closed,Exclude,Absent from final dataset; criterion-level exclusion reason was not retained
logancyang/obsidian-copilot,1131,https://github.com/logancyang/obsidian-copilot/issues/1131,closed,Exclude,Absent from final dataset; criterion-level exclusion reason was not retained
logancyang/obsidian-copilot,1132,https://github.com/logancyang/obsidian-copilot/issues/1132,closed,Exclude,Absent from final dataset; criterion-level exclusion reason was not retained
logancyang/obsidian-copilot,1134,https://github.com/logancyang/obsidian-copilot/issues/1134,closed,Exclude,Absent from final dataset; criterion-level exclusion reason was not retained
logancyang/obsidian-copilot,1136,https://github.com/logancyang/obsidian-copilot/issues/1136,closed,Exclude,Absent from final dataset; criterion-level exclusion reason was not retained
logancyang/obsidian-copilot,1138,https://github.com/logancyang/obsidian-copilot/issues/1138,closed,Include,Present in released 654-issue dataset
logancyang/obsidian-copilot,1140,https://github.com/logancyang/obsidian-copilot/issues/1140,closed,Exclude,Absent from final dataset; criterion-level exclusion reason was not retained
logancyang/obsidian-copilot,1142,https://github.com/logancyang/obsidian-copilot/issues/1142,closed,Exclude,Absent from final dataset; criterion-level exclusion reason was not retained
logancyang/obsidian-copilot,1143,https://github.com/logancyang/obsidian-copilot/issues/1143,closed,Exclude,Absent from final dataset; criterion-level exclusion reason was not retained
logancyang/obsidian-copilot,1159,https://github.com/logancyang/obsidian-copilot/issues/1159,closed,Exclude,Absent from final dataset; criterion-level exclusion reason was not retained
logancyang/obsidian-copilot,1161,https://github.com/logancyang/obsidian-copilot/issues/1161,closed,Include,Present in released 654-issue dataset
logancyang/obsidian-copilot,1191,https://github.com/logancyang/obsidian-copilot/issues/1191,closed,Exclude,Absent from final dataset; criterion-level exclusion reason was not retained
logancyang/obsidian-copilot,1200,https://github.com/logancyang/obsidian-copilot/issues/1200,closed,Exclude,Absent from final dataset; criterion-level exclusion reason was not retained
logancyang/obsidian-copilot,1212,https://github.com/logancyang/obsidian-copilot/issues/1212,closed,Exclude,Absent from final dataset; criterion-level exclusion reason was not retained
logancyang/obsidian-copilot,1217,https://github.com/logancyang/obsidian-copilot/issues/1217,closed,Exclude,Absent from final dataset; criterion-level exclusion reason was not retained
logancyang/obsidian-copilot,1221,https://github.com/logancyang/obsidian-copilot/issues/1221,closed,Exclude,Absent from final dataset; criterion-level exclusion reason was not retained
logancyang/obsidian-copilot,1228,https://github.com/logancyang/obsidian-copilot/issues/1228,closed,Exclude,Absent from final dataset; criterion-level exclusion reason was not retained
logancyang/obsidian-copilot,1230,https://github.com/logancyang/obsidian-copilot/issues/1230,closed,Exclude,Absent from final dataset; criterion-level exclusion reason was not retained
logancyang/obsidian-copilot,1233,https://github.com/logancyang/obsidian-copilot/issues/1233,closed,Include,Present in released 654-issue dataset
logancyang/obsidian-copilot,1235,https://github.com/logancyang/obsidian-copilot/issues/1235,closed,Exclude,Absent from final dataset; criterion-level exclusion reason was not retained
logancyang/obsidian-copilot,1236,https://github.com/logancyang/obsidian-copilot/issues/1236,closed,Exclude,Absent from final dataset; criterion-level exclusion reason was not retained
logancyang/obsidian-copilot,1244,https://github.com/logancyang/obsidian-copilot/issues/1244,closed,Exclude,Absent from final dataset; criterion-level exclusion reason was not retained
logancyang/obsidian-copilot,1247,https://github.com/logancyang/obsidian-copilot/issues/1247,closed,Include,Present in released 654-issue dataset
logancyang/obsidian-copilot,1250,https://github.com/logancyang/obsidian-copilot/issues/1250,closed,Exclude,Absent from final dataset; criterion-level exclusion reason was not retained
logancyang/obsidian-copilot,1256,https://github.com/logancyang/obsidian-copilot/issues/1256,closed,Exclude,Absent from final dataset; criterion-level exclusion reason was not retained
logancyang/obsidian-copilot,1267,https://github.com/logancyang/obsidian-copilot/issues/1267,closed,Exclude,Absent from final dataset; criterion-level exclusion reason was not retained
logancyang/obsidian-copilot,1270,https://github.com/logancyang/obsidian-copilot/issues/1270,closed,Include,Present in released 654-issue dataset
logancyang/obsidian-copilot,1285,https://github.com/logancyang/obsidian-copilot/issues/1285,closed,Exclude,Absent from final dataset; criterion-level exclusion reason was not retained
logancyang/obsidian-copilot,1290,https://github.com/logancyang/obsidian-copilot/issues/1290,closed,Exclude,Absent from final dataset; criterion-level exclusion reason was not retained
logancyang/obsidian-copilot,1291,https://github.com/logancyang/obsidian-copilot/issues/1291,closed,Exclude,Absent from final dataset; criterion-level exclusion reason was not retained
logancyang/obsidian-copilot,1295,https://github.com/logancyang/obsidian-copilot/issues/1295,closed,Exclude,Absent from final dataset; criterion-level exclusion reason was not retained
logancyang/obsidian-copilot,1302,https://github.com/logancyang/obsidian-copilot/issues/1302,closed,Exclude,Absent from final dataset; criterion-level exclusion reason was not retained
logancyang/obsidian-copilot,1310,https://github.com/logancyang/obsidian-copilot/issues/1310,closed,Exclude,Absent from final dataset; criterion-level exclusion reason was not retained
logancyang/obsidian-copilot,1312,https://github.com/logancyang/obsidian-copilot/issues/1312,closed,Exclude,Absent from final dataset; criterion-level exclusion reason was not retained
logancyang/obsidian-copilot,1313,https://github.com/logancyang/obsidian-copilot/issues/1313,closed,Exclude,Absent from final dataset; criterion-level exclusion reason was not retained
logancyang/obsidian-copilot,1317,https://github.com/logancyang/obsidian-copilot/issues/1317,closed,Exclude,Absent from final dataset; criterion-level exclusion reason was not retained
logancyang/obsidian-copilot,1333,https://github.com/logancyang/obsidian-copilot/issues/1333,closed,Exclude,Absent from final dataset; criterion-level exclusion reason was not retained
logancyang/obsidian-copilot,1361,https://github.com/logancyang/obsidian-copilot/issues/1361,closed,Exclude,Absent from final dataset; criterion-level exclusion reason was not retained
logancyang/obsidian-copilot,1362,https://github.com/logancyang/obsidian-copilot/issues/1362,closed,Exclude,Absent from final dataset; criterion-level exclusion reason was not retained
logancyang/obsidian-copilot,1367,https://github.com/logancyang/obsidian-copilot/issues/1367,closed,Include,Present in released 654-issue dataset
logancyang/obsidian-copilot,1370,https://github.com/logancyang/obsidian-copilot/issues/1370,closed,Exclude,Absent from final dataset; criterion-level exclusion reason was not retained
logancyang/obsidian-copilot,1371,https://github.com/logancyang/obsidian-copilot/issues/1371,closed,Exclude,Absent from final dataset; criterion-level exclusion reason was not retained
logancyang/obsidian-copilot,1375,https://github.com/logancyang/obsidian-copilot/issues/1375,closed,Exclude,Absent from final dataset; criterion-level exclusion reason was not retained
logancyang/obsidian-copilot,1389,https://github.com/logancyang/obsidian-copilot/issues/1389,closed,Exclude,Absent from final dataset; criterion-level exclusion reason was not retained
logancyang/obsidian-copilot,1392,https://github.com/logancyang/obsidian-copilot/issues/1392,closed,Include,Present in released 654-issue dataset
logancyang/obsidian-copilot,1393,https://github.com/logancyang/obsidian-copilot/issues/1393,closed,Exclude,Absent from final dataset; criterion-level exclusion reason was not retained
logancyang/obsidian-copilot,1402,https://github.com/logancyang/obsidian-copilot/issues/1402,closed,Exclude,Absent from final dataset; criterion-level exclusion reason was not retained
logancyang/obsidian-copilot,1412,https://github.com/logancyang/obsidian-copilot/issues/1412,closed,Exclude,Absent from final dataset; criterion-level exclusion reason was not retained
logancyang/obsidian-copilot,1422,https://github.com/logancyang/obsidian-copilot/issues/1422,closed,Include,Present in released 654-issue dataset
logancyang/obsidian-copilot,1428,https://github.com/logancyang/obsidian-copilot/issues/1428,closed,Exclude,Absent from final dataset; criterion-level exclusion reason was not retained
logancyang/obsidian-copilot,1429,https://github.com/logancyang/obsidian-copilot/issues/1429,closed,Exclude,Absent from final dataset; criterion-level exclusion reason was not retained
logancyang/obsidian-copilot,1433,https://github.com/logancyang/obsidian-copilot/issues/1433,closed,Exclude,Absent from final dataset; criterion-level exclusion reason was not retained
logancyang/obsidian-copilot,1437,https://github.com/logancyang/obsidian-copilot/issues/1437,closed,Exclude,Absent from final dataset; criterion-level exclusion reason was not retained
logancyang/obsidian-copilot,1447,https://github.com/logancyang/obsidian-copilot/issues/1447,closed,Exclude,Absent from final dataset; criterion-level exclusion reason was not retained
logancyang/obsidian-copilot,1455,https://github.com/logancyang/obsidian-copilot/issues/1455,closed,Exclude,Absent from final dataset; criterion-level exclusion reason was not retained
logancyang/obsidian-copilot,1487,https://github.com/logancyang/obsidian-copilot/issues/1487,closed,Exclude,Absent from final dataset; criterion-level exclusion reason was not retained
logancyang/obsidian-copilot,1488,https://github.com/logancyang/obsidian-copilot/issues/1488,closed,Exclude,Absent from final dataset; criterion-level exclusion reason was not retained
logancyang/obsidian-copilot,1491,https://github.com/logancyang/obsidian-copilot/issues/1491,closed,Exclude,Absent from final dataset; criterion-level exclusion reason was not retained
logancyang/obsidian-copilot,1495,https://github.com/logancyang/obsidian-copilot/issues/1495,closed,Exclude,Absent from final dataset; criterion-level exclusion reason was not retained
logancyang/obsidian-copilot,1499,https://github.com/logancyang/obsidian-copilot/issues/1499,closed,Exclude,Absent from final dataset; criterion-level exclusion reason was not retained
logancyang/obsidian-copilot,1508,https://github.com/logancyang/obsidian-copilot/issues/1508,closed,Exclude,Absent from final dataset; criterion-level exclusion reason was not retained
logancyang/obsidian-copilot,1517,https://github.com/logancyang/obsidian-copilot/issues/1517,closed,Exclude,Absent from final dataset; criterion-level exclusion reason was not retained
logancyang/obsidian-copilot,1546,https://github.com/logancyang/obsidian-copilot/issues/1546,closed,Exclude,Absent from final dataset; criterion-level exclusion reason was not retained
logancyang/obsidian-copilot,1554,https://github.com/logancyang/obsidian-copilot/issues/1554,closed,Exclude,Absent from final dataset; criterion-level exclusion reason was not retained
logancyang/obsidian-copilot,1557,https://github.com/logancyang/obsidian-copilot/issues/1557,closed,Exclude,Absent from final dataset; criterion-level exclusion reason was not retained
logancyang/obsidian-copilot,1563,https://github.com/logancyang/obsidian-copilot/issues/1563,closed,Include,Present in released 654-issue dataset
logancyang/obsidian-copilot,1573,https://github.com/logancyang/obsidian-copilot/issues/1573,closed,Exclude,Absent from final dataset; criterion-level exclusion reason was not retained
logancyang/obsidian-copilot,1574,https://github.com/logancyang/obsidian-copilot/issues/1574,closed,Exclude,Absent from final dataset; criterion-level exclusion reason was not retained
logancyang/obsidian-copilot,1579,https://github.com/logancyang/obsidian-copilot/issues/1579,closed,Exclude,Absent from final dataset; criterion-level exclusion reason was not retained
logancyang/obsidian-copilot,1590,https://github.com/logancyang/obsidian-copilot/issues/1590,closed,Exclude,Absent from final dataset; criterion-level exclusion reason was not retained
logancyang/obsidian-copilot,1591,https://github.com/logancyang/obsidian-copilot/issues/1591,closed,Include,Present in released 654-issue dataset
logancyang/obsidian-copilot,1596,https://github.com/logancyang/obsidian-copilot/issues/1596,closed,Include,Present in released 654-issue dataset
logancyang/obsidian-copilot,1601,https://github.com/logancyang/obsidian-copilot/issues/1601,closed,Exclude,Absent from final dataset; criterion-level exclusion reason was not retained
logancyang/obsidian-copilot,1604,https://github.com/logancyang/obsidian-copilot/issues/1604,closed,Include,Present in released 654-issue dataset
logancyang/obsidian-copilot,1606,https://github.com/logancyang/obsidian-copilot/issues/1606,closed,Exclude,Absent from final dataset; criterion-level exclusion reason was not retained
logancyang/obsidian-copilot,1613,https://github.com/logancyang/obsidian-copilot/issues/1613,closed,Exclude,Absent from final dataset; criterion-level exclusion reason was not retained
logancyang/obsidian-copilot,1627,https://github.com/logancyang/obsidian-copilot/issues/1627,closed,Exclude,Absent from final dataset; criterion-level exclusion reason was not retained
logancyang/obsidian-copilot,1636,https://github.com/logancyang/obsidian-copilot/issues/1636,closed,Exclude,Absent from final dataset; criterion-level exclusion reason was not retained
zylon-ai/private-gpt,218,https://github.com/zylon-ai/private-gpt/issues/218,closed,Include,Present in released 654-issue dataset
zylon-ai/private-gpt,220,https://github.com/zylon-ai/private-gpt/issues/220,closed,Include,Present in released 654-issue dataset
zylon-ai/private-gpt,222,https://github.com/zylon-ai/private-gpt/issues/222,closed,Exclude,Absent from final dataset; criterion-level exclusion reason was not retained
zylon-ai/private-gpt,235,https://github.com/zylon-ai/private-gpt/issues/235,closed,Exclude,Absent from final dataset; criterion-level exclusion reason was not retained
zylon-ai/private-gpt,239,https://github.com/zylon-ai/private-gpt/issues/239,closed,Exclude,Absent from final dataset; criterion-level exclusion reason was not retained
zylon-ai/private-gpt,248,https://github.com/zylon-ai/private-gpt/issues/248,closed,Exclude,Absent from final dataset; criterion-level exclusion reason was not retained
zylon-ai/private-gpt,250,https://github.com/zylon-ai/private-gpt/issues/250,closed,Include,Present in released 654-issue dataset
zylon-ai/private-gpt,258,https://github.com/zylon-ai/private-gpt/issues/258,closed,Exclude,Absent from final dataset; criterion-level exclusion reason was not retained
zylon-ai/private-gpt,259,https://github.com/zylon-ai/private-gpt/issues/259,closed,Exclude,Absent from final dataset; criterion-level exclusion reason was not retained
zylon-ai/private-gpt,260,https://github.com/zylon-ai/private-gpt/issues/260,closed,Exclude,Absent from final dataset; criterion-level exclusion reason was not retained
zylon-ai/private-gpt,278,https://github.com/zylon-ai/private-gpt/issues/278,closed,Exclude,Absent from final dataset; criterion-level exclusion reason was not retained
zylon-ai/private-gpt,279,https://github.com/zylon-ai/private-gpt/issues/279,closed,Exclude,Absent from final dataset; criterion-level exclusion reason was not retained
zylon-ai/private-gpt,280,https://github.com/zylon-ai/private-gpt/issues/280,closed,Exclude,Absent from final dataset; criterion-level exclusion reason was not retained
zylon-ai/private-gpt,281,https://github.com/zylon-ai/private-gpt/issues/281,closed,Exclude,Absent from final dataset; criterion-level exclusion reason was not retained
zylon-ai/private-gpt,283,https://github.com/zylon-ai/private-gpt/issues/283,closed,Exclude,Absent from final dataset; criterion-level exclusion reason was not retained
zylon-ai/private-gpt,290,https://github.com/zylon-ai/private-gpt/issues/290,closed,Exclude,Absent from final dataset; criterion-level exclusion reason was not retained
zylon-ai/private-gpt,297,https://github.com/zylon-ai/private-gpt/issues/297,closed,Exclude,Absent from final dataset; criterion-level exclusion reason was not retained
zylon-ai/private-gpt,301,https://github.com/zylon-ai/private-gpt/issues/301,closed,Exclude,Absent from final dataset; criterion-level exclusion reason was not retained
zylon-ai/private-gpt,302,https://github.com/zylon-ai/private-gpt/issues/302,closed,Exclude,Absent from final dataset; criterion-level exclusion reason was not retained
zylon-ai/private-gpt,308,https://github.com/zylon-ai/private-gpt/issues/308,closed,Exclude,Absent from final dataset; criterion-level exclusion reason was not retained
zylon-ai/private-gpt,309,https://github.com/zylon-ai/private-gpt/issues/309,closed,Exclude,Absent from final dataset; criterion-level exclusion reason was not retained
zylon-ai/private-gpt,316,https://github.com/zylon-ai/private-gpt/issues/316,closed,Include,Present in released 654-issue dataset
zylon-ai/private-gpt,321,https://github.com/zylon-ai/private-gpt/issues/321,closed,Exclude,Absent from final dataset; criterion-level exclusion reason was not retained
zylon-ai/private-gpt,331,https://github.com/zylon-ai/private-gpt/issues/331,closed,Exclude,Absent from final dataset; criterion-level exclusion reason was not retained
zylon-ai/private-gpt,332,https://github.com/zylon-ai/private-gpt/issues/332,closed,Exclude,Absent from final dataset; criterion-level exclusion reason was not retained
zylon-ai/private-gpt,334,https://github.com/zylon-ai/private-gpt/issues/334,closed,Exclude,Absent from final dataset; criterion-level exclusion reason was not retained
zylon-ai/private-gpt,337,https://github.com/zylon-ai/private-gpt/issues/337,closed,Exclude,Absent from final dataset; criterion-level exclusion reason was not retained
zylon-ai/private-gpt,339,https://github.com/zylon-ai/private-gpt/issues/339,closed,Exclude,Absent from final dataset; criterion-level exclusion reason was not retained
zylon-ai/private-gpt,343,https://github.com/zylon-ai/private-gpt/issues/343,closed,Exclude,Absent from final dataset; criterion-level exclusion reason was not retained
zylon-ai/private-gpt,345,https://github.com/zylon-ai/private-gpt/issues/345,closed,Exclude,Absent from final dataset; criterion-level exclusion reason was not retained
zylon-ai/private-gpt,351,https://github.com/zylon-ai/private-gpt/issues/351,closed,Include,Present in released 654-issue dataset
zylon-ai/private-gpt,352,https://github.com/zylon-ai/private-gpt/issues/352,closed,Exclude,Absent from final dataset; criterion-level exclusion reason was not retained
zylon-ai/private-gpt,353,https://github.com/zylon-ai/private-gpt/issues/353,closed,Exclude,Absent from final dataset; criterion-level exclusion reason was not retained
zylon-ai/private-gpt,357,https://github.com/zylon-ai/private-gpt/issues/357,closed,Exclude,Absent from final dataset; criterion-level exclusion reason was not retained
zylon-ai/private-gpt,358,https://github.com/zylon-ai/private-gpt/issues/358,closed,Exclude,Absent from final dataset; criterion-level exclusion reason was not retained
zylon-ai/private-gpt,359,https://github.com/zylon-ai/private-gpt/issues/359,closed,Exclude,Absent from final dataset; criterion-level exclusion reason was not retained
zylon-ai/private-gpt,360,https://github.com/zylon-ai/private-gpt/issues/360,closed,Exclude,Absent from final dataset; criterion-level exclusion reason was not retained
zylon-ai/private-gpt,368,https://github.com/zylon-ai/private-gpt/issues/368,closed,Include,Present in released 654-issue dataset
zylon-ai/private-gpt,370,https://github.com/zylon-ai/private-gpt/issues/370,closed,Exclude,Absent from final dataset; criterion-level exclusion reason was not retained
zylon-ai/private-gpt,379,https://github.com/zylon-ai/private-gpt/issues/379,closed,Exclude,Absent from final dataset; criterion-level exclusion reason was not retained
zylon-ai/private-gpt,388,https://github.com/zylon-ai/private-gpt/issues/388,closed,Exclude,Absent from final dataset; criterion-level exclusion reason was not retained
zylon-ai/private-gpt,394,https://github.com/zylon-ai/private-gpt/issues/394,closed,Include,Present in released 654-issue dataset
zylon-ai/private-gpt,397,https://github.com/zylon-ai/private-gpt/issues/397,closed,Exclude,Absent from final dataset; criterion-level exclusion reason was not retained
zylon-ai/private-gpt,402,https://github.com/zylon-ai/private-gpt/issues/402,closed,Exclude,Absent from final dataset; criterion-level exclusion reason was not retained
zylon-ai/private-gpt,405,https://github.com/zylon-ai/private-gpt/issues/405,closed,Exclude,Absent from final dataset; criterion-level exclusion reason was not retained
zylon-ai/private-gpt,407,https://github.com/zylon-ai/private-gpt/issues/407,closed,Exclude,Absent from final dataset; criterion-level exclusion reason was not retained
zylon-ai/private-gpt,410,https://github.com/zylon-ai/private-gpt/issues/410,closed,Exclude,Absent from final dataset; criterion-level exclusion reason was not retained
zylon-ai/private-gpt,412,https://github.com/zylon-ai/private-gpt/issues/412,closed,Exclude,Absent from final dataset; criterion-level exclusion reason was not retained
zylon-ai/private-gpt,417,https://github.com/zylon-ai/private-gpt/issues/417,closed,Exclude,Absent from final dataset; criterion-level exclusion reason was not retained
zylon-ai/private-gpt,428,https://github.com/zylon-ai/private-gpt/issues/428,closed,Exclude,Absent from final dataset; criterion-level exclusion reason was not retained
zylon-ai/private-gpt,437,https://github.com/zylon-ai/private-gpt/issues/437,closed,Exclude,Absent from final dataset; criterion-level exclusion reason was not retained
zylon-ai/private-gpt,442,https://github.com/zylon-ai/private-gpt/issues/442,closed,Exclude,Absent from final dataset; criterion-level exclusion reason was not retained
zylon-ai/private-gpt,450,https://github.com/zylon-ai/private-gpt/issues/450,closed,Exclude,Absent from final dataset; criterion-level exclusion reason was not retained
zylon-ai/private-gpt,453,https://github.com/zylon-ai/private-gpt/issues/453,closed,Exclude,Absent from final dataset; criterion-level exclusion reason was not retained
zylon-ai/private-gpt,454,https://github.com/zylon-ai/private-gpt/issues/454,closed,Exclude,Absent from final dataset; criterion-level exclusion reason was not retained
zylon-ai/private-gpt,457,https://github.com/zylon-ai/private-gpt/issues/457,closed,Exclude,Absent from final dataset; criterion-level exclusion reason was not retained
zylon-ai/private-gpt,459,https://github.com/zylon-ai/private-gpt/issues/459,closed,Include,Present in released 654-issue dataset
zylon-ai/private-gpt,461,https://github.com/zylon-ai/private-gpt/issues/461,closed,Include,Present in released 654-issue dataset
zylon-ai/private-gpt,464,https://github.com/zylon-ai/private-gpt/issues/464,closed,Exclude,Absent from final dataset; criterion-level exclusion reason was not retained
zylon-ai/private-gpt,466,https://github.com/zylon-ai/private-gpt/issues/466,closed,Include,Present in released 654-issue dataset
zylon-ai/private-gpt,467,https://github.com/zylon-ai/private-gpt/issues/467,closed,Exclude,Absent from final dataset; criterion-level exclusion reason was not retained
zylon-ai/private-gpt,468,https://github.com/zylon-ai/private-gpt/issues/468,closed,Include,Present in released 654-issue dataset
zylon-ai/private-gpt,478,https://github.com/zylon-ai/private-gpt/issues/478,closed,Exclude,Absent from final dataset; criterion-level exclusion reason was not retained
zylon-ai/private-gpt,482,https://github.com/zylon-ai/private-gpt/issues/482,closed,Exclude,Absent from final dataset; criterion-level exclusion reason was not retained
zylon-ai/private-gpt,491,https://github.com/zylon-ai/private-gpt/issues/491,closed,Include,Present in released 654-issue dataset
zylon-ai/private-gpt,497,https://github.com/zylon-ai/private-gpt/issues/497,closed,Exclude,Absent from final dataset; criterion-level exclusion reason was not retained
zylon-ai/private-gpt,498,https://github.com/zylon-ai/private-gpt/issues/498,closed,Exclude,Absent from final dataset; criterion-level exclusion reason was not retained
zylon-ai/private-gpt,499,https://github.com/zylon-ai/private-gpt/issues/499,closed,Exclude,Absent from final dataset; criterion-level exclusion reason was not retained
zylon-ai/private-gpt,504,https://github.com/zylon-ai/private-gpt/issues/504,closed,Exclude,Absent from final dataset; criterion-level exclusion reason was not retained
zylon-ai/private-gpt,516,https://github.com/zylon-ai/private-gpt/issues/516,closed,Exclude,Absent from final dataset; criterion-level exclusion reason was not retained
zylon-ai/private-gpt,517,https://github.com/zylon-ai/private-gpt/issues/517,closed,Include,Present in released 654-issue dataset
zylon-ai/private-gpt,522,https://github.com/zylon-ai/private-gpt/issues/522,closed,Exclude,Absent from final dataset; criterion-level exclusion reason was not retained
zylon-ai/private-gpt,532,https://github.com/zylon-ai/private-gpt/issues/532,closed,Exclude,Absent from final dataset; criterion-level exclusion reason was not retained
zylon-ai/private-gpt,537,https://github.com/zylon-ai/private-gpt/issues/537,closed,Exclude,Absent from final dataset; criterion-level exclusion reason was not retained
zylon-ai/private-gpt,538,https://github.com/zylon-ai/private-gpt/issues/538,closed,Include,Present in released 654-issue dataset
zylon-ai/private-gpt,539,https://github.com/zylon-ai/private-gpt/issues/539,closed,Exclude,Absent from final dataset; criterion-level exclusion reason was not retained
zylon-ai/private-gpt,545,https://github.com/zylon-ai/private-gpt/issues/545,closed,Exclude,Absent from final dataset; criterion-level exclusion reason was not retained
zylon-ai/private-gpt,547,https://github.com/zylon-ai/private-gpt/issues/547,closed,Exclude,Absent from final dataset; criterion-level exclusion reason was not retained
zylon-ai/private-gpt,548,https://github.com/zylon-ai/private-gpt/issues/548,closed,Exclude,Absent from final dataset; criterion-level exclusion reason was not retained
zylon-ai/private-gpt,551,https://github.com/zylon-ai/private-gpt/issues/551,closed,Exclude,Absent from final dataset; criterion-level exclusion reason was not retained
zylon-ai/private-gpt,553,https://github.com/zylon-ai/private-gpt/issues/553,closed,Exclude,Absent from final dataset; criterion-level exclusion reason was not retained
zylon-ai/private-gpt,557,https://github.com/zylon-ai/private-gpt/issues/557,closed,Include,Present in released 654-issue dataset
zylon-ai/private-gpt,559,https://github.com/zylon-ai/private-gpt/issues/559,closed,Include,Present in released 654-issue dataset
zylon-ai/private-gpt,564,https://github.com/zylon-ai/private-gpt/issues/564,closed,Include,Present in released 654-issue dataset
zylon-ai/private-gpt,565,https://github.com/zylon-ai/private-gpt/issues/565,closed,Include,Present in released 654-issue dataset
zylon-ai/private-gpt,566,https://github.com/zylon-ai/private-gpt/issues/566,closed,Include,Present in released 654-issue dataset
zylon-ai/private-gpt,567,https://github.com/zylon-ai/private-gpt/issues/567,closed,Include,Present in released 654-issue dataset
zylon-ai/private-gpt,570,https://github.com/zylon-ai/private-gpt/issues/570,closed,Exclude,Absent from final dataset; criterion-level exclusion reason was not retained
zylon-ai/private-gpt,575,https://github.com/zylon-ai/private-gpt/issues/575,closed,Exclude,Absent from final dataset; criterion-level exclusion reason was not retained
zylon-ai/private-gpt,590,https://github.com/zylon-ai/private-gpt/issues/590,closed,Exclude,Absent from final dataset; criterion-level exclusion reason was not retained
zylon-ai/private-gpt,592,https://github.com/zylon-ai/private-gpt/issues/592,closed,Exclude,Absent from final dataset; criterion-level exclusion reason was not retained
zylon-ai/private-gpt,598,https://github.com/zylon-ai/private-gpt/issues/598,closed,Exclude,Absent from final dataset; criterion-level exclusion reason was not retained
zylon-ai/private-gpt,601,https://github.com/zylon-ai/private-gpt/issues/601,closed,Exclude,Absent from final dataset; criterion-level exclusion reason was not retained
zylon-ai/private-gpt,604,https://github.com/zylon-ai/private-gpt/issues/604,closed,Exclude,Absent from final dataset; criterion-level exclusion reason was not retained
zylon-ai/private-gpt,605,https://github.com/zylon-ai/private-gpt/issues/605,closed,Exclude,Absent from final dataset; criterion-level exclusion reason was not retained
zylon-ai/private-gpt,606,https://github.com/zylon-ai/private-gpt/issues/606,closed,Exclude,Absent from final dataset; criterion-level exclusion reason was not retained
zylon-ai/private-gpt,609,https://github.com/zylon-ai/private-gpt/issues/609,closed,Exclude,Absent from final dataset; criterion-level exclusion reason was not retained
zylon-ai/private-gpt,614,https://github.com/zylon-ai/private-gpt/issues/614,closed,Exclude,Absent from final dataset; criterion-level exclusion reason was not retained
zylon-ai/private-gpt,615,https://github.com/zylon-ai/private-gpt/issues/615,closed,Exclude,Absent from final dataset; criterion-level exclusion reason was not retained
zylon-ai/private-gpt,616,https://github.com/zylon-ai/private-gpt/issues/616,closed,Exclude,Absent from final dataset; criterion-level exclusion reason was not retained
zylon-ai/private-gpt,617,https://github.com/zylon-ai/private-gpt/issues/617,closed,Exclude,Absent from final dataset; criterion-level exclusion reason was not retained
zylon-ai/private-gpt,621,https://github.com/zylon-ai/private-gpt/issues/621,closed,Include,Present in released 654-issue dataset
zylon-ai/private-gpt,622,https://github.com/zylon-ai/private-gpt/issues/622,closed,Exclude,Absent from final dataset; criterion-level exclusion reason was not retained
zylon-ai/private-gpt,625,https://github.com/zylon-ai/private-gpt/issues/625,closed,Exclude,Absent from final dataset; criterion-level exclusion reason was not retained
zylon-ai/private-gpt,626,https://github.com/zylon-ai/private-gpt/issues/626,closed,Exclude,Absent from final dataset; criterion-level exclusion reason was not retained
zylon-ai/private-gpt,628,https://github.com/zylon-ai/private-gpt/issues/628,closed,Exclude,Absent from final dataset; criterion-level exclusion reason was not retained
zylon-ai/private-gpt,630,https://github.com/zylon-ai/private-gpt/issues/630,closed,Exclude,Absent from final dataset; criterion-level exclusion reason was not retained
zylon-ai/private-gpt,632,https://github.com/zylon-ai/private-gpt/issues/632,closed,Exclude,Absent from final dataset; criterion-level exclusion reason was not retained
zylon-ai/private-gpt,644,https://github.com/zylon-ai/private-gpt/issues/644,closed,Exclude,Absent from final dataset; criterion-level exclusion reason was not retained
zylon-ai/private-gpt,646,https://github.com/zylon-ai/private-gpt/issues/646,closed,Exclude,Absent from final dataset; criterion-level exclusion reason was not retained
zylon-ai/private-gpt,648,https://github.com/zylon-ai/private-gpt/issues/648,closed,Exclude,Absent from final dataset; criterion-level exclusion reason was not retained
zylon-ai/private-gpt,650,https://github.com/zylon-ai/private-gpt/issues/650,closed,Exclude,Absent from final dataset; criterion-level exclusion reason was not retained
zylon-ai/private-gpt,652,https://github.com/zylon-ai/private-gpt/issues/652,closed,Exclude,Absent from final dataset; criterion-level exclusion reason was not retained
zylon-ai/private-gpt,654,https://github.com/zylon-ai/private-gpt/issues/654,closed,Exclude,Absent from final dataset; criterion-level exclusion reason was not retained
zylon-ai/private-gpt,661,https://github.com/zylon-ai/private-gpt/issues/661,closed,Exclude,Absent from final dataset; criterion-level exclusion reason was not retained
zylon-ai/private-gpt,663,https://github.com/zylon-ai/private-gpt/issues/663,closed,Exclude,Absent from final dataset; criterion-level exclusion reason was not retained
zylon-ai/private-gpt,666,https://github.com/zylon-ai/private-gpt/issues/666,closed,Exclude,Absent from final dataset; criterion-level exclusion reason was not retained
zylon-ai/private-gpt,669,https://github.com/zylon-ai/private-gpt/issues/669,closed,Exclude,Absent from final dataset; criterion-level exclusion reason was not retained
zylon-ai/private-gpt,670,https://github.com/zylon-ai/private-gpt/issues/670,closed,Exclude,Absent from final dataset; criterion-level exclusion reason was not retained
zylon-ai/private-gpt,672,https://github.com/zylon-ai/private-gpt/issues/672,closed,Exclude,Absent from final dataset; criterion-level exclusion reason was not retained
zylon-ai/private-gpt,689,https://github.com/zylon-ai/private-gpt/issues/689,closed,Exclude,Absent from final dataset; criterion-level exclusion reason was not retained
zylon-ai/private-gpt,690,https://github.com/zylon-ai/private-gpt/issues/690,closed,Exclude,Absent from final dataset; criterion-level exclusion reason was not retained
zylon-ai/private-gpt,691,https://github.com/zylon-ai/private-gpt/issues/691,closed,Exclude,Absent from final dataset; criterion-level exclusion reason was not retained
zylon-ai/private-gpt,694,https://github.com/zylon-ai/private-gpt/issues/694,closed,Exclude,Absent from final dataset; criterion-level exclusion reason was not retained
zylon-ai/private-gpt,701,https://github.com/zylon-ai/private-gpt/issues/701,closed,Exclude,Absent from final dataset; criterion-level exclusion reason was not retained
zylon-ai/private-gpt,707,https://github.com/zylon-ai/private-gpt/issues/707,closed,Exclude,Absent from final dataset; criterion-level exclusion reason was not retained
zylon-ai/private-gpt,714,https://github.com/zylon-ai/private-gpt/issues/714,closed,Exclude,Absent from final dataset; criterion-level exclusion reason was not retained
zylon-ai/private-gpt,716,https://github.com/zylon-ai/private-gpt/issues/716,closed,Exclude,Absent from final dataset; criterion-level exclusion reason was not retained
zylon-ai/private-gpt,724,https://github.com/zylon-ai/private-gpt/issues/724,closed,Exclude,Absent from final dataset; criterion-level exclusion reason was not retained
zylon-ai/private-gpt,729,https://github.com/zylon-ai/private-gpt/issues/729,closed,Exclude,Absent from final dataset; criterion-level exclusion reason was not retained
zylon-ai/private-gpt,742,https://github.com/zylon-ai/private-gpt/issues/742,closed,Exclude,Absent from final dataset; criterion-level exclusion reason was not retained
zylon-ai/private-gpt,746,https://github.com/zylon-ai/private-gpt/issues/746,closed,Exclude,Absent from final dataset; criterion-level exclusion reason was not retained
zylon-ai/private-gpt,749,https://github.com/zylon-ai/private-gpt/issues/749,closed,Exclude,Absent from final dataset; criterion-level exclusion reason was not retained
zylon-ai/private-gpt,750,https://github.com/zylon-ai/private-gpt/issues/750,closed,Exclude,Absent from final dataset; criterion-level exclusion reason was not retained
zylon-ai/private-gpt,751,https://github.com/zylon-ai/private-gpt/issues/751,closed,Exclude,Absent from final dataset; criterion-level exclusion reason was not retained
zylon-ai/private-gpt,754,https://github.com/zylon-ai/private-gpt/issues/754,closed,Exclude,Absent from final dataset; criterion-level exclusion reason was not retained
zylon-ai/private-gpt,762,https://github.com/zylon-ai/private-gpt/issues/762,closed,Exclude,Absent from final dataset; criterion-level exclusion reason was not retained
zylon-ai/private-gpt,770,https://github.com/zylon-ai/private-gpt/issues/770,closed,Exclude,Absent from final dataset; criterion-level exclusion reason was not retained
zylon-ai/private-gpt,784,https://github.com/zylon-ai/private-gpt/issues/784,closed,Exclude,Absent from final dataset; criterion-level exclusion reason was not retained
zylon-ai/private-gpt,792,https://github.com/zylon-ai/private-gpt/issues/792,closed,Exclude,Absent from final dataset; criterion-level exclusion reason was not retained
zylon-ai/private-gpt,794,https://github.com/zylon-ai/private-gpt/issues/794,closed,Exclude,Absent from final dataset; criterion-level exclusion reason was not retained
zylon-ai/private-gpt,798,https://github.com/zylon-ai/private-gpt/issues/798,closed,Exclude,Absent from final dataset; criterion-level exclusion reason was not retained
zylon-ai/private-gpt,802,https://github.com/zylon-ai/private-gpt/issues/802,closed,Exclude,Absent from final dataset; criterion-level exclusion reason was not retained
zylon-ai/private-gpt,807,https://github.com/zylon-ai/private-gpt/issues/807,closed,Exclude,Absent from final dataset; criterion-level exclusion reason was not retained
zylon-ai/private-gpt,809,https://github.com/zylon-ai/private-gpt/issues/809,closed,Exclude,Absent from final dataset; criterion-level exclusion reason was not retained
zylon-ai/private-gpt,823,https://github.com/zylon-ai/private-gpt/issues/823,closed,Exclude,Absent from final dataset; criterion-level exclusion reason was not retained
zylon-ai/private-gpt,824,https://github.com/zylon-ai/private-gpt/issues/824,closed,Exclude,Absent from final dataset; criterion-level exclusion reason was not retained
zylon-ai/private-gpt,826,https://github.com/zylon-ai/private-gpt/issues/826,closed,Exclude,Absent from final dataset; criterion-level exclusion reason was not retained
zylon-ai/private-gpt,833,https://github.com/zylon-ai/private-gpt/issues/833,closed,Exclude,Absent from final dataset; criterion-level exclusion reason was not retained
zylon-ai/private-gpt,836,https://github.com/zylon-ai/private-gpt/issues/836,closed,Exclude,Absent from final dataset; criterion-level exclusion reason was not retained
zylon-ai/private-gpt,839,https://github.com/zylon-ai/private-gpt/issues/839,closed,Exclude,Absent from final dataset; criterion-level exclusion reason was not retained
zylon-ai/private-gpt,844,https://github.com/zylon-ai/private-gpt/issues/844,closed,Include,Present in released 654-issue dataset
zylon-ai/private-gpt,845,https://github.com/zylon-ai/private-gpt/issues/845,closed,Exclude,Absent from final dataset; criterion-level exclusion reason was not retained
zylon-ai/private-gpt,849,https://github.com/zylon-ai/private-gpt/issues/849,closed,Exclude,Absent from final dataset; criterion-level exclusion reason was not retained
zylon-ai/private-gpt,853,https://github.com/zylon-ai/private-gpt/issues/853,closed,Exclude,Absent from final dataset; criterion-level exclusion reason was not retained
zylon-ai/private-gpt,862,https://github.com/zylon-ai/private-gpt/issues/862,closed,Exclude,Absent from final dataset; criterion-level exclusion reason was not retained
zylon-ai/private-gpt,865,https://github.com/zylon-ai/private-gpt/issues/865,closed,Exclude,Absent from final dataset; criterion-level exclusion reason was not retained
zylon-ai/private-gpt,869,https://github.com/zylon-ai/private-gpt/issues/869,closed,Include,Present in released 654-issue dataset
zylon-ai/private-gpt,872,https://github.com/zylon-ai/private-gpt/issues/872,closed,Exclude,Absent from final dataset; criterion-level exclusion reason was not retained
zylon-ai/private-gpt,874,https://github.com/zylon-ai/private-gpt/issues/874,closed,Exclude,Absent from final dataset; criterion-level exclusion reason was not retained
zylon-ai/private-gpt,876,https://github.com/zylon-ai/private-gpt/issues/876,closed,Exclude,Absent from final dataset; criterion-level exclusion reason was not retained
zylon-ai/private-gpt,879,https://github.com/zylon-ai/private-gpt/issues/879,closed,Exclude,Absent from final dataset; criterion-level exclusion reason was not retained
zylon-ai/private-gpt,884,https://github.com/zylon-ai/private-gpt/issues/884,closed,Exclude,Absent from final dataset; criterion-level exclusion reason was not retained
zylon-ai/private-gpt,894,https://github.com/zylon-ai/private-gpt/issues/894,closed,Exclude,Absent from final dataset; criterion-level exclusion reason was not retained
zylon-ai/private-gpt,895,https://github.com/zylon-ai/private-gpt/issues/895,closed,Exclude,Absent from final dataset; criterion-level exclusion reason was not retained
zylon-ai/private-gpt,897,https://github.com/zylon-ai/private-gpt/issues/897,closed,Exclude,Absent from final dataset; criterion-level exclusion reason was not retained
zylon-ai/private-gpt,906,https://github.com/zylon-ai/private-gpt/issues/906,closed,Exclude,Absent from final dataset; criterion-level exclusion reason was not retained
zylon-ai/private-gpt,909,https://github.com/zylon-ai/private-gpt/issues/909,closed,Exclude,Absent from final dataset; criterion-level exclusion reason was not retained
zylon-ai/private-gpt,911,https://github.com/zylon-ai/private-gpt/issues/911,closed,Exclude,Absent from final dataset; criterion-level exclusion reason was not retained
zylon-ai/private-gpt,912,https://github.com/zylon-ai/private-gpt/issues/912,closed,Exclude,Absent from final dataset; criterion-level exclusion reason was not retained
zylon-ai/private-gpt,918,https://github.com/zylon-ai/private-gpt/issues/918,closed,Include,Present in released 654-issue dataset
zylon-ai/private-gpt,919,https://github.com/zylon-ai/private-gpt/issues/919,closed,Exclude,Absent from final dataset; criterion-level exclusion reason was not retained
zylon-ai/private-gpt,931,https://github.com/zylon-ai/private-gpt/issues/931,closed,Include,Present in released 654-issue dataset
zylon-ai/private-gpt,933,https://github.com/zylon-ai/private-gpt/issues/933,closed,Exclude,Absent from final dataset; criterion-level exclusion reason was not retained
zylon-ai/private-gpt,936,https://github.com/zylon-ai/private-gpt/issues/936,closed,Exclude,Absent from final dataset; criterion-level exclusion reason was not retained
zylon-ai/private-gpt,940,https://github.com/zylon-ai/private-gpt/issues/940,closed,Exclude,Absent from final dataset; criterion-level exclusion reason was not retained
zylon-ai/private-gpt,942,https://github.com/zylon-ai/private-gpt/issues/942,closed,Exclude,Absent from final dataset; criterion-level exclusion reason was not retained
zylon-ai/private-gpt,943,https://github.com/zylon-ai/private-gpt/issues/943,closed,Include,Present in released 654-issue dataset
zylon-ai/private-gpt,956,https://github.com/zylon-ai/private-gpt/issues/956,closed,Exclude,Absent from final dataset; criterion-level exclusion reason was not retained
zylon-ai/private-gpt,959,https://github.com/zylon-ai/private-gpt/issues/959,closed,Exclude,Absent from final dataset; criterion-level exclusion reason was not retained
zylon-ai/private-gpt,965,https://github.com/zylon-ai/private-gpt/issues/965,closed,Exclude,Absent from final dataset; criterion-level exclusion reason was not retained
zylon-ai/private-gpt,976,https://github.com/zylon-ai/private-gpt/issues/976,closed,Exclude,Absent from final dataset; criterion-level exclusion reason was not retained
zylon-ai/private-gpt,981,https://github.com/zylon-ai/private-gpt/issues/981,closed,Exclude,Absent from final dataset; criterion-level exclusion reason was not retained
zylon-ai/private-gpt,984,https://github.com/zylon-ai/private-gpt/issues/984,closed,Exclude,Absent from final dataset; criterion-level exclusion reason was not retained
zylon-ai/private-gpt,986,https://github.com/zylon-ai/private-gpt/issues/986,closed,Exclude,Absent from final dataset; criterion-level exclusion reason was not retained
zylon-ai/private-gpt,990,https://github.com/zylon-ai/private-gpt/issues/990,closed,Include,Present in released 654-issue dataset
zylon-ai/private-gpt,994,https://github.com/zylon-ai/private-gpt/issues/994,closed,Exclude,Absent from final dataset; criterion-level exclusion reason was not retained
zylon-ai/private-gpt,1002,https://github.com/zylon-ai/private-gpt/issues/1002,closed,Exclude,Absent from final dataset; criterion-level exclusion reason was not retained
zylon-ai/private-gpt,1003,https://github.com/zylon-ai/private-gpt/issues/1003,closed,Exclude,Absent from final dataset; criterion-level exclusion reason was not retained
zylon-ai/private-gpt,1004,https://github.com/zylon-ai/private-gpt/issues/1004,closed,Exclude,Absent from final dataset; criterion-level exclusion reason was not retained
zylon-ai/private-gpt,1007,https://github.com/zylon-ai/private-gpt/issues/1007,closed,Exclude,Absent from final dataset; criterion-level exclusion reason was not retained
zylon-ai/private-gpt,1009,https://github.com/zylon-ai/private-gpt/issues/1009,closed,Exclude,Absent from final dataset; criterion-level exclusion reason was not retained
zylon-ai/private-gpt,1014,https://github.com/zylon-ai/private-gpt/issues/1014,closed,Exclude,Absent from final dataset; criterion-level exclusion reason was not retained
zylon-ai/private-gpt,1018,https://github.com/zylon-ai/private-gpt/issues/1018,closed,Exclude,Absent from final dataset; criterion-level exclusion reason was not retained
zylon-ai/private-gpt,1021,https://github.com/zylon-ai/private-gpt/issues/1021,closed,Exclude,Absent from final dataset; criterion-level exclusion reason was not retained
zylon-ai/private-gpt,1022,https://github.com/zylon-ai/private-gpt/issues/1022,closed,Exclude,Absent from final dataset; criterion-level exclusion reason was not retained
zylon-ai/private-gpt,1023,https://github.com/zylon-ai/private-gpt/issues/1023,closed,Exclude,Absent from final dataset; criterion-level exclusion reason was not retained
zylon-ai/private-gpt,1026,https://github.com/zylon-ai/private-gpt/issues/1026,closed,Exclude,Absent from final dataset; criterion-level exclusion reason was not retained
zylon-ai/private-gpt,1028,https://github.com/zylon-ai/private-gpt/issues/1028,closed,Include,Present in released 654-issue dataset
zylon-ai/private-gpt,1029,https://github.com/zylon-ai/private-gpt/issues/1029,closed,Exclude,Absent from final dataset; criterion-level exclusion reason was not retained
zylon-ai/private-gpt,1033,https://github.com/zylon-ai/private-gpt/issues/1033,closed,Exclude,Absent from final dataset; criterion-level exclusion reason was not retained
zylon-ai/private-gpt,1035,https://github.com/zylon-ai/private-gpt/issues/1035,closed,Exclude,Absent from final dataset; criterion-level exclusion reason was not retained
zylon-ai/private-gpt,1039,https://github.com/zylon-ai/private-gpt/issues/1039,closed,Exclude,Absent from final dataset; criterion-level exclusion reason was not retained
zylon-ai/private-gpt,1040,https://github.com/zylon-ai/private-gpt/issues/1040,closed,Include,Present in released 654-issue dataset
zylon-ai/private-gpt,1044,https://github.com/zylon-ai/private-gpt/issues/1044,closed,Include,Present in released 654-issue dataset
zylon-ai/private-gpt,1045,https://github.com/zylon-ai/private-gpt/issues/1045,closed,Exclude,Absent from final dataset; criterion-level exclusion reason was not retained
zylon-ai/private-gpt,1049,https://github.com/zylon-ai/private-gpt/issues/1049,closed,Exclude,Absent from final dataset; criterion-level exclusion reason was not retained
zylon-ai/private-gpt,1056,https://github.com/zylon-ai/private-gpt/issues/1056,closed,Exclude,Absent from final dataset; criterion-level exclusion reason was not retained
zylon-ai/private-gpt,1058,https://github.com/zylon-ai/private-gpt/issues/1058,closed,Exclude,Absent from final dataset; criterion-level exclusion reason was not retained
zylon-ai/private-gpt,1060,https://github.com/zylon-ai/private-gpt/issues/1060,closed,Exclude,Absent from final dataset; criterion-level exclusion reason was not retained
zylon-ai/private-gpt,1061,https://github.com/zylon-ai/private-gpt/issues/1061,closed,Exclude,Absent from final dataset; criterion-level exclusion reason was not retained
zylon-ai/private-gpt,1064,https://github.com/zylon-ai/private-gpt/issues/1064,closed,Exclude,Absent from final dataset; criterion-level exclusion reason was not retained
zylon-ai/private-gpt,1066,https://github.com/zylon-ai/private-gpt/issues/1066,closed,Exclude,Absent from final dataset; criterion-level exclusion reason was not retained
zylon-ai/private-gpt,1070,https://github.com/zylon-ai/private-gpt/issues/1070,closed,Exclude,Absent from final dataset; criterion-level exclusion reason was not retained
zylon-ai/private-gpt,1117,https://github.com/zylon-ai/private-gpt/issues/1117,closed,Exclude,Absent from final dataset; criterion-level exclusion reason was not retained
zylon-ai/private-gpt,1986,https://github.com/zylon-ai/private-gpt/issues/1986,closed,Exclude,Absent from final dataset; criterion-level exclusion reason was not retained
zylon-ai/private-gpt,2005,https://github.com/zylon-ai/private-gpt/issues/2005,closed,Exclude,Absent from final dataset; criterion-level exclusion reason was not retained
zylon-ai/private-gpt,2006,https://github.com/zylon-ai/private-gpt/issues/2006,closed,Exclude,Absent from final dataset; criterion-level exclusion reason was not retained
zylon-ai/private-gpt,2013,https://github.com/zylon-ai/private-gpt/issues/2013,closed,Exclude,Absent from final dataset; criterion-level exclusion reason was not retained
zylon-ai/private-gpt,2076,https://github.com/zylon-ai/private-gpt/issues/2076,closed,Exclude,Absent from final dataset; criterion-level exclusion reason was not retained
zylon-ai/private-gpt,2085,https://github.com/zylon-ai/private-gpt/issues/2085,closed,Exclude,Absent from final dataset; criterion-level exclusion reason was not retained
zylon-ai/private-gpt,2102,https://github.com/zylon-ai/private-gpt/issues/2102,closed,Exclude,Absent from final dataset; criterion-level exclusion reason was not retained
zylon-ai/private-gpt,2106,https://github.com/zylon-ai/private-gpt/issues/2106,closed,Exclude,Absent from final dataset; criterion-level exclusion reason was not retained
zylon-ai/private-gpt,2108,https://github.com/zylon-ai/private-gpt/issues/2108,closed,Exclude,Absent from final dataset; criterion-level exclusion reason was not retained
zylon-ai/private-gpt,2138,https://github.com/zylon-ai/private-gpt/issues/2138,closed,Include,Present in released 654-issue dataset
QuivrHQ/quivr,12,https://github.com/QuivrHQ/quivr/issues/12,closed,Exclude,Absent from final dataset; criterion-level exclusion reason was not retained
QuivrHQ/quivr,41,https://github.com/QuivrHQ/quivr/issues/41,closed,Exclude,Absent from final dataset; criterion-level exclusion reason was not retained
QuivrHQ/quivr,502,https://github.com/QuivrHQ/quivr/issues/502,closed,Include,Present in released 654-issue dataset
QuivrHQ/quivr,603,https://github.com/QuivrHQ/quivr/issues/603,closed,Exclude,Absent from final dataset; criterion-level exclusion reason was not retained
QuivrHQ/quivr,784,https://github.com/QuivrHQ/quivr/issues/784,closed,Exclude,Absent from final dataset; criterion-level exclusion reason was not retained
QuivrHQ/quivr,1072,https://github.com/QuivrHQ/quivr/issues/1072,closed,Exclude,Absent from final dataset; criterion-level exclusion reason was not retained
QuivrHQ/quivr,1227,https://github.com/QuivrHQ/quivr/issues/1227,closed,Exclude,Absent from final dataset; criterion-level exclusion reason was not retained
QuivrHQ/quivr,1238,https://github.com/QuivrHQ/quivr/issues/1238,closed,Exclude,Absent from final dataset; criterion-level exclusion reason was not retained
QuivrHQ/quivr,1239,https://github.com/QuivrHQ/quivr/issues/1239,closed,Exclude,Absent from final dataset; criterion-level exclusion reason was not retained
QuivrHQ/quivr,1243,https://github.com/QuivrHQ/quivr/issues/1243,closed,Exclude,Absent from final dataset; criterion-level exclusion reason was not retained
QuivrHQ/quivr,1248,https://github.com/QuivrHQ/quivr/issues/1248,closed,Include,Present in released 654-issue dataset
QuivrHQ/quivr,1250,https://github.com/QuivrHQ/quivr/issues/1250,closed,Exclude,Absent from final dataset; criterion-level exclusion reason was not retained
QuivrHQ/quivr,1261,https://github.com/QuivrHQ/quivr/issues/1261,closed,Exclude,Absent from final dataset; criterion-level exclusion reason was not retained
QuivrHQ/quivr,1280,https://github.com/QuivrHQ/quivr/issues/1280,closed,Exclude,Absent from final dataset; criterion-level exclusion reason was not retained
QuivrHQ/quivr,1283,https://github.com/QuivrHQ/quivr/issues/1283,closed,Exclude,Absent from final dataset; criterion-level exclusion reason was not retained
QuivrHQ/quivr,1286,https://github.com/QuivrHQ/quivr/issues/1286,closed,Exclude,Absent from final dataset; criterion-level exclusion reason was not retained
QuivrHQ/quivr,1287,https://github.com/QuivrHQ/quivr/issues/1287,closed,Exclude,Absent from final dataset; criterion-level exclusion reason was not retained
QuivrHQ/quivr,1290,https://github.com/QuivrHQ/quivr/issues/1290,closed,Exclude,Absent from final dataset; criterion-level exclusion reason was not retained
QuivrHQ/quivr,1294,https://github.com/QuivrHQ/quivr/issues/1294,closed,Exclude,Absent from final dataset; criterion-level exclusion reason was not retained
QuivrHQ/quivr,1297,https://github.com/QuivrHQ/quivr/issues/1297,closed,Exclude,Absent from final dataset; criterion-level exclusion reason was not retained
QuivrHQ/quivr,1336,https://github.com/QuivrHQ/quivr/issues/1336,closed,Exclude,Absent from final dataset; criterion-level exclusion reason was not retained
QuivrHQ/quivr,1341,https://github.com/QuivrHQ/quivr/issues/1341,closed,Exclude,Absent from final dataset; criterion-level exclusion reason was not retained
QuivrHQ/quivr,1343,https://github.com/QuivrHQ/quivr/issues/1343,closed,Exclude,Absent from final dataset; criterion-level exclusion reason was not retained
QuivrHQ/quivr,1347,https://github.com/QuivrHQ/quivr/issues/1347,closed,Exclude,Absent from final dataset; criterion-level exclusion reason was not retained
QuivrHQ/quivr,1350,https://github.com/QuivrHQ/quivr/issues/1350,closed,Exclude,Absent from final dataset; criterion-level exclusion reason was not retained
QuivrHQ/quivr,1353,https://github.com/QuivrHQ/quivr/issues/1353,closed,Exclude,Absent from final dataset; criterion-level exclusion reason was not retained
QuivrHQ/quivr,1354,https://github.com/QuivrHQ/quivr/issues/1354,closed,Exclude,Absent from final dataset; criterion-level exclusion reason was not retained
QuivrHQ/quivr,1355,https://github.com/QuivrHQ/quivr/issues/1355,closed,Exclude,Absent from final dataset; criterion-level exclusion reason was not retained
QuivrHQ/quivr,1356,https://github.com/QuivrHQ/quivr/issues/1356,closed,Exclude,Absent from final dataset; criterion-level exclusion reason was not retained
QuivrHQ/quivr,1357,https://github.com/QuivrHQ/quivr/issues/1357,closed,Exclude,Absent from final dataset; criterion-level exclusion reason was not retained
QuivrHQ/quivr,1360,https://github.com/QuivrHQ/quivr/issues/1360,closed,Exclude,Absent from final dataset; criterion-level exclusion reason was not retained
QuivrHQ/quivr,1363,https://github.com/QuivrHQ/quivr/issues/1363,closed,Include,Present in released 654-issue dataset
QuivrHQ/quivr,1370,https://github.com/QuivrHQ/quivr/issues/1370,closed,Exclude,Absent from final dataset; criterion-level exclusion reason was not retained
QuivrHQ/quivr,1374,https://github.com/QuivrHQ/quivr/issues/1374,closed,Exclude,Absent from final dataset; criterion-level exclusion reason was not retained
QuivrHQ/quivr,1376,https://github.com/QuivrHQ/quivr/issues/1376,closed,Exclude,Absent from final dataset; criterion-level exclusion reason was not retained
QuivrHQ/quivr,1392,https://github.com/QuivrHQ/quivr/issues/1392,closed,Include,Present in released 654-issue dataset
QuivrHQ/quivr,1393,https://github.com/QuivrHQ/quivr/issues/1393,closed,Include,Present in released 654-issue dataset
QuivrHQ/quivr,1398,https://github.com/QuivrHQ/quivr/issues/1398,closed,Exclude,Absent from final dataset; criterion-level exclusion reason was not retained
QuivrHQ/quivr,1400,https://github.com/QuivrHQ/quivr/issues/1400,closed,Exclude,Absent from final dataset; criterion-level exclusion reason was not retained
QuivrHQ/quivr,1401,https://github.com/QuivrHQ/quivr/issues/1401,closed,Exclude,Absent from final dataset; criterion-level exclusion reason was not retained
QuivrHQ/quivr,1402,https://github.com/QuivrHQ/quivr/issues/1402,closed,Exclude,Absent from final dataset; criterion-level exclusion reason was not retained
QuivrHQ/quivr,1412,https://github.com/QuivrHQ/quivr/issues/1412,closed,Exclude,Absent from final dataset; criterion-level exclusion reason was not retained
QuivrHQ/quivr,1413,https://github.com/QuivrHQ/quivr/issues/1413,closed,Exclude,Absent from final dataset; criterion-level exclusion reason was not retained
QuivrHQ/quivr,1455,https://github.com/QuivrHQ/quivr/issues/1455,closed,Exclude,Absent from final dataset; criterion-level exclusion reason was not retained
QuivrHQ/quivr,1458,https://github.com/QuivrHQ/quivr/issues/1458,closed,Exclude,Absent from final dataset; criterion-level exclusion reason was not retained
QuivrHQ/quivr,1479,https://github.com/QuivrHQ/quivr/issues/1479,closed,Exclude,Absent from final dataset; criterion-level exclusion reason was not retained
QuivrHQ/quivr,1491,https://github.com/QuivrHQ/quivr/issues/1491,closed,Exclude,Absent from final dataset; criterion-level exclusion reason was not retained
QuivrHQ/quivr,1498,https://github.com/QuivrHQ/quivr/issues/1498,closed,Exclude,Absent from final dataset; criterion-level exclusion reason was not retained
QuivrHQ/quivr,1515,https://github.com/QuivrHQ/quivr/issues/1515,closed,Exclude,Absent from final dataset; criterion-level exclusion reason was not retained
QuivrHQ/quivr,1517,https://github.com/QuivrHQ/quivr/issues/1517,closed,Exclude,Absent from final dataset; criterion-level exclusion reason was not retained
QuivrHQ/quivr,1518,https://github.com/QuivrHQ/quivr/issues/1518,closed,Exclude,Absent from final dataset; criterion-level exclusion reason was not retained
QuivrHQ/quivr,1519,https://github.com/QuivrHQ/quivr/issues/1519,closed,Exclude,Absent from final dataset; criterion-level exclusion reason was not retained
QuivrHQ/quivr,1520,https://github.com/QuivrHQ/quivr/issues/1520,closed,Exclude,Absent from final dataset; criterion-level exclusion reason was not retained
QuivrHQ/quivr,1544,https://github.com/QuivrHQ/quivr/issues/1544,closed,Exclude,Absent from final dataset; criterion-level exclusion reason was not retained
QuivrHQ/quivr,1553,https://github.com/QuivrHQ/quivr/issues/1553,closed,Include,Present in released 654-issue dataset
QuivrHQ/quivr,1557,https://github.com/QuivrHQ/quivr/issues/1557,closed,Exclude,Absent from final dataset; criterion-level exclusion reason was not retained
QuivrHQ/quivr,1568,https://github.com/QuivrHQ/quivr/issues/1568,closed,Exclude,Absent from final dataset; criterion-level exclusion reason was not retained
QuivrHQ/quivr,1575,https://github.com/QuivrHQ/quivr/issues/1575,closed,Exclude,Absent from final dataset; criterion-level exclusion reason was not retained
QuivrHQ/quivr,1576,https://github.com/QuivrHQ/quivr/issues/1576,closed,Exclude,Absent from final dataset; criterion-level exclusion reason was not retained
QuivrHQ/quivr,1582,https://github.com/QuivrHQ/quivr/issues/1582,closed,Exclude,Absent from final dataset; criterion-level exclusion reason was not retained
QuivrHQ/quivr,1583,https://github.com/QuivrHQ/quivr/issues/1583,closed,Exclude,Absent from final dataset; criterion-level exclusion reason was not retained
QuivrHQ/quivr,1600,https://github.com/QuivrHQ/quivr/issues/1600,closed,Exclude,Absent from final dataset; criterion-level exclusion reason was not retained
QuivrHQ/quivr,1602,https://github.com/QuivrHQ/quivr/issues/1602,closed,Exclude,Absent from final dataset; criterion-level exclusion reason was not retained
QuivrHQ/quivr,1608,https://github.com/QuivrHQ/quivr/issues/1608,closed,Exclude,Absent from final dataset; criterion-level exclusion reason was not retained
QuivrHQ/quivr,1610,https://github.com/QuivrHQ/quivr/issues/1610,closed,Exclude,Absent from final dataset; criterion-level exclusion reason was not retained
QuivrHQ/quivr,1625,https://github.com/QuivrHQ/quivr/issues/1625,closed,Exclude,Absent from final dataset; criterion-level exclusion reason was not retained
QuivrHQ/quivr,1637,https://github.com/QuivrHQ/quivr/issues/1637,closed,Exclude,Absent from final dataset; criterion-level exclusion reason was not retained
QuivrHQ/quivr,1649,https://github.com/QuivrHQ/quivr/issues/1649,closed,Exclude,Absent from final dataset; criterion-level exclusion reason was not retained
QuivrHQ/quivr,1650,https://github.com/QuivrHQ/quivr/issues/1650,closed,Exclude,Absent from final dataset; criterion-level exclusion reason was not retained
QuivrHQ/quivr,1652,https://github.com/QuivrHQ/quivr/issues/1652,closed,Exclude,Absent from final dataset; criterion-level exclusion reason was not retained
QuivrHQ/quivr,1654,https://github.com/QuivrHQ/quivr/issues/1654,closed,Exclude,Absent from final dataset; criterion-level exclusion reason was not retained
QuivrHQ/quivr,1667,https://github.com/QuivrHQ/quivr/issues/1667,closed,Exclude,Absent from final dataset; criterion-level exclusion reason was not retained
QuivrHQ/quivr,1675,https://github.com/QuivrHQ/quivr/issues/1675,closed,Exclude,Absent from final dataset; criterion-level exclusion reason was not retained
QuivrHQ/quivr,1679,https://github.com/QuivrHQ/quivr/issues/1679,closed,Exclude,Absent from final dataset; criterion-level exclusion reason was not retained
QuivrHQ/quivr,1681,https://github.com/QuivrHQ/quivr/issues/1681,closed,Exclude,Absent from final dataset; criterion-level exclusion reason was not retained
QuivrHQ/quivr,1689,https://github.com/QuivrHQ/quivr/issues/1689,closed,Exclude,Absent from final dataset; criterion-level exclusion reason was not retained
QuivrHQ/quivr,1690,https://github.com/QuivrHQ/quivr/issues/1690,closed,Include,Present in released 654-issue dataset
QuivrHQ/quivr,1706,https://github.com/QuivrHQ/quivr/issues/1706,closed,Exclude,Absent from final dataset; criterion-level exclusion reason was not retained
QuivrHQ/quivr,1708,https://github.com/QuivrHQ/quivr/issues/1708,closed,Exclude,Absent from final dataset; criterion-level exclusion reason was not retained
QuivrHQ/quivr,1709,https://github.com/QuivrHQ/quivr/issues/1709,closed,Exclude,Absent from final dataset; criterion-level exclusion reason was not retained
QuivrHQ/quivr,1710,https://github.com/QuivrHQ/quivr/issues/1710,closed,Exclude,Absent from final dataset; criterion-level exclusion reason was not retained
QuivrHQ/quivr,1711,https://github.com/QuivrHQ/quivr/issues/1711,closed,Exclude,Absent from final dataset; criterion-level exclusion reason was not retained
QuivrHQ/quivr,1712,https://github.com/QuivrHQ/quivr/issues/1712,closed,Exclude,Absent from final dataset; criterion-level exclusion reason was not retained
QuivrHQ/quivr,1720,https://github.com/QuivrHQ/quivr/issues/1720,closed,Exclude,Absent from final dataset; criterion-level exclusion reason was not retained
QuivrHQ/quivr,1724,https://github.com/QuivrHQ/quivr/issues/1724,closed,Exclude,Absent from final dataset; criterion-level exclusion reason was not retained
QuivrHQ/quivr,1734,https://github.com/QuivrHQ/quivr/issues/1734,closed,Exclude,Absent from final dataset; criterion-level exclusion reason was not retained
QuivrHQ/quivr,1738,https://github.com/QuivrHQ/quivr/issues/1738,closed,Exclude,Absent from final dataset; criterion-level exclusion reason was not retained
QuivrHQ/quivr,1739,https://github.com/QuivrHQ/quivr/issues/1739,closed,Exclude,Absent from final dataset; criterion-level exclusion reason was not retained
QuivrHQ/quivr,1746,https://github.com/QuivrHQ/quivr/issues/1746,closed,Exclude,Absent from final dataset; criterion-level exclusion reason was not retained
QuivrHQ/quivr,1761,https://github.com/QuivrHQ/quivr/issues/1761,closed,Exclude,Absent from final dataset; criterion-level exclusion reason was not retained
QuivrHQ/quivr,1766,https://github.com/QuivrHQ/quivr/issues/1766,closed,Exclude,Absent from final dataset; criterion-level exclusion reason was not retained
QuivrHQ/quivr,1768,https://github.com/QuivrHQ/quivr/issues/1768,closed,Exclude,Absent from final dataset; criterion-level exclusion reason was not retained
QuivrHQ/quivr,1775,https://github.com/QuivrHQ/quivr/issues/1775,closed,Exclude,Absent from final dataset; criterion-level exclusion reason was not retained
QuivrHQ/quivr,1778,https://github.com/QuivrHQ/quivr/issues/1778,closed,Exclude,Absent from final dataset; criterion-level exclusion reason was not retained
QuivrHQ/quivr,1781,https://github.com/QuivrHQ/quivr/issues/1781,closed,Exclude,Absent from final dataset; criterion-level exclusion reason was not retained
QuivrHQ/quivr,1803,https://github.com/QuivrHQ/quivr/issues/1803,closed,Exclude,Absent from final dataset; criterion-level exclusion reason was not retained
QuivrHQ/quivr,1805,https://github.com/QuivrHQ/quivr/issues/1805,closed,Exclude,Absent from final dataset; criterion-level exclusion reason was not retained
QuivrHQ/quivr,1806,https://github.com/QuivrHQ/quivr/issues/1806,closed,Exclude,Absent from final dataset; criterion-level exclusion reason was not retained
QuivrHQ/quivr,1816,https://github.com/QuivrHQ/quivr/issues/1816,closed,Exclude,Absent from final dataset; criterion-level exclusion reason was not retained
QuivrHQ/quivr,1818,https://github.com/QuivrHQ/quivr/issues/1818,closed,Exclude,Absent from final dataset; criterion-level exclusion reason was not retained
QuivrHQ/quivr,1822,https://github.com/QuivrHQ/quivr/issues/1822,closed,Exclude,Absent from final dataset; criterion-level exclusion reason was not retained
QuivrHQ/quivr,1824,https://github.com/QuivrHQ/quivr/issues/1824,closed,Exclude,Absent from final dataset; criterion-level exclusion reason was not retained
QuivrHQ/quivr,1827,https://github.com/QuivrHQ/quivr/issues/1827,closed,Exclude,Absent from final dataset; criterion-level exclusion reason was not retained
QuivrHQ/quivr,1828,https://github.com/QuivrHQ/quivr/issues/1828,closed,Exclude,Absent from final dataset; criterion-level exclusion reason was not retained
QuivrHQ/quivr,1829,https://github.com/QuivrHQ/quivr/issues/1829,closed,Exclude,Absent from final dataset; criterion-level exclusion reason was not retained
QuivrHQ/quivr,1831,https://github.com/QuivrHQ/quivr/issues/1831,closed,Exclude,Absent from final dataset; criterion-level exclusion reason was not retained
QuivrHQ/quivr,1843,https://github.com/QuivrHQ/quivr/issues/1843,closed,Exclude,Absent from final dataset; criterion-level exclusion reason was not retained
QuivrHQ/quivr,1846,https://github.com/QuivrHQ/quivr/issues/1846,closed,Exclude,Absent from final dataset; criterion-level exclusion reason was not retained
QuivrHQ/quivr,1850,https://github.com/QuivrHQ/quivr/issues/1850,closed,Exclude,Absent from final dataset; criterion-level exclusion reason was not retained
QuivrHQ/quivr,1854,https://github.com/QuivrHQ/quivr/issues/1854,closed,Exclude,Absent from final dataset; criterion-level exclusion reason was not retained
QuivrHQ/quivr,1855,https://github.com/QuivrHQ/quivr/issues/1855,closed,Exclude,Absent from final dataset; criterion-level exclusion reason was not retained
QuivrHQ/quivr,1856,https://github.com/QuivrHQ/quivr/issues/1856,closed,Exclude,Absent from final dataset; criterion-level exclusion reason was not retained
QuivrHQ/quivr,1868,https://github.com/QuivrHQ/quivr/issues/1868,closed,Exclude,Absent from final dataset; criterion-level exclusion reason was not retained
QuivrHQ/quivr,1871,https://github.com/QuivrHQ/quivr/issues/1871,closed,Exclude,Absent from final dataset; criterion-level exclusion reason was not retained
QuivrHQ/quivr,1895,https://github.com/QuivrHQ/quivr/issues/1895,closed,Exclude,Absent from final dataset; criterion-level exclusion reason was not retained
QuivrHQ/quivr,1898,https://github.com/QuivrHQ/quivr/issues/1898,closed,Exclude,Absent from final dataset; criterion-level exclusion reason was not retained
QuivrHQ/quivr,1904,https://github.com/QuivrHQ/quivr/issues/1904,closed,Exclude,Absent from final dataset; criterion-level exclusion reason was not retained
QuivrHQ/quivr,1911,https://github.com/QuivrHQ/quivr/issues/1911,closed,Exclude,Absent from final dataset; criterion-level exclusion reason was not retained
QuivrHQ/quivr,1912,https://github.com/QuivrHQ/quivr/issues/1912,closed,Exclude,Absent from final dataset; criterion-level exclusion reason was not retained
QuivrHQ/quivr,1913,https://github.com/QuivrHQ/quivr/issues/1913,closed,Exclude,Absent from final dataset; criterion-level exclusion reason was not retained
QuivrHQ/quivr,1914,https://github.com/QuivrHQ/quivr/issues/1914,closed,Exclude,Absent from final dataset; criterion-level exclusion reason was not retained
QuivrHQ/quivr,1940,https://github.com/QuivrHQ/quivr/issues/1940,closed,Exclude,Absent from final dataset; criterion-level exclusion reason was not retained
QuivrHQ/quivr,1942,https://github.com/QuivrHQ/quivr/issues/1942,closed,Exclude,Absent from final dataset; criterion-level exclusion reason was not retained
QuivrHQ/quivr,1943,https://github.com/QuivrHQ/quivr/issues/1943,closed,Exclude,Absent from final dataset; criterion-level exclusion reason was not retained
QuivrHQ/quivr,1947,https://github.com/QuivrHQ/quivr/issues/1947,closed,Exclude,Absent from final dataset; criterion-level exclusion reason was not retained
QuivrHQ/quivr,1949,https://github.com/QuivrHQ/quivr/issues/1949,closed,Exclude,Absent from final dataset; criterion-level exclusion reason was not retained
QuivrHQ/quivr,1971,https://github.com/QuivrHQ/quivr/issues/1971,closed,Exclude,Absent from final dataset; criterion-level exclusion reason was not retained
QuivrHQ/quivr,1972,https://github.com/QuivrHQ/quivr/issues/1972,closed,Exclude,Absent from final dataset; criterion-level exclusion reason was not retained
QuivrHQ/quivr,1988,https://github.com/QuivrHQ/quivr/issues/1988,closed,Exclude,Absent from final dataset; criterion-level exclusion reason was not retained
QuivrHQ/quivr,1989,https://github.com/QuivrHQ/quivr/issues/1989,closed,Exclude,Absent from final dataset; criterion-level exclusion reason was not retained
QuivrHQ/quivr,1991,https://github.com/QuivrHQ/quivr/issues/1991,closed,Exclude,Absent from final dataset; criterion-level exclusion reason was not retained
QuivrHQ/quivr,1992,https://github.com/QuivrHQ/quivr/issues/1992,closed,Exclude,Absent from final dataset; criterion-level exclusion reason was not retained
QuivrHQ/quivr,1993,https://github.com/QuivrHQ/quivr/issues/1993,closed,Exclude,Absent from final dataset; criterion-level exclusion reason was not retained
QuivrHQ/quivr,1994,https://github.com/QuivrHQ/quivr/issues/1994,closed,Exclude,Absent from final dataset; criterion-level exclusion reason was not retained
QuivrHQ/quivr,1998,https://github.com/QuivrHQ/quivr/issues/1998,closed,Exclude,Absent from final dataset; criterion-level exclusion reason was not retained
QuivrHQ/quivr,1999,https://github.com/QuivrHQ/quivr/issues/1999,closed,Exclude,Absent from final dataset; criterion-level exclusion reason was not retained
QuivrHQ/quivr,2000,https://github.com/QuivrHQ/quivr/issues/2000,closed,Exclude,Absent from final dataset; criterion-level exclusion reason was not retained
QuivrHQ/quivr,2001,https://github.com/QuivrHQ/quivr/issues/2001,closed,Exclude,Absent from final dataset; criterion-level exclusion reason was not retained
QuivrHQ/quivr,2002,https://github.com/QuivrHQ/quivr/issues/2002,closed,Exclude,Absent from final dataset; criterion-level exclusion reason was not retained
QuivrHQ/quivr,2003,https://github.com/QuivrHQ/quivr/issues/2003,closed,Exclude,Absent from final dataset; criterion-level exclusion reason was not retained
QuivrHQ/quivr,2006,https://github.com/QuivrHQ/quivr/issues/2006,closed,Exclude,Absent from final dataset; criterion-level exclusion reason was not retained
QuivrHQ/quivr,2007,https://github.com/QuivrHQ/quivr/issues/2007,closed,Exclude,Absent from final dataset; criterion-level exclusion reason was not retained
QuivrHQ/quivr,2008,https://github.com/QuivrHQ/quivr/issues/2008,closed,Exclude,Absent from final dataset; criterion-level exclusion reason was not retained
QuivrHQ/quivr,2009,https://github.com/QuivrHQ/quivr/issues/2009,closed,Exclude,Absent from final dataset; criterion-level exclusion reason was not retained
QuivrHQ/quivr,2010,https://github.com/QuivrHQ/quivr/issues/2010,closed,Exclude,Absent from final dataset; criterion-level exclusion reason was not retained
QuivrHQ/quivr,2021,https://github.com/QuivrHQ/quivr/issues/2021,closed,Exclude,Absent from final dataset; criterion-level exclusion reason was not retained
QuivrHQ/quivr,2022,https://github.com/QuivrHQ/quivr/issues/2022,closed,Exclude,Absent from final dataset; criterion-level exclusion reason was not retained
QuivrHQ/quivr,2056,https://github.com/QuivrHQ/quivr/issues/2056,closed,Include,Present in released 654-issue dataset
QuivrHQ/quivr,2083,https://github.com/QuivrHQ/quivr/issues/2083,closed,Exclude,Absent from final dataset; criterion-level exclusion reason was not retained
QuivrHQ/quivr,2085,https://github.com/QuivrHQ/quivr/issues/2085,closed,Exclude,Absent from final dataset; criterion-level exclusion reason was not retained
QuivrHQ/quivr,2093,https://github.com/QuivrHQ/quivr/issues/2093,closed,Exclude,Absent from final dataset; criterion-level exclusion reason was not retained
QuivrHQ/quivr,2114,https://github.com/QuivrHQ/quivr/issues/2114,closed,Exclude,Absent from final dataset; criterion-level exclusion reason was not retained
QuivrHQ/quivr,2115,https://github.com/QuivrHQ/quivr/issues/2115,closed,Exclude,Absent from final dataset; criterion-level exclusion reason was not retained
QuivrHQ/quivr,2125,https://github.com/QuivrHQ/quivr/issues/2125,closed,Exclude,Absent from final dataset; criterion-level exclusion reason was not retained
QuivrHQ/quivr,2126,https://github.com/QuivrHQ/quivr/issues/2126,closed,Exclude,Absent from final dataset; criterion-level exclusion reason was not retained
QuivrHQ/quivr,2127,https://github.com/QuivrHQ/quivr/issues/2127,closed,Exclude,Absent from final dataset; criterion-level exclusion reason was not retained
QuivrHQ/quivr,2128,https://github.com/QuivrHQ/quivr/issues/2128,closed,Exclude,Absent from final dataset; criterion-level exclusion reason was not retained
QuivrHQ/quivr,2138,https://github.com/QuivrHQ/quivr/issues/2138,closed,Exclude,Absent from final dataset; criterion-level exclusion reason was not retained
QuivrHQ/quivr,2142,https://github.com/QuivrHQ/quivr/issues/2142,closed,Exclude,Absent from final dataset; criterion-level exclusion reason was not retained
QuivrHQ/quivr,2146,https://github.com/QuivrHQ/quivr/issues/2146,closed,Exclude,Absent from final dataset; criterion-level exclusion reason was not retained
QuivrHQ/quivr,2149,https://github.com/QuivrHQ/quivr/issues/2149,closed,Exclude,Absent from final dataset; criterion-level exclusion reason was not retained
QuivrHQ/quivr,2150,https://github.com/QuivrHQ/quivr/issues/2150,closed,Exclude,Absent from final dataset; criterion-level exclusion reason was not retained
QuivrHQ/quivr,2184,https://github.com/QuivrHQ/quivr/issues/2184,closed,Exclude,Absent from final dataset; criterion-level exclusion reason was not retained
QuivrHQ/quivr,2204,https://github.com/QuivrHQ/quivr/issues/2204,closed,Include,Present in released 654-issue dataset
QuivrHQ/quivr,2217,https://github.com/QuivrHQ/quivr/issues/2217,closed,Exclude,Absent from final dataset; criterion-level exclusion reason was not retained
QuivrHQ/quivr,2237,https://github.com/QuivrHQ/quivr/issues/2237,closed,Exclude,Absent from final dataset; criterion-level exclusion reason was not retained
QuivrHQ/quivr,2259,https://github.com/QuivrHQ/quivr/issues/2259,closed,Exclude,Absent from final dataset; criterion-level exclusion reason was not retained
QuivrHQ/quivr,2262,https://github.com/QuivrHQ/quivr/issues/2262,closed,Exclude,Absent from final dataset; criterion-level exclusion reason was not retained
QuivrHQ/quivr,2263,https://github.com/QuivrHQ/quivr/issues/2263,closed,Include,Present in released 654-issue dataset
QuivrHQ/quivr,2266,https://github.com/QuivrHQ/quivr/issues/2266,closed,Exclude,Absent from final dataset; criterion-level exclusion reason was not retained
QuivrHQ/quivr,2267,https://github.com/QuivrHQ/quivr/issues/2267,closed,Include,Present in released 654-issue dataset
QuivrHQ/quivr,2269,https://github.com/QuivrHQ/quivr/issues/2269,closed,Exclude,Absent from final dataset; criterion-level exclusion reason was not retained
QuivrHQ/quivr,2270,https://github.com/QuivrHQ/quivr/issues/2270,closed,Include,Present in released 654-issue dataset
QuivrHQ/quivr,2272,https://github.com/QuivrHQ/quivr/issues/2272,closed,Exclude,Absent from final dataset; criterion-level exclusion reason was not retained
QuivrHQ/quivr,2291,https://github.com/QuivrHQ/quivr/issues/2291,closed,Exclude,Absent from final dataset; criterion-level exclusion reason was not retained
QuivrHQ/quivr,2299,https://github.com/QuivrHQ/quivr/issues/2299,closed,Exclude,Absent from final dataset; criterion-level exclusion reason was not retained
QuivrHQ/quivr,2301,https://github.com/QuivrHQ/quivr/issues/2301,closed,Exclude,Absent from final dataset; criterion-level exclusion reason was not retained
QuivrHQ/quivr,2320,https://github.com/QuivrHQ/quivr/issues/2320,closed,Exclude,Absent from final dataset; criterion-level exclusion reason was not retained
QuivrHQ/quivr,2321,https://github.com/QuivrHQ/quivr/issues/2321,closed,Exclude,Absent from final dataset; criterion-level exclusion reason was not retained
QuivrHQ/quivr,2322,https://github.com/QuivrHQ/quivr/issues/2322,closed,Exclude,Absent from final dataset; criterion-level exclusion reason was not retained
QuivrHQ/quivr,2330,https://github.com/QuivrHQ/quivr/issues/2330,closed,Exclude,Absent from final dataset; criterion-level exclusion reason was not retained
QuivrHQ/quivr,2332,https://github.com/QuivrHQ/quivr/issues/2332,closed,Exclude,Absent from final dataset; criterion-level exclusion reason was not retained
QuivrHQ/quivr,2334,https://github.com/QuivrHQ/quivr/issues/2334,closed,Exclude,Absent from final dataset; criterion-level exclusion reason was not retained
QuivrHQ/quivr,2336,https://github.com/QuivrHQ/quivr/issues/2336,closed,Exclude,Absent from final dataset; criterion-level exclusion reason was not retained
QuivrHQ/quivr,2348,https://github.com/QuivrHQ/quivr/issues/2348,closed,Exclude,Absent from final dataset; criterion-level exclusion reason was not retained
QuivrHQ/quivr,2350,https://github.com/QuivrHQ/quivr/issues/2350,closed,Exclude,Absent from final dataset; criterion-level exclusion reason was not retained
QuivrHQ/quivr,2351,https://github.com/QuivrHQ/quivr/issues/2351,closed,Exclude,Absent from final dataset; criterion-level exclusion reason was not retained
QuivrHQ/quivr,2352,https://github.com/QuivrHQ/quivr/issues/2352,closed,Exclude,Absent from final dataset; criterion-level exclusion reason was not retained
QuivrHQ/quivr,2354,https://github.com/QuivrHQ/quivr/issues/2354,closed,Exclude,Absent from final dataset; criterion-level exclusion reason was not retained
QuivrHQ/quivr,2356,https://github.com/QuivrHQ/quivr/issues/2356,closed,Include,Present in released 654-issue dataset
QuivrHQ/quivr,2358,https://github.com/QuivrHQ/quivr/issues/2358,closed,Exclude,Absent from final dataset; criterion-level exclusion reason was not retained
QuivrHQ/quivr,2359,https://github.com/QuivrHQ/quivr/issues/2359,closed,Exclude,Absent from final dataset; criterion-level exclusion reason was not retained
QuivrHQ/quivr,2362,https://github.com/QuivrHQ/quivr/issues/2362,closed,Exclude,Absent from final dataset; criterion-level exclusion reason was not retained
QuivrHQ/quivr,2366,https://github.com/QuivrHQ/quivr/issues/2366,closed,Exclude,Absent from final dataset; criterion-level exclusion reason was not retained
QuivrHQ/quivr,2375,https://github.com/QuivrHQ/quivr/issues/2375,closed,Exclude,Absent from final dataset; criterion-level exclusion reason was not retained
QuivrHQ/quivr,2376,https://github.com/QuivrHQ/quivr/issues/2376,closed,Exclude,Absent from final dataset; criterion-level exclusion reason was not retained
QuivrHQ/quivr,2383,https://github.com/QuivrHQ/quivr/issues/2383,closed,Exclude,Absent from final dataset; criterion-level exclusion reason was not retained
QuivrHQ/quivr,2384,https://github.com/QuivrHQ/quivr/issues/2384,closed,Include,Present in released 654-issue dataset
QuivrHQ/quivr,2389,https://github.com/QuivrHQ/quivr/issues/2389,closed,Exclude,Absent from final dataset; criterion-level exclusion reason was not retained
QuivrHQ/quivr,2390,https://github.com/QuivrHQ/quivr/issues/2390,closed,Exclude,Absent from final dataset; criterion-level exclusion reason was not retained
QuivrHQ/quivr,2395,https://github.com/QuivrHQ/quivr/issues/2395,closed,Exclude,Absent from final dataset; criterion-level exclusion reason was not retained
QuivrHQ/quivr,2396,https://github.com/QuivrHQ/quivr/issues/2396,closed,Exclude,Absent from final dataset; criterion-level exclusion reason was not retained
QuivrHQ/quivr,2397,https://github.com/QuivrHQ/quivr/issues/2397,closed,Include,Present in released 654-issue dataset
QuivrHQ/quivr,2401,https://github.com/QuivrHQ/quivr/issues/2401,closed,Exclude,Absent from final dataset; criterion-level exclusion reason was not retained
QuivrHQ/quivr,2404,https://github.com/QuivrHQ/quivr/issues/2404,closed,Exclude,Absent from final dataset; criterion-level exclusion reason was not retained
QuivrHQ/quivr,2405,https://github.com/QuivrHQ/quivr/issues/2405,closed,Exclude,Absent from final dataset; criterion-level exclusion reason was not retained
QuivrHQ/quivr,2406,https://github.com/QuivrHQ/quivr/issues/2406,closed,Exclude,Absent from final dataset; criterion-level exclusion reason was not retained
QuivrHQ/quivr,2407,https://github.com/QuivrHQ/quivr/issues/2407,closed,Exclude,Absent from final dataset; criterion-level exclusion reason was not retained
QuivrHQ/quivr,2408,https://github.com/QuivrHQ/quivr/issues/2408,closed,Exclude,Absent from final dataset; criterion-level exclusion reason was not retained
QuivrHQ/quivr,2412,https://github.com/QuivrHQ/quivr/issues/2412,closed,Exclude,Absent from final dataset; criterion-level exclusion reason was not retained
QuivrHQ/quivr,2418,https://github.com/QuivrHQ/quivr/issues/2418,closed,Exclude,Absent from final dataset; criterion-level exclusion reason was not retained
QuivrHQ/quivr,2454,https://github.com/QuivrHQ/quivr/issues/2454,closed,Exclude,Absent from final dataset; criterion-level exclusion reason was not retained
QuivrHQ/quivr,2464,https://github.com/QuivrHQ/quivr/issues/2464,closed,Exclude,Absent from final dataset; criterion-level exclusion reason was not retained
QuivrHQ/quivr,2468,https://github.com/QuivrHQ/quivr/issues/2468,closed,Exclude,Absent from final dataset; criterion-level exclusion reason was not retained
QuivrHQ/quivr,2478,https://github.com/QuivrHQ/quivr/issues/2478,closed,Exclude,Absent from final dataset; criterion-level exclusion reason was not retained
QuivrHQ/quivr,2484,https://github.com/QuivrHQ/quivr/issues/2484,closed,Exclude,Absent from final dataset; criterion-level exclusion reason was not retained
QuivrHQ/quivr,2486,https://github.com/QuivrHQ/quivr/issues/2486,closed,Include,Present in released 654-issue dataset
QuivrHQ/quivr,2496,https://github.com/QuivrHQ/quivr/issues/2496,closed,Exclude,Absent from final dataset; criterion-level exclusion reason was not retained
QuivrHQ/quivr,2500,https://github.com/QuivrHQ/quivr/issues/2500,closed,Exclude,Absent from final dataset; criterion-level exclusion reason was not retained
QuivrHQ/quivr,2545,https://github.com/QuivrHQ/quivr/issues/2545,closed,Exclude,Absent from final dataset; criterion-level exclusion reason was not retained
QuivrHQ/quivr,2546,https://github.com/QuivrHQ/quivr/issues/2546,closed,Exclude,Absent from final dataset; criterion-level exclusion reason was not retained
QuivrHQ/quivr,2547,https://github.com/QuivrHQ/quivr/issues/2547,closed,Exclude,Absent from final dataset; criterion-level exclusion reason was not retained
QuivrHQ/quivr,2554,https://github.com/QuivrHQ/quivr/issues/2554,closed,Exclude,Absent from final dataset; criterion-level exclusion reason was not retained
QuivrHQ/quivr,2559,https://github.com/QuivrHQ/quivr/issues/2559,closed,Exclude,Absent from final dataset; criterion-level exclusion reason was not retained
QuivrHQ/quivr,2560,https://github.com/QuivrHQ/quivr/issues/2560,closed,Exclude,Absent from final dataset; criterion-level exclusion reason was not retained
QuivrHQ/quivr,2583,https://github.com/QuivrHQ/quivr/issues/2583,closed,Exclude,Absent from final dataset; criterion-level exclusion reason was not retained
QuivrHQ/quivr,2585,https://github.com/QuivrHQ/quivr/issues/2585,closed,Exclude,Absent from final dataset; criterion-level exclusion reason was not retained
QuivrHQ/quivr,2588,https://github.com/QuivrHQ/quivr/issues/2588,closed,Exclude,Absent from final dataset; criterion-level exclusion reason was not retained
QuivrHQ/quivr,2594,https://github.com/QuivrHQ/quivr/issues/2594,closed,Exclude,Absent from final dataset; criterion-level exclusion reason was not retained
QuivrHQ/quivr,2595,https://github.com/QuivrHQ/quivr/issues/2595,closed,Exclude,Absent from final dataset; criterion-level exclusion reason was not retained
QuivrHQ/quivr,2596,https://github.com/QuivrHQ/quivr/issues/2596,closed,Exclude,Absent from final dataset; criterion-level exclusion reason was not retained
QuivrHQ/quivr,2599,https://github.com/QuivrHQ/quivr/issues/2599,closed,Include,Present in released 654-issue dataset
QuivrHQ/quivr,2617,https://github.com/QuivrHQ/quivr/issues/2617,closed,Exclude,Absent from final dataset; criterion-level exclusion reason was not retained
QuivrHQ/quivr,2631,https://github.com/QuivrHQ/quivr/issues/2631,closed,Include,Present in released 654-issue dataset
QuivrHQ/quivr,2639,https://github.com/QuivrHQ/quivr/issues/2639,closed,Exclude,Absent from final dataset; criterion-level exclusion reason was not retained
QuivrHQ/quivr,2667,https://github.com/QuivrHQ/quivr/issues/2667,closed,Exclude,Absent from final dataset; criterion-level exclusion reason was not retained
QuivrHQ/quivr,2669,https://github.com/QuivrHQ/quivr/issues/2669,closed,Exclude,Absent from final dataset; criterion-level exclusion reason was not retained
QuivrHQ/quivr,2677,https://github.com/QuivrHQ/quivr/issues/2677,closed,Exclude,Absent from final dataset; criterion-level exclusion reason was not retained
QuivrHQ/quivr,2678,https://github.com/QuivrHQ/quivr/issues/2678,closed,Exclude,Absent from final dataset; criterion-level exclusion reason was not retained
QuivrHQ/quivr,2686,https://github.com/QuivrHQ/quivr/issues/2686,closed,Exclude,Absent from final dataset; criterion-level exclusion reason was not retained
QuivrHQ/quivr,2691,https://github.com/QuivrHQ/quivr/issues/2691,closed,Exclude,Absent from final dataset; criterion-level exclusion reason was not retained
QuivrHQ/quivr,2694,https://github.com/QuivrHQ/quivr/issues/2694,closed,Exclude,Absent from final dataset; criterion-level exclusion reason was not retained
QuivrHQ/quivr,2703,https://github.com/QuivrHQ/quivr/issues/2703,closed,Exclude,Absent from final dataset; criterion-level exclusion reason was not retained
QuivrHQ/quivr,2713,https://github.com/QuivrHQ/quivr/issues/2713,closed,Exclude,Absent from final dataset; criterion-level exclusion reason was not retained
QuivrHQ/quivr,2777,https://github.com/QuivrHQ/quivr/issues/2777,closed,Include,Present in released 654-issue dataset
QuivrHQ/quivr,2782,https://github.com/QuivrHQ/quivr/issues/2782,closed,Include,Present in released 654-issue dataset
QuivrHQ/quivr,2784,https://github.com/QuivrHQ/quivr/issues/2784,closed,Include,Present in released 654-issue dataset
QuivrHQ/quivr,2794,https://github.com/QuivrHQ/quivr/issues/2794,closed,Include,Present in released 654-issue dataset
QuivrHQ/quivr,2885,https://github.com/QuivrHQ/quivr/issues/2885,closed,Exclude,Absent from final dataset; criterion-level exclusion reason was not retained
QuivrHQ/quivr,2938,https://github.com/QuivrHQ/quivr/issues/2938,closed,Exclude,Absent from final dataset; criterion-level exclusion reason was not retained
QuivrHQ/quivr,2941,https://github.com/QuivrHQ/quivr/issues/2941,closed,Exclude,Absent from final dataset; criterion-level exclusion reason was not retained
QuivrHQ/quivr,2950,https://github.com/QuivrHQ/quivr/issues/2950,closed,Exclude,Absent from final dataset; criterion-level exclusion reason was not retained
QuivrHQ/quivr,2976,https://github.com/QuivrHQ/quivr/issues/2976,closed,Exclude,Absent from final dataset; criterion-level exclusion reason was not retained
QuivrHQ/quivr,2989,https://github.com/QuivrHQ/quivr/issues/2989,closed,Exclude,Absent from final dataset; criterion-level exclusion reason was not retained
QuivrHQ/quivr,3031,https://github.com/QuivrHQ/quivr/issues/3031,closed,Exclude,Absent from final dataset; criterion-level exclusion reason was not retained
QuivrHQ/quivr,3033,https://github.com/QuivrHQ/quivr/issues/3033,closed,Exclude,Absent from final dataset; criterion-level exclusion reason was not retained
QuivrHQ/quivr,3082,https://github.com/QuivrHQ/quivr/issues/3082,closed,Exclude,Absent from final dataset; criterion-level exclusion reason was not retained
QuivrHQ/quivr,3096,https://github.com/QuivrHQ/quivr/issues/3096,closed,Exclude,Absent from final dataset; criterion-level exclusion reason was not retained
QuivrHQ/quivr,3137,https://github.com/QuivrHQ/quivr/issues/3137,closed,Exclude,Absent from final dataset; criterion-level exclusion reason was not retained
QuivrHQ/quivr,3138,https://github.com/QuivrHQ/quivr/issues/3138,closed,Exclude,Absent from final dataset; criterion-level exclusion reason was not retained
QuivrHQ/quivr,3150,https://github.com/QuivrHQ/quivr/issues/3150,closed,Exclude,Absent from final dataset; criterion-level exclusion reason was not retained
QuivrHQ/quivr,3160,https://github.com/QuivrHQ/quivr/issues/3160,closed,Exclude,Absent from final dataset; criterion-level exclusion reason was not retained
QuivrHQ/quivr,3169,https://github.com/QuivrHQ/quivr/issues/3169,closed,Exclude,Absent from final dataset; criterion-level exclusion reason was not retained
QuivrHQ/quivr,3196,https://github.com/QuivrHQ/quivr/issues/3196,closed,Exclude,Absent from final dataset; criterion-level exclusion reason was not retained
QuivrHQ/quivr,3206,https://github.com/QuivrHQ/quivr/issues/3206,closed,Exclude,Absent from final dataset; criterion-level exclusion reason was not retained
QuivrHQ/quivr,3248,https://github.com/QuivrHQ/quivr/issues/3248,closed,Exclude,Absent from final dataset; criterion-level exclusion reason was not retained
QuivrHQ/quivr,3287,https://github.com/QuivrHQ/quivr/issues/3287,closed,Exclude,Absent from final dataset; criterion-level exclusion reason was not retained
QuivrHQ/quivr,3304,https://github.com/QuivrHQ/quivr/issues/3304,closed,Exclude,Absent from final dataset; criterion-level exclusion reason was not retained
QuivrHQ/quivr,3328,https://github.com/QuivrHQ/quivr/issues/3328,closed,Exclude,Absent from final dataset; criterion-level exclusion reason was not retained
QuivrHQ/quivr,3335,https://github.com/QuivrHQ/quivr/issues/3335,closed,Exclude,Absent from final dataset; criterion-level exclusion reason was not retained
QuivrHQ/quivr,3336,https://github.com/QuivrHQ/quivr/issues/3336,closed,Exclude,Absent from final dataset; criterion-level exclusion reason was not retained
QuivrHQ/quivr,3377,https://github.com/QuivrHQ/quivr/issues/3377,closed,Exclude,Absent from final dataset; criterion-level exclusion reason was not retained
QuivrHQ/quivr,3397,https://github.com/QuivrHQ/quivr/issues/3397,closed,Exclude,Absent from final dataset; criterion-level exclusion reason was not retained
QuivrHQ/quivr,3425,https://github.com/QuivrHQ/quivr/issues/3425,closed,Exclude,Absent from final dataset; criterion-level exclusion reason was not retained
QuivrHQ/quivr,3429,https://github.com/QuivrHQ/quivr/issues/3429,closed,Exclude,Absent from final dataset; criterion-level exclusion reason was not retained
QuivrHQ/quivr,3457,https://github.com/QuivrHQ/quivr/issues/3457,closed,Exclude,Absent from final dataset; criterion-level exclusion reason was not retained
QuivrHQ/quivr,3508,https://github.com/QuivrHQ/quivr/issues/3508,closed,Exclude,Absent from final dataset; criterion-level exclusion reason was not retained
QuivrHQ/quivr,3513,https://github.com/QuivrHQ/quivr/issues/3513,closed,Exclude,Absent from final dataset; criterion-level exclusion reason was not retained
QuivrHQ/quivr,3557,https://github.com/QuivrHQ/quivr/issues/3557,closed,Exclude,Absent from final dataset; criterion-level exclusion reason was not retained
QuivrHQ/quivr,3559,https://github.com/QuivrHQ/quivr/issues/3559,closed,Exclude,Absent from final dataset; criterion-level exclusion reason was not retained
QuivrHQ/quivr,3616,https://github.com/QuivrHQ/quivr/issues/3616,closed,Exclude,Absent from final dataset; criterion-level exclusion reason was not retained
QuivrHQ/quivr,3617,https://github.com/QuivrHQ/quivr/issues/3617,closed,Exclude,Absent from final dataset; criterion-level exclusion reason was not retained
arc53/DocsGPT,2,https://github.com/arc53/DocsGPT/issues/2,closed,Exclude,Absent from final dataset; criterion-level exclusion reason was not retained
arc53/DocsGPT,3,https://github.com/arc53/DocsGPT/issues/3,closed,Exclude,Absent from final dataset; criterion-level exclusion reason was not retained
arc53/DocsGPT,12,https://github.com/arc53/DocsGPT/issues/12,closed,Exclude,Absent from final dataset; criterion-level exclusion reason was not retained
arc53/DocsGPT,16,https://github.com/arc53/DocsGPT/issues/16,closed,Exclude,Absent from final dataset; criterion-level exclusion reason was not retained
arc53/DocsGPT,17,https://github.com/arc53/DocsGPT/issues/17,closed,Exclude,Absent from final dataset; criterion-level exclusion reason was not retained
arc53/DocsGPT,19,https://github.com/arc53/DocsGPT/issues/19,closed,Exclude,Absent from final dataset; criterion-level exclusion reason was not retained
arc53/DocsGPT,20,https://github.com/arc53/DocsGPT/issues/20,closed,Exclude,Absent from final dataset; criterion-level exclusion reason was not retained
arc53/DocsGPT,26,https://github.com/arc53/DocsGPT/issues/26,closed,Exclude,Absent from final dataset; criterion-level exclusion reason was not retained
arc53/DocsGPT,30,https://github.com/arc53/DocsGPT/issues/30,closed,Exclude,Absent from final dataset; criterion-level exclusion reason was not retained
arc53/DocsGPT,31,https://github.com/arc53/DocsGPT/issues/31,closed,Exclude,Absent from final dataset; criterion-level exclusion reason was not retained
arc53/DocsGPT,49,https://github.com/arc53/DocsGPT/issues/49,closed,Exclude,Absent from final dataset; criterion-level exclusion reason was not retained
arc53/DocsGPT,51,https://github.com/arc53/DocsGPT/issues/51,closed,Exclude,Absent from final dataset; criterion-level exclusion reason was not retained
arc53/DocsGPT,54,https://github.com/arc53/DocsGPT/issues/54,closed,Exclude,Absent from final dataset; criterion-level exclusion reason was not retained
arc53/DocsGPT,55,https://github.com/arc53/DocsGPT/issues/55,closed,Include,Present in released 654-issue dataset
arc53/DocsGPT,60,https://github.com/arc53/DocsGPT/issues/60,closed,Exclude,Absent from final dataset; criterion-level exclusion reason was not retained
arc53/DocsGPT,66,https://github.com/arc53/DocsGPT/issues/66,closed,Exclude,Absent from final dataset; criterion-level exclusion reason was not retained
arc53/DocsGPT,93,https://github.com/arc53/DocsGPT/issues/93,closed,Exclude,Absent from final dataset; criterion-level exclusion reason was not retained
arc53/DocsGPT,97,https://github.com/arc53/DocsGPT/issues/97,closed,Exclude,Absent from final dataset; criterion-level exclusion reason was not retained
arc53/DocsGPT,101,https://github.com/arc53/DocsGPT/issues/101,closed,Exclude,Absent from final dataset; criterion-level exclusion reason was not retained
arc53/DocsGPT,104,https://github.com/arc53/DocsGPT/issues/104,closed,Exclude,Absent from final dataset; criterion-level exclusion reason was not retained
arc53/DocsGPT,113,https://github.com/arc53/DocsGPT/issues/113,closed,Exclude,Absent from final dataset; criterion-level exclusion reason was not retained
arc53/DocsGPT,119,https://github.com/arc53/DocsGPT/issues/119,closed,Exclude,Absent from final dataset; criterion-level exclusion reason was not retained
arc53/DocsGPT,126,https://github.com/arc53/DocsGPT/issues/126,closed,Exclude,Absent from final dataset; criterion-level exclusion reason was not retained
arc53/DocsGPT,127,https://github.com/arc53/DocsGPT/issues/127,closed,Exclude,Absent from final dataset; criterion-level exclusion reason was not retained
arc53/DocsGPT,137,https://github.com/arc53/DocsGPT/issues/137,closed,Exclude,Absent from final dataset; criterion-level exclusion reason was not retained
arc53/DocsGPT,145,https://github.com/arc53/DocsGPT/issues/145,closed,Exclude,Absent from final dataset; criterion-level exclusion reason was not retained
arc53/DocsGPT,146,https://github.com/arc53/DocsGPT/issues/146,closed,Exclude,Absent from final dataset; criterion-level exclusion reason was not retained
arc53/DocsGPT,156,https://github.com/arc53/DocsGPT/issues/156,closed,Exclude,Absent from final dataset; criterion-level exclusion reason was not retained
arc53/DocsGPT,157,https://github.com/arc53/DocsGPT/issues/157,closed,Exclude,Absent from final dataset; criterion-level exclusion reason was not retained
arc53/DocsGPT,179,https://github.com/arc53/DocsGPT/issues/179,closed,Include,Present in released 654-issue dataset
arc53/DocsGPT,182,https://github.com/arc53/DocsGPT/issues/182,closed,Exclude,Absent from final dataset; criterion-level exclusion reason was not retained
arc53/DocsGPT,183,https://github.com/arc53/DocsGPT/issues/183,closed,Exclude,Absent from final dataset; criterion-level exclusion reason was not retained
arc53/DocsGPT,186,https://github.com/arc53/DocsGPT/issues/186,closed,Exclude,Absent from final dataset; criterion-level exclusion reason was not retained
arc53/DocsGPT,188,https://github.com/arc53/DocsGPT/issues/188,closed,Exclude,Absent from final dataset; criterion-level exclusion reason was not retained
arc53/DocsGPT,195,https://github.com/arc53/DocsGPT/issues/195,closed,Include,Present in released 654-issue dataset
arc53/DocsGPT,198,https://github.com/arc53/DocsGPT/issues/198,closed,Exclude,Absent from final dataset; criterion-level exclusion reason was not retained
arc53/DocsGPT,199,https://github.com/arc53/DocsGPT/issues/199,closed,Exclude,Absent from final dataset; criterion-level exclusion reason was not retained
arc53/DocsGPT,200,https://github.com/arc53/DocsGPT/issues/200,closed,Exclude,Absent from final dataset; criterion-level exclusion reason was not retained
arc53/DocsGPT,204,https://github.com/arc53/DocsGPT/issues/204,closed,Exclude,Absent from final dataset; criterion-level exclusion reason was not retained
arc53/DocsGPT,205,https://github.com/arc53/DocsGPT/issues/205,closed,Exclude,Absent from final dataset; criterion-level exclusion reason was not retained
arc53/DocsGPT,210,https://github.com/arc53/DocsGPT/issues/210,closed,Exclude,Absent from final dataset; criterion-level exclusion reason was not retained
arc53/DocsGPT,213,https://github.com/arc53/DocsGPT/issues/213,closed,Exclude,Absent from final dataset; criterion-level exclusion reason was not retained
arc53/DocsGPT,215,https://github.com/arc53/DocsGPT/issues/215,closed,Exclude,Absent from final dataset; criterion-level exclusion reason was not retained
arc53/DocsGPT,216,https://github.com/arc53/DocsGPT/issues/216,closed,Exclude,Absent from final dataset; criterion-level exclusion reason was not retained
arc53/DocsGPT,229,https://github.com/arc53/DocsGPT/issues/229,closed,Exclude,Absent from final dataset; criterion-level exclusion reason was not retained
arc53/DocsGPT,230,https://github.com/arc53/DocsGPT/issues/230,closed,Exclude,Absent from final dataset; criterion-level exclusion reason was not retained
arc53/DocsGPT,248,https://github.com/arc53/DocsGPT/issues/248,closed,Exclude,Absent from final dataset; criterion-level exclusion reason was not retained
arc53/DocsGPT,249,https://github.com/arc53/DocsGPT/issues/249,closed,Exclude,Absent from final dataset; criterion-level exclusion reason was not retained
arc53/DocsGPT,252,https://github.com/arc53/DocsGPT/issues/252,closed,Exclude,Absent from final dataset; criterion-level exclusion reason was not retained
arc53/DocsGPT,258,https://github.com/arc53/DocsGPT/issues/258,closed,Exclude,Absent from final dataset; criterion-level exclusion reason was not retained
arc53/DocsGPT,268,https://github.com/arc53/DocsGPT/issues/268,closed,Exclude,Absent from final dataset; criterion-level exclusion reason was not retained
arc53/DocsGPT,276,https://github.com/arc53/DocsGPT/issues/276,closed,Include,Present in released 654-issue dataset
arc53/DocsGPT,277,https://github.com/arc53/DocsGPT/issues/277,closed,Exclude,Absent from final dataset; criterion-level exclusion reason was not retained
arc53/DocsGPT,286,https://github.com/arc53/DocsGPT/issues/286,closed,Exclude,Absent from final dataset; criterion-level exclusion reason was not retained
arc53/DocsGPT,287,https://github.com/arc53/DocsGPT/issues/287,closed,Exclude,Absent from final dataset; criterion-level exclusion reason was not retained
arc53/DocsGPT,289,https://github.com/arc53/DocsGPT/issues/289,closed,Exclude,Absent from final dataset; criterion-level exclusion reason was not retained
arc53/DocsGPT,291,https://github.com/arc53/DocsGPT/issues/291,closed,Exclude,Absent from final dataset; criterion-level exclusion reason was not retained
arc53/DocsGPT,294,https://github.com/arc53/DocsGPT/issues/294,closed,Exclude,Absent from final dataset; criterion-level exclusion reason was not retained
arc53/DocsGPT,301,https://github.com/arc53/DocsGPT/issues/301,closed,Exclude,Absent from final dataset; criterion-level exclusion reason was not retained
arc53/DocsGPT,321,https://github.com/arc53/DocsGPT/issues/321,closed,Exclude,Absent from final dataset; criterion-level exclusion reason was not retained
arc53/DocsGPT,323,https://github.com/arc53/DocsGPT/issues/323,closed,Exclude,Absent from final dataset; criterion-level exclusion reason was not retained
arc53/DocsGPT,329,https://github.com/arc53/DocsGPT/issues/329,closed,Exclude,Absent from final dataset; criterion-level exclusion reason was not retained
arc53/DocsGPT,336,https://github.com/arc53/DocsGPT/issues/336,closed,Exclude,Absent from final dataset; criterion-level exclusion reason was not retained
arc53/DocsGPT,339,https://github.com/arc53/DocsGPT/issues/339,closed,Exclude,Absent from final dataset; criterion-level exclusion reason was not retained
arc53/DocsGPT,341,https://github.com/arc53/DocsGPT/issues/341,closed,Exclude,Absent from final dataset; criterion-level exclusion reason was not retained
arc53/DocsGPT,344,https://github.com/arc53/DocsGPT/issues/344,closed,Include,Present in released 654-issue dataset
arc53/DocsGPT,346,https://github.com/arc53/DocsGPT/issues/346,closed,Exclude,Absent from final dataset; criterion-level exclusion reason was not retained
arc53/DocsGPT,356,https://github.com/arc53/DocsGPT/issues/356,closed,Exclude,Absent from final dataset; criterion-level exclusion reason was not retained
arc53/DocsGPT,357,https://github.com/arc53/DocsGPT/issues/357,closed,Exclude,Absent from final dataset; criterion-level exclusion reason was not retained
arc53/DocsGPT,376,https://github.com/arc53/DocsGPT/issues/376,closed,Exclude,Absent from final dataset; criterion-level exclusion reason was not retained
arc53/DocsGPT,380,https://github.com/arc53/DocsGPT/issues/380,closed,Exclude,Absent from final dataset; criterion-level exclusion reason was not retained
arc53/DocsGPT,385,https://github.com/arc53/DocsGPT/issues/385,closed,Exclude,Absent from final dataset; criterion-level exclusion reason was not retained
arc53/DocsGPT,410,https://github.com/arc53/DocsGPT/issues/410,closed,Exclude,Absent from final dataset; criterion-level exclusion reason was not retained
arc53/DocsGPT,412,https://github.com/arc53/DocsGPT/issues/412,closed,Exclude,Absent from final dataset; criterion-level exclusion reason was not retained
arc53/DocsGPT,414,https://github.com/arc53/DocsGPT/issues/414,closed,Exclude,Absent from final dataset; criterion-level exclusion reason was not retained
arc53/DocsGPT,416,https://github.com/arc53/DocsGPT/issues/416,closed,Exclude,Absent from final dataset; criterion-level exclusion reason was not retained
arc53/DocsGPT,418,https://github.com/arc53/DocsGPT/issues/418,closed,Exclude,Absent from final dataset; criterion-level exclusion reason was not retained
arc53/DocsGPT,421,https://github.com/arc53/DocsGPT/issues/421,closed,Exclude,Absent from final dataset; criterion-level exclusion reason was not retained
arc53/DocsGPT,422,https://github.com/arc53/DocsGPT/issues/422,closed,Exclude,Absent from final dataset; criterion-level exclusion reason was not retained
arc53/DocsGPT,426,https://github.com/arc53/DocsGPT/issues/426,closed,Exclude,Absent from final dataset; criterion-level exclusion reason was not retained
arc53/DocsGPT,428,https://github.com/arc53/DocsGPT/issues/428,closed,Exclude,Absent from final dataset; criterion-level exclusion reason was not retained
arc53/DocsGPT,430,https://github.com/arc53/DocsGPT/issues/430,closed,Exclude,Absent from final dataset; criterion-level exclusion reason was not retained
arc53/DocsGPT,436,https://github.com/arc53/DocsGPT/issues/436,closed,Exclude,Absent from final dataset; criterion-level exclusion reason was not retained
arc53/DocsGPT,444,https://github.com/arc53/DocsGPT/issues/444,closed,Exclude,Absent from final dataset; criterion-level exclusion reason was not retained
arc53/DocsGPT,452,https://github.com/arc53/DocsGPT/issues/452,closed,Exclude,Absent from final dataset; criterion-level exclusion reason was not retained
arc53/DocsGPT,453,https://github.com/arc53/DocsGPT/issues/453,closed,Exclude,Absent from final dataset; criterion-level exclusion reason was not retained
arc53/DocsGPT,455,https://github.com/arc53/DocsGPT/issues/455,closed,Exclude,Absent from final dataset; criterion-level exclusion reason was not retained
arc53/DocsGPT,459,https://github.com/arc53/DocsGPT/issues/459,closed,Exclude,Absent from final dataset; criterion-level exclusion reason was not retained
arc53/DocsGPT,466,https://github.com/arc53/DocsGPT/issues/466,closed,Exclude,Absent from final dataset; criterion-level exclusion reason was not retained
arc53/DocsGPT,471,https://github.com/arc53/DocsGPT/issues/471,closed,Exclude,Absent from final dataset; criterion-level exclusion reason was not retained
arc53/DocsGPT,474,https://github.com/arc53/DocsGPT/issues/474,closed,Exclude,Absent from final dataset; criterion-level exclusion reason was not retained
arc53/DocsGPT,481,https://github.com/arc53/DocsGPT/issues/481,closed,Exclude,Absent from final dataset; criterion-level exclusion reason was not retained
arc53/DocsGPT,490,https://github.com/arc53/DocsGPT/issues/490,closed,Exclude,Absent from final dataset; criterion-level exclusion reason was not retained
arc53/DocsGPT,494,https://github.com/arc53/DocsGPT/issues/494,closed,Exclude,Absent from final dataset; criterion-level exclusion reason was not retained
arc53/DocsGPT,498,https://github.com/arc53/DocsGPT/issues/498,closed,Exclude,Absent from final dataset; criterion-level exclusion reason was not retained
arc53/DocsGPT,505,https://github.com/arc53/DocsGPT/issues/505,closed,Exclude,Absent from final dataset; criterion-level exclusion reason was not retained
arc53/DocsGPT,508,https://github.com/arc53/DocsGPT/issues/508,closed,Exclude,Absent from final dataset; criterion-level exclusion reason was not retained
arc53/DocsGPT,524,https://github.com/arc53/DocsGPT/issues/524,closed,Exclude,Absent from final dataset; criterion-level exclusion reason was not retained
arc53/DocsGPT,526,https://github.com/arc53/DocsGPT/issues/526,closed,Exclude,Absent from final dataset; criterion-level exclusion reason was not retained
arc53/DocsGPT,527,https://github.com/arc53/DocsGPT/issues/527,closed,Exclude,Absent from final dataset; criterion-level exclusion reason was not retained
arc53/DocsGPT,528,https://github.com/arc53/DocsGPT/issues/528,closed,Exclude,Absent from final dataset; criterion-level exclusion reason was not retained
arc53/DocsGPT,533,https://github.com/arc53/DocsGPT/issues/533,closed,Exclude,Absent from final dataset; criterion-level exclusion reason was not retained
arc53/DocsGPT,536,https://github.com/arc53/DocsGPT/issues/536,closed,Exclude,Absent from final dataset; criterion-level exclusion reason was not retained
arc53/DocsGPT,539,https://github.com/arc53/DocsGPT/issues/539,closed,Exclude,Absent from final dataset; criterion-level exclusion reason was not retained
arc53/DocsGPT,540,https://github.com/arc53/DocsGPT/issues/540,closed,Exclude,Absent from final dataset; criterion-level exclusion reason was not retained
arc53/DocsGPT,541,https://github.com/arc53/DocsGPT/issues/541,closed,Exclude,Absent from final dataset; criterion-level exclusion reason was not retained
arc53/DocsGPT,547,https://github.com/arc53/DocsGPT/issues/547,closed,Exclude,Absent from final dataset; criterion-level exclusion reason was not retained
arc53/DocsGPT,550,https://github.com/arc53/DocsGPT/issues/550,closed,Exclude,Absent from final dataset; criterion-level exclusion reason was not retained
arc53/DocsGPT,551,https://github.com/arc53/DocsGPT/issues/551,closed,Exclude,Absent from final dataset; criterion-level exclusion reason was not retained
arc53/DocsGPT,552,https://github.com/arc53/DocsGPT/issues/552,closed,Exclude,Absent from final dataset; criterion-level exclusion reason was not retained
arc53/DocsGPT,555,https://github.com/arc53/DocsGPT/issues/555,closed,Exclude,Absent from final dataset; criterion-level exclusion reason was not retained
arc53/DocsGPT,559,https://github.com/arc53/DocsGPT/issues/559,closed,Exclude,Absent from final dataset; criterion-level exclusion reason was not retained
arc53/DocsGPT,560,https://github.com/arc53/DocsGPT/issues/560,closed,Exclude,Absent from final dataset; criterion-level exclusion reason was not retained
arc53/DocsGPT,562,https://github.com/arc53/DocsGPT/issues/562,closed,Include,Present in released 654-issue dataset
arc53/DocsGPT,581,https://github.com/arc53/DocsGPT/issues/581,closed,Exclude,Absent from final dataset; criterion-level exclusion reason was not retained
arc53/DocsGPT,582,https://github.com/arc53/DocsGPT/issues/582,closed,Exclude,Absent from final dataset; criterion-level exclusion reason was not retained
arc53/DocsGPT,584,https://github.com/arc53/DocsGPT/issues/584,closed,Exclude,Absent from final dataset; criterion-level exclusion reason was not retained
arc53/DocsGPT,585,https://github.com/arc53/DocsGPT/issues/585,closed,Exclude,Absent from final dataset; criterion-level exclusion reason was not retained
arc53/DocsGPT,586,https://github.com/arc53/DocsGPT/issues/586,closed,Exclude,Absent from final dataset; criterion-level exclusion reason was not retained
arc53/DocsGPT,590,https://github.com/arc53/DocsGPT/issues/590,closed,Exclude,Absent from final dataset; criterion-level exclusion reason was not retained
arc53/DocsGPT,591,https://github.com/arc53/DocsGPT/issues/591,closed,Exclude,Absent from final dataset; criterion-level exclusion reason was not retained
arc53/DocsGPT,593,https://github.com/arc53/DocsGPT/issues/593,closed,Exclude,Absent from final dataset; criterion-level exclusion reason was not retained
arc53/DocsGPT,594,https://github.com/arc53/DocsGPT/issues/594,closed,Exclude,Absent from final dataset; criterion-level exclusion reason was not retained
arc53/DocsGPT,600,https://github.com/arc53/DocsGPT/issues/600,closed,Exclude,Absent from final dataset; criterion-level exclusion reason was not retained
arc53/DocsGPT,604,https://github.com/arc53/DocsGPT/issues/604,closed,Exclude,Absent from final dataset; criterion-level exclusion reason was not retained
arc53/DocsGPT,605,https://github.com/arc53/DocsGPT/issues/605,closed,Exclude,Absent from final dataset; criterion-level exclusion reason was not retained
arc53/DocsGPT,608,https://github.com/arc53/DocsGPT/issues/608,closed,Exclude,Absent from final dataset; criterion-level exclusion reason was not retained
arc53/DocsGPT,613,https://github.com/arc53/DocsGPT/issues/613,closed,Exclude,Absent from final dataset; criterion-level exclusion reason was not retained
arc53/DocsGPT,618,https://github.com/arc53/DocsGPT/issues/618,closed,Exclude,Absent from final dataset; criterion-level exclusion reason was not retained
arc53/DocsGPT,644,https://github.com/arc53/DocsGPT/issues/644,closed,Exclude,Absent from final dataset; criterion-level exclusion reason was not retained
arc53/DocsGPT,645,https://github.com/arc53/DocsGPT/issues/645,closed,Exclude,Absent from final dataset; criterion-level exclusion reason was not retained
arc53/DocsGPT,646,https://github.com/arc53/DocsGPT/issues/646,closed,Exclude,Absent from final dataset; criterion-level exclusion reason was not retained
arc53/DocsGPT,657,https://github.com/arc53/DocsGPT/issues/657,closed,Exclude,Absent from final dataset; criterion-level exclusion reason was not retained
arc53/DocsGPT,660,https://github.com/arc53/DocsGPT/issues/660,closed,Exclude,Absent from final dataset; criterion-level exclusion reason was not retained
arc53/DocsGPT,664,https://github.com/arc53/DocsGPT/issues/664,closed,Exclude,Absent from final dataset; criterion-level exclusion reason was not retained
arc53/DocsGPT,665,https://github.com/arc53/DocsGPT/issues/665,closed,Exclude,Absent from final dataset; criterion-level exclusion reason was not retained
arc53/DocsGPT,666,https://github.com/arc53/DocsGPT/issues/666,closed,Exclude,Absent from final dataset; criterion-level exclusion reason was not retained
arc53/DocsGPT,671,https://github.com/arc53/DocsGPT/issues/671,closed,Exclude,Absent from final dataset; criterion-level exclusion reason was not retained
arc53/DocsGPT,686,https://github.com/arc53/DocsGPT/issues/686,closed,Exclude,Absent from final dataset; criterion-level exclusion reason was not retained
arc53/DocsGPT,687,https://github.com/arc53/DocsGPT/issues/687,closed,Exclude,Absent from final dataset; criterion-level exclusion reason was not retained
arc53/DocsGPT,689,https://github.com/arc53/DocsGPT/issues/689,closed,Exclude,Absent from final dataset; criterion-level exclusion reason was not retained
arc53/DocsGPT,695,https://github.com/arc53/DocsGPT/issues/695,closed,Exclude,Absent from final dataset; criterion-level exclusion reason was not retained
arc53/DocsGPT,700,https://github.com/arc53/DocsGPT/issues/700,closed,Exclude,Absent from final dataset; criterion-level exclusion reason was not retained
arc53/DocsGPT,701,https://github.com/arc53/DocsGPT/issues/701,closed,Exclude,Absent from final dataset; criterion-level exclusion reason was not retained
arc53/DocsGPT,708,https://github.com/arc53/DocsGPT/issues/708,closed,Exclude,Absent from final dataset; criterion-level exclusion reason was not retained
arc53/DocsGPT,713,https://github.com/arc53/DocsGPT/issues/713,closed,Exclude,Absent from final dataset; criterion-level exclusion reason was not retained
arc53/DocsGPT,724,https://github.com/arc53/DocsGPT/issues/724,closed,Exclude,Absent from final dataset; criterion-level exclusion reason was not retained
arc53/DocsGPT,734,https://github.com/arc53/DocsGPT/issues/734,closed,Exclude,Absent from final dataset; criterion-level exclusion reason was not retained
arc53/DocsGPT,735,https://github.com/arc53/DocsGPT/issues/735,closed,Exclude,Absent from final dataset; criterion-level exclusion reason was not retained
arc53/DocsGPT,736,https://github.com/arc53/DocsGPT/issues/736,closed,Exclude,Absent from final dataset; criterion-level exclusion reason was not retained
arc53/DocsGPT,745,https://github.com/arc53/DocsGPT/issues/745,closed,Include,Present in released 654-issue dataset
arc53/DocsGPT,761,https://github.com/arc53/DocsGPT/issues/761,closed,Exclude,Absent from final dataset; criterion-level exclusion reason was not retained
arc53/DocsGPT,765,https://github.com/arc53/DocsGPT/issues/765,closed,Exclude,Absent from final dataset; criterion-level exclusion reason was not retained
arc53/DocsGPT,767,https://github.com/arc53/DocsGPT/issues/767,closed,Exclude,Absent from final dataset; criterion-level exclusion reason was not retained
arc53/DocsGPT,768,https://github.com/arc53/DocsGPT/issues/768,closed,Exclude,Absent from final dataset; criterion-level exclusion reason was not retained
arc53/DocsGPT,769,https://github.com/arc53/DocsGPT/issues/769,closed,Exclude,Absent from final dataset; criterion-level exclusion reason was not retained
arc53/DocsGPT,770,https://github.com/arc53/DocsGPT/issues/770,closed,Exclude,Absent from final dataset; criterion-level exclusion reason was not retained
arc53/DocsGPT,771,https://github.com/arc53/DocsGPT/issues/771,closed,Exclude,Absent from final dataset; criterion-level exclusion reason was not retained
arc53/DocsGPT,787,https://github.com/arc53/DocsGPT/issues/787,closed,Exclude,Absent from final dataset; criterion-level exclusion reason was not retained
arc53/DocsGPT,790,https://github.com/arc53/DocsGPT/issues/790,closed,Exclude,Absent from final dataset; criterion-level exclusion reason was not retained
arc53/DocsGPT,794,https://github.com/arc53/DocsGPT/issues/794,closed,Exclude,Absent from final dataset; criterion-level exclusion reason was not retained
arc53/DocsGPT,800,https://github.com/arc53/DocsGPT/issues/800,closed,Include,Present in released 654-issue dataset
arc53/DocsGPT,808,https://github.com/arc53/DocsGPT/issues/808,closed,Exclude,Absent from final dataset; criterion-level exclusion reason was not retained
arc53/DocsGPT,809,https://github.com/arc53/DocsGPT/issues/809,closed,Exclude,Absent from final dataset; criterion-level exclusion reason was not retained
arc53/DocsGPT,814,https://github.com/arc53/DocsGPT/issues/814,closed,Exclude,Absent from final dataset; criterion-level exclusion reason was not retained
arc53/DocsGPT,815,https://github.com/arc53/DocsGPT/issues/815,closed,Exclude,Absent from final dataset; criterion-level exclusion reason was not retained
arc53/DocsGPT,826,https://github.com/arc53/DocsGPT/issues/826,closed,Exclude,Absent from final dataset; criterion-level exclusion reason was not retained
arc53/DocsGPT,833,https://github.com/arc53/DocsGPT/issues/833,closed,Include,Present in released 654-issue dataset
arc53/DocsGPT,834,https://github.com/arc53/DocsGPT/issues/834,closed,Exclude,Absent from final dataset; criterion-level exclusion reason was not retained
arc53/DocsGPT,840,https://github.com/arc53/DocsGPT/issues/840,closed,Exclude,Absent from final dataset; criterion-level exclusion reason was not retained
arc53/DocsGPT,855,https://github.com/arc53/DocsGPT/issues/855,closed,Exclude,Absent from final dataset; criterion-level exclusion reason was not retained
arc53/DocsGPT,859,https://github.com/arc53/DocsGPT/issues/859,closed,Exclude,Absent from final dataset; criterion-level exclusion reason was not retained
arc53/DocsGPT,862,https://github.com/arc53/DocsGPT/issues/862,closed,Exclude,Absent from final dataset; criterion-level exclusion reason was not retained
arc53/DocsGPT,864,https://github.com/arc53/DocsGPT/issues/864,closed,Exclude,Absent from final dataset; criterion-level exclusion reason was not retained
arc53/DocsGPT,865,https://github.com/arc53/DocsGPT/issues/865,closed,Exclude,Absent from final dataset; criterion-level exclusion reason was not retained
arc53/DocsGPT,868,https://github.com/arc53/DocsGPT/issues/868,closed,Exclude,Absent from final dataset; criterion-level exclusion reason was not retained
arc53/DocsGPT,874,https://github.com/arc53/DocsGPT/issues/874,closed,Exclude,Absent from final dataset; criterion-level exclusion reason was not retained
arc53/DocsGPT,875,https://github.com/arc53/DocsGPT/issues/875,closed,Exclude,Absent from final dataset; criterion-level exclusion reason was not retained
arc53/DocsGPT,878,https://github.com/arc53/DocsGPT/issues/878,closed,Exclude,Absent from final dataset; criterion-level exclusion reason was not retained
arc53/DocsGPT,879,https://github.com/arc53/DocsGPT/issues/879,closed,Exclude,Absent from final dataset; criterion-level exclusion reason was not retained
arc53/DocsGPT,882,https://github.com/arc53/DocsGPT/issues/882,closed,Exclude,Absent from final dataset; criterion-level exclusion reason was not retained
arc53/DocsGPT,884,https://github.com/arc53/DocsGPT/issues/884,closed,Include,Present in released 654-issue dataset
arc53/DocsGPT,885,https://github.com/arc53/DocsGPT/issues/885,closed,Exclude,Absent from final dataset; criterion-level exclusion reason was not retained
arc53/DocsGPT,886,https://github.com/arc53/DocsGPT/issues/886,closed,Exclude,Absent from final dataset; criterion-level exclusion reason was not retained
arc53/DocsGPT,887,https://github.com/arc53/DocsGPT/issues/887,closed,Exclude,Absent from final dataset; criterion-level exclusion reason was not retained
arc53/DocsGPT,898,https://github.com/arc53/DocsGPT/issues/898,closed,Exclude,Absent from final dataset; criterion-level exclusion reason was not retained
arc53/DocsGPT,900,https://github.com/arc53/DocsGPT/issues/900,closed,Exclude,Absent from final dataset; criterion-level exclusion reason was not retained
arc53/DocsGPT,901,https://github.com/arc53/DocsGPT/issues/901,closed,Exclude,Absent from final dataset; criterion-level exclusion reason was not retained
arc53/DocsGPT,905,https://github.com/arc53/DocsGPT/issues/905,closed,Exclude,Absent from final dataset; criterion-level exclusion reason was not retained
arc53/DocsGPT,906,https://github.com/arc53/DocsGPT/issues/906,closed,Exclude,Absent from final dataset; criterion-level exclusion reason was not retained
arc53/DocsGPT,909,https://github.com/arc53/DocsGPT/issues/909,closed,Exclude,Absent from final dataset; criterion-level exclusion reason was not retained
arc53/DocsGPT,923,https://github.com/arc53/DocsGPT/issues/923,closed,Exclude,Absent from final dataset; criterion-level exclusion reason was not retained
arc53/DocsGPT,924,https://github.com/arc53/DocsGPT/issues/924,closed,Exclude,Absent from final dataset; criterion-level exclusion reason was not retained
arc53/DocsGPT,927,https://github.com/arc53/DocsGPT/issues/927,closed,Exclude,Absent from final dataset; criterion-level exclusion reason was not retained
arc53/DocsGPT,930,https://github.com/arc53/DocsGPT/issues/930,closed,Include,Present in released 654-issue dataset
arc53/DocsGPT,931,https://github.com/arc53/DocsGPT/issues/931,closed,Include,Present in released 654-issue dataset
arc53/DocsGPT,932,https://github.com/arc53/DocsGPT/issues/932,closed,Include,Present in released 654-issue dataset
arc53/DocsGPT,938,https://github.com/arc53/DocsGPT/issues/938,closed,Include,Present in released 654-issue dataset
arc53/DocsGPT,940,https://github.com/arc53/DocsGPT/issues/940,closed,Exclude,Absent from final dataset; criterion-level exclusion reason was not retained
arc53/DocsGPT,944,https://github.com/arc53/DocsGPT/issues/944,closed,Exclude,Absent from final dataset; criterion-level exclusion reason was not retained
arc53/DocsGPT,945,https://github.com/arc53/DocsGPT/issues/945,closed,Include,Present in released 654-issue dataset
arc53/DocsGPT,947,https://github.com/arc53/DocsGPT/issues/947,closed,Exclude,Absent from final dataset; criterion-level exclusion reason was not retained
arc53/DocsGPT,948,https://github.com/arc53/DocsGPT/issues/948,closed,Include,Present in released 654-issue dataset
arc53/DocsGPT,962,https://github.com/arc53/DocsGPT/issues/962,closed,Exclude,Absent from final dataset; criterion-level exclusion reason was not retained
arc53/DocsGPT,968,https://github.com/arc53/DocsGPT/issues/968,closed,Exclude,Absent from final dataset; criterion-level exclusion reason was not retained
arc53/DocsGPT,975,https://github.com/arc53/DocsGPT/issues/975,closed,Exclude,Absent from final dataset; criterion-level exclusion reason was not retained
arc53/DocsGPT,976,https://github.com/arc53/DocsGPT/issues/976,closed,Exclude,Absent from final dataset; criterion-level exclusion reason was not retained
arc53/DocsGPT,992,https://github.com/arc53/DocsGPT/issues/992,closed,Exclude,Absent from final dataset; criterion-level exclusion reason was not retained
arc53/DocsGPT,998,https://github.com/arc53/DocsGPT/issues/998,closed,Exclude,Absent from final dataset; criterion-level exclusion reason was not retained
arc53/DocsGPT,999,https://github.com/arc53/DocsGPT/issues/999,closed,Exclude,Absent from final dataset; criterion-level exclusion reason was not retained
arc53/DocsGPT,1003,https://github.com/arc53/DocsGPT/issues/1003,closed,Exclude,Absent from final dataset; criterion-level exclusion reason was not retained
arc53/DocsGPT,1009,https://github.com/arc53/DocsGPT/issues/1009,closed,Exclude,Absent from final dataset; criterion-level exclusion reason was not retained
arc53/DocsGPT,1014,https://github.com/arc53/DocsGPT/issues/1014,closed,Exclude,Absent from final dataset; criterion-level exclusion reason was not retained
arc53/DocsGPT,1016,https://github.com/arc53/DocsGPT/issues/1016,closed,Exclude,Absent from final dataset; criterion-level exclusion reason was not retained
arc53/DocsGPT,1017,https://github.com/arc53/DocsGPT/issues/1017,closed,Exclude,Absent from final dataset; criterion-level exclusion reason was not retained
arc53/DocsGPT,1019,https://github.com/arc53/DocsGPT/issues/1019,closed,Exclude,Absent from final dataset; criterion-level exclusion reason was not retained
arc53/DocsGPT,1021,https://github.com/arc53/DocsGPT/issues/1021,closed,Exclude,Absent from final dataset; criterion-level exclusion reason was not retained
arc53/DocsGPT,1022,https://github.com/arc53/DocsGPT/issues/1022,closed,Exclude,Absent from final dataset; criterion-level exclusion reason was not retained
arc53/DocsGPT,1023,https://github.com/arc53/DocsGPT/issues/1023,closed,Exclude,Absent from final dataset; criterion-level exclusion reason was not retained
arc53/DocsGPT,1035,https://github.com/arc53/DocsGPT/issues/1035,closed,Exclude,Absent from final dataset; criterion-level exclusion reason was not retained
arc53/DocsGPT,1036,https://github.com/arc53/DocsGPT/issues/1036,closed,Exclude,Absent from final dataset; criterion-level exclusion reason was not retained
arc53/DocsGPT,1046,https://github.com/arc53/DocsGPT/issues/1046,closed,Exclude,Absent from final dataset; criterion-level exclusion reason was not retained
arc53/DocsGPT,1059,https://github.com/arc53/DocsGPT/issues/1059,closed,Exclude,Absent from final dataset; criterion-level exclusion reason was not retained
arc53/DocsGPT,1074,https://github.com/arc53/DocsGPT/issues/1074,closed,Exclude,Absent from final dataset; criterion-level exclusion reason was not retained
arc53/DocsGPT,1106,https://github.com/arc53/DocsGPT/issues/1106,closed,Exclude,Absent from final dataset; criterion-level exclusion reason was not retained
arc53/DocsGPT,1136,https://github.com/arc53/DocsGPT/issues/1136,closed,Exclude,Absent from final dataset; criterion-level exclusion reason was not retained
arc53/DocsGPT,1137,https://github.com/arc53/DocsGPT/issues/1137,closed,Exclude,Absent from final dataset; criterion-level exclusion reason was not retained
arc53/DocsGPT,1165,https://github.com/arc53/DocsGPT/issues/1165,closed,Exclude,Absent from final dataset; criterion-level exclusion reason was not retained
arc53/DocsGPT,1168,https://github.com/arc53/DocsGPT/issues/1168,closed,Exclude,Absent from final dataset; criterion-level exclusion reason was not retained
arc53/DocsGPT,1169,https://github.com/arc53/DocsGPT/issues/1169,closed,Exclude,Absent from final dataset; criterion-level exclusion reason was not retained
arc53/DocsGPT,1179,https://github.com/arc53/DocsGPT/issues/1179,closed,Exclude,Absent from final dataset; criterion-level exclusion reason was not retained
arc53/DocsGPT,1181,https://github.com/arc53/DocsGPT/issues/1181,closed,Exclude,Absent from final dataset; criterion-level exclusion reason was not retained
arc53/DocsGPT,1192,https://github.com/arc53/DocsGPT/issues/1192,closed,Exclude,Absent from final dataset; criterion-level exclusion reason was not retained
arc53/DocsGPT,1195,https://github.com/arc53/DocsGPT/issues/1195,closed,Exclude,Absent from final dataset; criterion-level exclusion reason was not retained
arc53/DocsGPT,1201,https://github.com/arc53/DocsGPT/issues/1201,closed,Exclude,Absent from final dataset; criterion-level exclusion reason was not retained
arc53/DocsGPT,1202,https://github.com/arc53/DocsGPT/issues/1202,closed,Exclude,Absent from final dataset; criterion-level exclusion reason was not retained
arc53/DocsGPT,1206,https://github.com/arc53/DocsGPT/issues/1206,closed,Exclude,Absent from final dataset; criterion-level exclusion reason was not retained
arc53/DocsGPT,1208,https://github.com/arc53/DocsGPT/issues/1208,closed,Exclude,Absent from final dataset; criterion-level exclusion reason was not retained
arc53/DocsGPT,1218,https://github.com/arc53/DocsGPT/issues/1218,closed,Exclude,Absent from final dataset; criterion-level exclusion reason was not retained
arc53/DocsGPT,1219,https://github.com/arc53/DocsGPT/issues/1219,closed,Exclude,Absent from final dataset; criterion-level exclusion reason was not retained
arc53/DocsGPT,1220,https://github.com/arc53/DocsGPT/issues/1220,closed,Exclude,Absent from final dataset; criterion-level exclusion reason was not retained
arc53/DocsGPT,1221,https://github.com/arc53/DocsGPT/issues/1221,closed,Exclude,Absent from final dataset; criterion-level exclusion reason was not retained
arc53/DocsGPT,1222,https://github.com/arc53/DocsGPT/issues/1222,closed,Exclude,Absent from final dataset; criterion-level exclusion reason was not retained
arc53/DocsGPT,1223,https://github.com/arc53/DocsGPT/issues/1223,closed,Exclude,Absent from final dataset; criterion-level exclusion reason was not retained
arc53/DocsGPT,1224,https://github.com/arc53/DocsGPT/issues/1224,closed,Exclude,Absent from final dataset; criterion-level exclusion reason was not retained
arc53/DocsGPT,1225,https://github.com/arc53/DocsGPT/issues/1225,closed,Exclude,Absent from final dataset; criterion-level exclusion reason was not retained
arc53/DocsGPT,1226,https://github.com/arc53/DocsGPT/issues/1226,closed,Exclude,Absent from final dataset; criterion-level exclusion reason was not retained
arc53/DocsGPT,1227,https://github.com/arc53/DocsGPT/issues/1227,closed,Exclude,Absent from final dataset; criterion-level exclusion reason was not retained
arc53/DocsGPT,1228,https://github.com/arc53/DocsGPT/issues/1228,closed,Exclude,Absent from final dataset; criterion-level exclusion reason was not retained
arc53/DocsGPT,1229,https://github.com/arc53/DocsGPT/issues/1229,closed,Exclude,Absent from final dataset; criterion-level exclusion reason was not retained
arc53/DocsGPT,1230,https://github.com/arc53/DocsGPT/issues/1230,closed,Exclude,Absent from final dataset; criterion-level exclusion reason was not retained
arc53/DocsGPT,1231,https://github.com/arc53/DocsGPT/issues/1231,closed,Exclude,Absent from final dataset; criterion-level exclusion reason was not retained
arc53/DocsGPT,1232,https://github.com/arc53/DocsGPT/issues/1232,closed,Exclude,Absent from final dataset; criterion-level exclusion reason was not retained
arc53/DocsGPT,1241,https://github.com/arc53/DocsGPT/issues/1241,closed,Exclude,Absent from final dataset; criterion-level exclusion reason was not retained
arc53/DocsGPT,1244,https://github.com/arc53/DocsGPT/issues/1244,closed,Exclude,Absent from final dataset; criterion-level exclusion reason was not retained
arc53/DocsGPT,1250,https://github.com/arc53/DocsGPT/issues/1250,closed,Exclude,Absent from final dataset; criterion-level exclusion reason was not retained
arc53/DocsGPT,1252,https://github.com/arc53/DocsGPT/issues/1252,closed,Exclude,Absent from final dataset; criterion-level exclusion reason was not retained
arc53/DocsGPT,1256,https://github.com/arc53/DocsGPT/issues/1256,closed,Exclude,Absent from final dataset; criterion-level exclusion reason was not retained
arc53/DocsGPT,1260,https://github.com/arc53/DocsGPT/issues/1260,closed,Exclude,Absent from final dataset; criterion-level exclusion reason was not retained
arc53/DocsGPT,1283,https://github.com/arc53/DocsGPT/issues/1283,closed,Exclude,Absent from final dataset; criterion-level exclusion reason was not retained
arc53/DocsGPT,1284,https://github.com/arc53/DocsGPT/issues/1284,closed,Exclude,Absent from final dataset; criterion-level exclusion reason was not retained
arc53/DocsGPT,1285,https://github.com/arc53/DocsGPT/issues/1285,closed,Exclude,Absent from final dataset; criterion-level exclusion reason was not retained
arc53/DocsGPT,1289,https://github.com/arc53/DocsGPT/issues/1289,closed,Exclude,Absent from final dataset; criterion-level exclusion reason was not retained
arc53/DocsGPT,1291,https://github.com/arc53/DocsGPT/issues/1291,closed,Exclude,Absent from final dataset; criterion-level exclusion reason was not retained
arc53/DocsGPT,1293,https://github.com/arc53/DocsGPT/issues/1293,closed,Exclude,Absent from final dataset; criterion-level exclusion reason was not retained
arc53/DocsGPT,1294,https://github.com/arc53/DocsGPT/issues/1294,closed,Exclude,Absent from final dataset; criterion-level exclusion reason was not retained
arc53/DocsGPT,1295,https://github.com/arc53/DocsGPT/issues/1295,closed,Exclude,Absent from final dataset; criterion-level exclusion reason was not retained
arc53/DocsGPT,1296,https://github.com/arc53/DocsGPT/issues/1296,closed,Exclude,Absent from final dataset; criterion-level exclusion reason was not retained
arc53/DocsGPT,1298,https://github.com/arc53/DocsGPT/issues/1298,closed,Exclude,Absent from final dataset; criterion-level exclusion reason was not retained
arc53/DocsGPT,1304,https://github.com/arc53/DocsGPT/issues/1304,closed,Exclude,Absent from final dataset; criterion-level exclusion reason was not retained
arc53/DocsGPT,1310,https://github.com/arc53/DocsGPT/issues/1310,closed,Exclude,Absent from final dataset; criterion-level exclusion reason was not retained
arc53/DocsGPT,1311,https://github.com/arc53/DocsGPT/issues/1311,closed,Exclude,Absent from final dataset; criterion-level exclusion reason was not retained
arc53/DocsGPT,1313,https://github.com/arc53/DocsGPT/issues/1313,closed,Include,Present in released 654-issue dataset
arc53/DocsGPT,1315,https://github.com/arc53/DocsGPT/issues/1315,closed,Exclude,Absent from final dataset; criterion-level exclusion reason was not retained
arc53/DocsGPT,1318,https://github.com/arc53/DocsGPT/issues/1318,closed,Exclude,Absent from final dataset; criterion-level exclusion reason was not retained
arc53/DocsGPT,1327,https://github.com/arc53/DocsGPT/issues/1327,closed,Exclude,Absent from final dataset; criterion-level exclusion reason was not retained
arc53/DocsGPT,1336,https://github.com/arc53/DocsGPT/issues/1336,closed,Exclude,Absent from final dataset; criterion-level exclusion reason was not retained
arc53/DocsGPT,1338,https://github.com/arc53/DocsGPT/issues/1338,closed,Exclude,Absent from final dataset; criterion-level exclusion reason was not retained
arc53/DocsGPT,1340,https://github.com/arc53/DocsGPT/issues/1340,closed,Include,Present in released 654-issue dataset
arc53/DocsGPT,1342,https://github.com/arc53/DocsGPT/issues/1342,closed,Exclude,Absent from final dataset; criterion-level exclusion reason was not retained
arc53/DocsGPT,1348,https://github.com/arc53/DocsGPT/issues/1348,closed,Exclude,Absent from final dataset; criterion-level exclusion reason was not retained
arc53/DocsGPT,1350,https://github.com/arc53/DocsGPT/issues/1350,closed,Exclude,Absent from final dataset; criterion-level exclusion reason was not retained
arc53/DocsGPT,1351,https://github.com/arc53/DocsGPT/issues/1351,closed,Exclude,Absent from final dataset; criterion-level exclusion reason was not retained
arc53/DocsGPT,1353,https://github.com/arc53/DocsGPT/issues/1353,closed,Exclude,Absent from final dataset; criterion-level exclusion reason was not retained
arc53/DocsGPT,1364,https://github.com/arc53/DocsGPT/issues/1364,closed,Exclude,Absent from final dataset; criterion-level exclusion reason was not retained
arc53/DocsGPT,1374,https://github.com/arc53/DocsGPT/issues/1374,closed,Exclude,Absent from final dataset; criterion-level exclusion reason was not retained
arc53/DocsGPT,1387,https://github.com/arc53/DocsGPT/issues/1387,closed,Exclude,Absent from final dataset; criterion-level exclusion reason was not retained
arc53/DocsGPT,1400,https://github.com/arc53/DocsGPT/issues/1400,closed,Include,Present in released 654-issue dataset
arc53/DocsGPT,1417,https://github.com/arc53/DocsGPT/issues/1417,closed,Exclude,Absent from final dataset; criterion-level exclusion reason was not retained
arc53/DocsGPT,1420,https://github.com/arc53/DocsGPT/issues/1420,closed,Exclude,Absent from final dataset; criterion-level exclusion reason was not retained
arc53/DocsGPT,1440,https://github.com/arc53/DocsGPT/issues/1440,closed,Exclude,Absent from final dataset; criterion-level exclusion reason was not retained
arc53/DocsGPT,1445,https://github.com/arc53/DocsGPT/issues/1445,closed,Exclude,Absent from final dataset; criterion-level exclusion reason was not retained
arc53/DocsGPT,1481,https://github.com/arc53/DocsGPT/issues/1481,closed,Exclude,Absent from final dataset; criterion-level exclusion reason was not retained
arc53/DocsGPT,1482,https://github.com/arc53/DocsGPT/issues/1482,closed,Exclude,Absent from final dataset; criterion-level exclusion reason was not retained
arc53/DocsGPT,1505,https://github.com/arc53/DocsGPT/issues/1505,closed,Exclude,Absent from final dataset; criterion-level exclusion reason was not retained
arc53/DocsGPT,1511,https://github.com/arc53/DocsGPT/issues/1511,closed,Exclude,Absent from final dataset; criterion-level exclusion reason was not retained
arc53/DocsGPT,1513,https://github.com/arc53/DocsGPT/issues/1513,closed,Exclude,Absent from final dataset; criterion-level exclusion reason was not retained
arc53/DocsGPT,1515,https://github.com/arc53/DocsGPT/issues/1515,closed,Exclude,Absent from final dataset; criterion-level exclusion reason was not retained
arc53/DocsGPT,1526,https://github.com/arc53/DocsGPT/issues/1526,closed,Exclude,Absent from final dataset; criterion-level exclusion reason was not retained
arc53/DocsGPT,1602,https://github.com/arc53/DocsGPT/issues/1602,closed,Exclude,Absent from final dataset; criterion-level exclusion reason was not retained
arc53/DocsGPT,1633,https://github.com/arc53/DocsGPT/issues/1633,closed,Exclude,Absent from final dataset; criterion-level exclusion reason was not retained
arc53/DocsGPT,1661,https://github.com/arc53/DocsGPT/issues/1661,closed,Exclude,Absent from final dataset; criterion-level exclusion reason was not retained
arc53/DocsGPT,1688,https://github.com/arc53/DocsGPT/issues/1688,closed,Exclude,Absent from final dataset; criterion-level exclusion reason was not retained
arc53/DocsGPT,1691,https://github.com/arc53/DocsGPT/issues/1691,closed,Exclude,Absent from final dataset; criterion-level exclusion reason was not retained
arc53/DocsGPT,1697,https://github.com/arc53/DocsGPT/issues/1697,closed,Include,Present in released 654-issue dataset
arc53/DocsGPT,1699,https://github.com/arc53/DocsGPT/issues/1699,closed,Include,Present in released 654-issue dataset
arc53/DocsGPT,1717,https://github.com/arc53/DocsGPT/issues/1717,closed,Exclude,Absent from final dataset; criterion-level exclusion reason was not retained
arc53/DocsGPT,1727,https://github.com/arc53/DocsGPT/issues/1727,closed,Exclude,Absent from final dataset; criterion-level exclusion reason was not retained
arc53/DocsGPT,1769,https://github.com/arc53/DocsGPT/issues/1769,closed,Exclude,Absent from final dataset; criterion-level exclusion reason was not retained
arc53/DocsGPT,1776,https://github.com/arc53/DocsGPT/issues/1776,closed,Exclude,Absent from final dataset; criterion-level exclusion reason was not retained
arc53/DocsGPT,1779,https://github.com/arc53/DocsGPT/issues/1779,closed,Exclude,Absent from final dataset; criterion-level exclusion reason was not retained
arc53/DocsGPT,1780,https://github.com/arc53/DocsGPT/issues/1780,closed,Exclude,Absent from final dataset; criterion-level exclusion reason was not retained
arc53/DocsGPT,1835,https://github.com/arc53/DocsGPT/issues/1835,closed,Exclude,Absent from final dataset; criterion-level exclusion reason was not retained
arc53/DocsGPT,1854,https://github.com/arc53/DocsGPT/issues/1854,closed,Exclude,Absent from final dataset; criterion-level exclusion reason was not retained
arc53/DocsGPT,1877,https://github.com/arc53/DocsGPT/issues/1877,closed,Exclude,Absent from final dataset; criterion-level exclusion reason was not retained
arc53/DocsGPT,1878,https://github.com/arc53/DocsGPT/issues/1878,closed,Exclude,Absent from final dataset; criterion-level exclusion reason was not retained
arc53/DocsGPT,1880,https://github.com/arc53/DocsGPT/issues/1880,closed,Exclude,Absent from final dataset; criterion-level exclusion reason was not retained
arc53/DocsGPT,1888,https://github.com/arc53/DocsGPT/issues/1888,closed,Exclude,Absent from final dataset; criterion-level exclusion reason was not retained
OSU-NLP-Group/HippoRAG,3,https://github.com/OSU-NLP-Group/HippoRAG/issues/3,closed,Exclude,Absent from final dataset; criterion-level exclusion reason was not retained
OSU-NLP-Group/HippoRAG,5,https://github.com/OSU-NLP-Group/HippoRAG/issues/5,closed,Exclude,Absent from final dataset; criterion-level exclusion reason was not retained
OSU-NLP-Group/HippoRAG,6,https://github.com/OSU-NLP-Group/HippoRAG/issues/6,closed,Include,Present in released 654-issue dataset
OSU-NLP-Group/HippoRAG,7,https://github.com/OSU-NLP-Group/HippoRAG/issues/7,closed,Exclude,Absent from final dataset; criterion-level exclusion reason was not retained
OSU-NLP-Group/HippoRAG,8,https://github.com/OSU-NLP-Group/HippoRAG/issues/8,closed,Exclude,Absent from final dataset; criterion-level exclusion reason was not retained
OSU-NLP-Group/HippoRAG,10,https://github.com/OSU-NLP-Group/HippoRAG/issues/10,closed,Exclude,Absent from final dataset; criterion-level exclusion reason was not retained
OSU-NLP-Group/HippoRAG,15,https://github.com/OSU-NLP-Group/HippoRAG/issues/15,closed,Include,Present in released 654-issue dataset
OSU-NLP-Group/HippoRAG,20,https://github.com/OSU-NLP-Group/HippoRAG/issues/20,closed,Exclude,Absent from final dataset; criterion-level exclusion reason was not retained
OSU-NLP-Group/HippoRAG,22,https://github.com/OSU-NLP-Group/HippoRAG/issues/22,closed,Exclude,Absent from final dataset; criterion-level exclusion reason was not retained
OSU-NLP-Group/HippoRAG,24,https://github.com/OSU-NLP-Group/HippoRAG/issues/24,closed,Exclude,Absent from final dataset; criterion-level exclusion reason was not retained
OSU-NLP-Group/HippoRAG,25,https://github.com/OSU-NLP-Group/HippoRAG/issues/25,closed,Exclude,Absent from final dataset; criterion-level exclusion reason was not retained
OSU-NLP-Group/HippoRAG,31,https://github.com/OSU-NLP-Group/HippoRAG/issues/31,closed,Include,Present in released 654-issue dataset
OSU-NLP-Group/HippoRAG,35,https://github.com/OSU-NLP-Group/HippoRAG/issues/35,closed,Exclude,Absent from final dataset; criterion-level exclusion reason was not retained
OSU-NLP-Group/HippoRAG,37,https://github.com/OSU-NLP-Group/HippoRAG/issues/37,closed,Exclude,Absent from final dataset; criterion-level exclusion reason was not retained
OSU-NLP-Group/HippoRAG,38,https://github.com/OSU-NLP-Group/HippoRAG/issues/38,closed,Exclude,Absent from final dataset; criterion-level exclusion reason was not retained
OSU-NLP-Group/HippoRAG,42,https://github.com/OSU-NLP-Group/HippoRAG/issues/42,closed,Exclude,Absent from final dataset; criterion-level exclusion reason was not retained
OSU-NLP-Group/HippoRAG,43,https://github.com/OSU-NLP-Group/HippoRAG/issues/43,closed,Exclude,Absent from final dataset; criterion-level exclusion reason was not retained
OSU-NLP-Group/HippoRAG,44,https://github.com/OSU-NLP-Group/HippoRAG/issues/44,closed,Exclude,Absent from final dataset; criterion-level exclusion reason was not retained
OSU-NLP-Group/HippoRAG,47,https://github.com/OSU-NLP-Group/HippoRAG/issues/47,closed,Exclude,Absent from final dataset; criterion-level exclusion reason was not retained
OSU-NLP-Group/HippoRAG,48,https://github.com/OSU-NLP-Group/HippoRAG/issues/48,closed,Exclude,Absent from final dataset; criterion-level exclusion reason was not retained
OSU-NLP-Group/HippoRAG,49,https://github.com/OSU-NLP-Group/HippoRAG/issues/49,closed,Exclude,Absent from final dataset; criterion-level exclusion reason was not retained
OSU-NLP-Group/HippoRAG,50,https://github.com/OSU-NLP-Group/HippoRAG/issues/50,closed,Exclude,Absent from final dataset; criterion-level exclusion reason was not retained
OSU-NLP-Group/HippoRAG,51,https://github.com/OSU-NLP-Group/HippoRAG/issues/51,closed,Exclude,Absent from final dataset; criterion-level exclusion reason was not retained
OSU-NLP-Group/HippoRAG,52,https://github.com/OSU-NLP-Group/HippoRAG/issues/52,closed,Exclude,Absent from final dataset; criterion-level exclusion reason was not retained
OSU-NLP-Group/HippoRAG,53,https://github.com/OSU-NLP-Group/HippoRAG/issues/53,closed,Include,Present in released 654-issue dataset
OSU-NLP-Group/HippoRAG,54,https://github.com/OSU-NLP-Group/HippoRAG/issues/54,closed,Exclude,Absent from final dataset; criterion-level exclusion reason was not retained
OSU-NLP-Group/HippoRAG,55,https://github.com/OSU-NLP-Group/HippoRAG/issues/55,closed,Exclude,Absent from final dataset; criterion-level exclusion reason was not retained
OSU-NLP-Group/HippoRAG,56,https://github.com/OSU-NLP-Group/HippoRAG/issues/56,closed,Exclude,Absent from final dataset; criterion-level exclusion reason was not retained
OSU-NLP-Group/HippoRAG,64,https://github.com/OSU-NLP-Group/HippoRAG/issues/64,closed,Exclude,Absent from final dataset; criterion-level exclusion reason was not retained
OSU-NLP-Group/HippoRAG,65,https://github.com/OSU-NLP-Group/HippoRAG/issues/65,closed,Exclude,Absent from final dataset; criterion-level exclusion reason was not retained
OSU-NLP-Group/HippoRAG,66,https://github.com/OSU-NLP-Group/HippoRAG/issues/66,closed,Exclude,Absent from final dataset; criterion-level exclusion reason was not retained
OSU-NLP-Group/HippoRAG,67,https://github.com/OSU-NLP-Group/HippoRAG/issues/67,closed,Exclude,Absent from final dataset; criterion-level exclusion reason was not retained
OSU-NLP-Group/HippoRAG,68,https://github.com/OSU-NLP-Group/HippoRAG/issues/68,closed,Exclude,Absent from final dataset; criterion-level exclusion reason was not retained
OSU-NLP-Group/HippoRAG,69,https://github.com/OSU-NLP-Group/HippoRAG/issues/69,closed,Exclude,Absent from final dataset; criterion-level exclusion reason was not retained
OSU-NLP-Group/HippoRAG,71,https://github.com/OSU-NLP-Group/HippoRAG/issues/71,closed,Exclude,Absent from final dataset; criterion-level exclusion reason was not retained
OSU-NLP-Group/HippoRAG,73,https://github.com/OSU-NLP-Group/HippoRAG/issues/73,closed,Exclude,Absent from final dataset; criterion-level exclusion reason was not retained
OSU-NLP-Group/HippoRAG,74,https://github.com/OSU-NLP-Group/HippoRAG/issues/74,closed,Exclude,Absent from final dataset; criterion-level exclusion reason was not retained
OSU-NLP-Group/HippoRAG,75,https://github.com/OSU-NLP-Group/HippoRAG/issues/75,closed,Exclude,Absent from final dataset; criterion-level exclusion reason was not retained
OSU-NLP-Group/HippoRAG,76,https://github.com/OSU-NLP-Group/HippoRAG/issues/76,closed,Include,Present in released 654-issue dataset
OSU-NLP-Group/HippoRAG,77,https://github.com/OSU-NLP-Group/HippoRAG/issues/77,closed,Exclude,Absent from final dataset; criterion-level exclusion reason was not retained
OSU-NLP-Group/HippoRAG,79,https://github.com/OSU-NLP-Group/HippoRAG/issues/79,closed,Exclude,Absent from final dataset; criterion-level exclusion reason was not retained
OSU-NLP-Group/HippoRAG,80,https://github.com/OSU-NLP-Group/HippoRAG/issues/80,closed,Exclude,Absent from final dataset; criterion-level exclusion reason was not retained
OSU-NLP-Group/HippoRAG,81,https://github.com/OSU-NLP-Group/HippoRAG/issues/81,closed,Exclude,Absent from final dataset; criterion-level exclusion reason was not retained
OSU-NLP-Group/HippoRAG,83,https://github.com/OSU-NLP-Group/HippoRAG/issues/83,closed,Exclude,Absent from final dataset; criterion-level exclusion reason was not retained
OSU-NLP-Group/HippoRAG,84,https://github.com/OSU-NLP-Group/HippoRAG/issues/84,closed,Exclude,Absent from final dataset; criterion-level exclusion reason was not retained
OSU-NLP-Group/HippoRAG,85,https://github.com/OSU-NLP-Group/HippoRAG/issues/85,closed,Exclude,Absent from final dataset; criterion-level exclusion reason was not retained
OSU-NLP-Group/HippoRAG,86,https://github.com/OSU-NLP-Group/HippoRAG/issues/86,closed,Exclude,Absent from final dataset; criterion-level exclusion reason was not retained
OSU-NLP-Group/HippoRAG,87,https://github.com/OSU-NLP-Group/HippoRAG/issues/87,closed,Exclude,Absent from final dataset; criterion-level exclusion reason was not retained
OSU-NLP-Group/HippoRAG,88,https://github.com/OSU-NLP-Group/HippoRAG/issues/88,closed,Exclude,Absent from final dataset; criterion-level exclusion reason was not retained
OSU-NLP-Group/HippoRAG,90,https://github.com/OSU-NLP-Group/HippoRAG/issues/90,closed,Exclude,Absent from final dataset; criterion-level exclusion reason was not retained
OSU-NLP-Group/HippoRAG,91,https://github.com/OSU-NLP-Group/HippoRAG/issues/91,closed,Exclude,Absent from final dataset; criterion-level exclusion reason was not retained
OSU-NLP-Group/HippoRAG,92,https://github.com/OSU-NLP-Group/HippoRAG/issues/92,closed,Exclude,Absent from final dataset; criterion-level exclusion reason was not retained
OSU-NLP-Group/HippoRAG,93,https://github.com/OSU-NLP-Group/HippoRAG/issues/93,closed,Exclude,Absent from final dataset; criterion-level exclusion reason was not retained
OSU-NLP-Group/HippoRAG,94,https://github.com/OSU-NLP-Group/HippoRAG/issues/94,closed,Exclude,Absent from final dataset; criterion-level exclusion reason was not retained
OSU-NLP-Group/HippoRAG,95,https://github.com/OSU-NLP-Group/HippoRAG/issues/95,closed,Exclude,Absent from final dataset; criterion-level exclusion reason was not retained
OSU-NLP-Group/HippoRAG,96,https://github.com/OSU-NLP-Group/HippoRAG/issues/96,closed,Exclude,Absent from final dataset; criterion-level exclusion reason was not retained
OSU-NLP-Group/HippoRAG,98,https://github.com/OSU-NLP-Group/HippoRAG/issues/98,closed,Exclude,Absent from final dataset; criterion-level exclusion reason was not retained
OSU-NLP-Group/HippoRAG,100,https://github.com/OSU-NLP-Group/HippoRAG/issues/100,closed,Exclude,Absent from final dataset; criterion-level exclusion reason was not retained
OSU-NLP-Group/HippoRAG,102,https://github.com/OSU-NLP-Group/HippoRAG/issues/102,closed,Exclude,Absent from final dataset; criterion-level exclusion reason was not retained
OSU-NLP-Group/HippoRAG,104,https://github.com/OSU-NLP-Group/HippoRAG/issues/104,closed,Exclude,Absent from final dataset; criterion-level exclusion reason was not retained
OSU-NLP-Group/HippoRAG,105,https://github.com/OSU-NLP-Group/HippoRAG/issues/105,closed,Exclude,Absent from final dataset; criterion-level exclusion reason was not retained
OSU-NLP-Group/HippoRAG,106,https://github.com/OSU-NLP-Group/HippoRAG/issues/106,closed,Exclude,Absent from final dataset; criterion-level exclusion reason was not retained
OSU-NLP-Group/HippoRAG,110,https://github.com/OSU-NLP-Group/HippoRAG/issues/110,closed,Exclude,Absent from final dataset; criterion-level exclusion reason was not retained
OSU-NLP-Group/HippoRAG,111,https://github.com/OSU-NLP-Group/HippoRAG/issues/111,closed,Exclude,Absent from final dataset; criterion-level exclusion reason was not retained
OSU-NLP-Group/HippoRAG,112,https://github.com/OSU-NLP-Group/HippoRAG/issues/112,closed,Exclude,Absent from final dataset; criterion-level exclusion reason was not retained
OSU-NLP-Group/HippoRAG,114,https://github.com/OSU-NLP-Group/HippoRAG/issues/114,closed,Exclude,Absent from final dataset; criterion-level exclusion reason was not retained
OSU-NLP-Group/HippoRAG,118,https://github.com/OSU-NLP-Group/HippoRAG/issues/118,closed,Exclude,Absent from final dataset; criterion-level exclusion reason was not retained
OSU-NLP-Group/HippoRAG,119,https://github.com/OSU-NLP-Group/HippoRAG/issues/119,closed,Exclude,Absent from final dataset; criterion-level exclusion reason was not retained
OSU-NLP-Group/HippoRAG,121,https://github.com/OSU-NLP-Group/HippoRAG/issues/121,closed,Include,Present in released 654-issue dataset
OSU-NLP-Group/HippoRAG,123,https://github.com/OSU-NLP-Group/HippoRAG/issues/123,closed,Include,Present in released 654-issue dataset
OSU-NLP-Group/HippoRAG,127,https://github.com/OSU-NLP-Group/HippoRAG/issues/127,closed,Exclude,Absent from final dataset; criterion-level exclusion reason was not retained
OSU-NLP-Group/HippoRAG,128,https://github.com/OSU-NLP-Group/HippoRAG/issues/128,closed,Exclude,Absent from final dataset; criterion-level exclusion reason was not retained
OSU-NLP-Group/HippoRAG,130,https://github.com/OSU-NLP-Group/HippoRAG/issues/130,closed,Exclude,Absent from final dataset; criterion-level exclusion reason was not retained
OSU-NLP-Group/HippoRAG,139,https://github.com/OSU-NLP-Group/HippoRAG/issues/139,closed,Exclude,Absent from final dataset; criterion-level exclusion reason was not retained
OSU-NLP-Group/HippoRAG,147,https://github.com/OSU-NLP-Group/HippoRAG/issues/147,closed,Exclude,Absent from final dataset; criterion-level exclusion reason was not retained
